,Employed total ;  Persons ;,Employed total ;  Persons ;,Employed total ;  Persons ;,Employed total ;  > Males ;,Employed total ;  > Males ;,Employed total ;  > Males ;,Employed total ;  > Females ;,Employed total ;  > Females ;,Employed total ;  > Females ;,> Employed full-time ;  Persons ;,> Employed full-time ;  Persons ;,> Employed full-time ;  Persons ;,> Employed full-time ;  > Males ;,> Employed full-time ;  > Males ;,> Employed full-time ;  > Males ;,> Employed full-time ;  > Females ;,> Employed full-time ;  > Females ;,> Employed full-time ;  > Females ;,> Employed part-time ;  Persons ;,> Employed part-time ;  Persons ;,> Employed part-time ;  Persons ;,> Employed part-time ;  > Males ;,> Employed part-time ;  > Males ;,> Employed part-time ;  > Males ;,> Employed part-time ;  > Females ;,> Employed part-time ;  > Females ;,> Employed part-time ;  > Females ;,Employment to population ratio ;  Persons ;,Employment to population ratio ;  Persons ;,Employment to population ratio ;  Persons ;,Employment to population ratio ;  > Males ;,Employment to population ratio ;  > Males ;,Employment to population ratio ;  > Males ;,Employment to population ratio ;  > Females ;,Employment to population ratio ;  > Females ;,Employment to population ratio ;  > Females ;,Unemployed total ;  Persons ;,Unemployed total ;  Persons ;,Unemployed total ;  Persons ;,Unemployed total ;  > Males ;,Unemployed total ;  > Males ;,Unemployed total ;  > Males ;,Unemployed total ;  > Females ;,Unemployed total ;  > Females ;,Unemployed total ;  > Females ;,> Unemployed looked for full-time work ;  Persons ;,> Unemployed looked for full-time work ;  Persons ;,> Unemployed looked for full-time work ;  Persons ;,> Unemployed looked for full-time work ;  > Males ;,> Unemployed looked for full-time work ;  > Males ;,> Unemployed looked for full-time work ;  > Males ;,> Unemployed looked for full-time work ;  > Females ;,> Unemployed looked for full-time work ;  > Females ;,> Unemployed looked for full-time work ;  > Females ;,> Unemployed looked for only part-time work ;  Persons ;,> Unemployed looked for only part-time work ;  Persons ;,> Unemployed looked for only part-time work ;  Persons ;,> Unemployed looked for only part-time work ;  > Males ;,> Unemployed looked for only part-time work ;  > Males ;,> Unemployed looked for only part-time work ;  > Males ;,> Unemployed looked for only part-time work ;  > Females ;,> Unemployed looked for only part-time work ;  > Females ;,> Unemployed looked for only part-time work ;  > Females ;,Unemployment rate ;  Persons ;,Unemployment rate ;  Persons ;,Unemployment rate ;  Persons ;,Unemployment rate ;  > Males ;,Unemployment rate ;  > Males ;,Unemployment rate ;  > Males ;,Unemployment rate ;  > Females ;,Unemployment rate ;  > Females ;,Unemployment rate ;  > Females ;,> Unemployment rate looked for full-time work ;  Persons ;,> Unemployment rate looked for full-time work ;  Persons ;,> Unemployment rate looked for full-time work ;  Persons ;,> Unemployment rate looked for full-time work ;  > Males ;,> Unemployment rate looked for full-time work ;  > Males ;,> Unemployment rate looked for full-time work ;  > Males ;,> Unemployment rate looked for full-time work ;  > Females ;,> Unemployment rate looked for full-time work ;  > Females ;,> Unemployment rate looked for full-time work ;  > Females ;,> Unemployment rate looked for only part-time work ;  Persons ;,> Unemployment rate looked for only part-time work ;  Persons ;,> Unemployment rate looked for only part-time work ;  Persons ;,> Unemployment rate looked for only part-time work ;  > Males ;,> Unemployment rate looked for only part-time work ;  > Males ;,> Unemployment rate looked for only part-time work ;  > Males ;,> Unemployment rate looked for only part-time work ;  > Females ;,> Unemployment rate looked for only part-time work ;  > Females ;,> Unemployment rate looked for only part-time work ;  > Females ;,Labour force total ;  Persons ;,Labour force total ;  Persons ;,Labour force total ;  Persons ;,Labour force total ;  > Males ;,Labour force total ;  > Males ;,Labour force total ;  > Males ;,Labour force total ;  > Females ;,Labour force total ;  > Females ;,Labour force total ;  > Females ;,Participation rate ;  Persons ;,Participation rate ;  Persons ;,Participation rate ;  Persons ;,Participation rate ;  > Males ;,Participation rate ;  > Males ;,Participation rate ;  > Males ;,Participation rate ;  > Females ;,Participation rate ;  > Females ;,Participation rate ;  > Females ;,Not in the labour force (NILF) ;  Persons ;,Not in the labour force (NILF) ;  > Males ;,Not in the labour force (NILF) ;  > Females ;,Civilian population aged 15 years and over ;  Persons ;,Civilian population aged 15 years and over ;  > Males ;,Civilian population aged 15 years and over ;  > Females ;
Unit,000,000,000,000,000,000,000,000,000,000,000,000,000,000,000,000,000,000,000,000,000,000,000,000,000,000,000,Percent,Percent,Percent,Percent,Percent,Percent,Percent,Percent,Percent,000,000,000,000,000,000,000,000,000,000,000,000,000,000,000,000,000,000,000,000,000,000,000,000,000,000,000,Percent,Percent,Percent,Percent,Percent,Percent,Percent,Percent,Percent,Percent,Percent,Percent,Percent,Percent,Percent,Percent,Percent,Percent,Percent,Percent,Percent,Percent,Percent,Percent,Percent,Percent,Percent,000,000,000,000,000,000,000,000,000,Percent,Percent,Percent,Percent,Percent,Percent,Percent,Percent,Percent,000,000,000,000,000,000
Series Type,Trend,Seasonally Adjusted,Original,Trend,Seasonally Adjusted,Original,Trend,Seasonally Adjusted,Original,Trend,Seasonally Adjusted,Original,Trend,Seasonally Adjusted,Original,Trend,Seasonally Adjusted,Original,Trend,Seasonally Adjusted,Original,Trend,Seasonally Adjusted,Original,Trend,Seasonally Adjusted,Original,Trend,Seasonally Adjusted,Original,Trend,Seasonally Adjusted,Original,Trend,Seasonally Adjusted,Original,Trend,Seasonally Adjusted,Original,Trend,Seasonally Adjusted,Original,Trend,Seasonally Adjusted,Original,Trend,Seasonally Adjusted,Original,Trend,Seasonally Adjusted,Original,Trend,Seasonally Adjusted,Original,Trend,Seasonally Adjusted,Original,Trend,Seasonally Adjusted,Original,Trend,Seasonally Adjusted,Original,Trend,Seasonally Adjusted,Original,Trend,Seasonally Adjusted,Original,Trend,Seasonally Adjusted,Original,Trend,Seasonally Adjusted,Original,Trend,Seasonally Adjusted,Original,Trend,Seasonally Adjusted,Original,Trend,Seasonally Adjusted,Original,Trend,Seasonally Adjusted,Original,Trend,Seasonally Adjusted,Original,Trend,Seasonally Adjusted,Original,Trend,Seasonally Adjusted,Original,Trend,Seasonally Adjusted,Original,Trend,Seasonally Adjusted,Original,Trend,Seasonally Adjusted,Original,Trend,Seasonally Adjusted,Original,Original,Original,Original,Original,Original,Original
Data Type,STOCK,STOCK,STOCK,STOCK,STOCK,STOCK,STOCK,STOCK,STOCK,STOCK,STOCK,STOCK,STOCK,STOCK,STOCK,STOCK,STOCK,STOCK,STOCK,STOCK,STOCK,STOCK,STOCK,STOCK,STOCK,STOCK,STOCK,PERCENT,PERCENT,PERCENT,PERCENT,PERCENT,PERCENT,PERCENT,PERCENT,PERCENT,STOCK,STOCK,STOCK,STOCK,STOCK,STOCK,STOCK,STOCK,STOCK,STOCK,STOCK,STOCK,STOCK,STOCK,STOCK,STOCK,STOCK,STOCK,STOCK,STOCK,STOCK,STOCK,STOCK,STOCK,STOCK,STOCK,STOCK,PERCENT,PERCENT,PERCENT,PERCENT,PERCENT,PERCENT,PERCENT,PERCENT,PERCENT,PERCENT,PERCENT,PERCENT,PERCENT,PERCENT,PERCENT,PERCENT,PERCENT,PERCENT,PERCENT,PERCENT,PERCENT,PERCENT,PERCENT,PERCENT,PERCENT,PERCENT,PERCENT,STOCK,STOCK,STOCK,STOCK,STOCK,STOCK,STOCK,STOCK,STOCK,PERCENT,PERCENT,PERCENT,PERCENT,PERCENT,PERCENT,PERCENT,PERCENT,PERCENT,STOCK,STOCK,STOCK,STOCK,STOCK,STOCK
Frequency,Month,Month,Month,Month,Month,Month,Month,Month,Month,Month,Month,Month,Month,Month,Month,Month,Month,Month,Month,Month,Month,Month,Month,Month,Month,Month,Month,Month,Month,Month,Month,Month,Month,Month,Month,Month,Month,Month,Month,Month,Month,Month,Month,Month,Month,Month,Month,Month,Month,Month,Month,Month,Month,Month,Month,Month,Month,Month,Month,Month,Month,Month,Month,Month,Month,Month,Month,Month,Month,Month,Month,Month,Month,Month,Month,Month,Month,Month,Month,Month,Month,Month,Month,Month,Month,Month,Month,Month,Month,Month,Month,Month,Month,Month,Month,Month,Month,Month,Month,Month,Month,Month,Month,Month,Month,Month,Month,Month,Month,Month,Month,Month,Month,Month
Collection Month,1,1,1,1,1,1,1,1,1,1,1,1,1,1,1,1,1,1,1,1,1,1,1,1,1,1,1,1,1,1,1,1,1,1,1,1,1,1,1,1,1,1,1,1,1,1,1,1,1,1,1,1,1,1,1,1,1,1,1,1,1,1,1,1,1,1,1,1,1,1,1,1,1,1,1,1,1,1,1,1,1,1,1,1,1,1,1,1,1,1,1,1,1,1,1,1,1,1,1,1,1,1,1,1,1,1,1,1,1,1,1,1,1,1
Series Start,1978-02-01,1978-02-01,1978-02-01,1978-02-01,1978-02-01,1978-02-01,1978-02-01,1978-02-01,1978-02-01,1978-02-01,1978-02-01,1978-02-01,1978-02-01,1978-02-01,1978-02-01,1978-02-01,1978-02-01,1978-02-01,1978-02-01,1978-02-01,1978-02-01,1978-02-01,1978-02-01,1978-02-01,1978-02-01,1978-02-01,1978-02-01,1978-02-01,1978-02-01,1978-02-01,1978-02-01,1978-02-01,1978-02-01,1978-02-01,1978-02-01,1978-02-01,1978-02-01,1978-02-01,1978-02-01,1978-02-01,1978-02-01,1978-02-01,1978-02-01,1978-02-01,1978-02-01,1978-02-01,1978-02-01,1978-02-01,1978-02-01,1978-02-01,1978-02-01,1978-02-01,1978-02-01,1978-02-01,1978-02-01,1978-02-01,1978-02-01,1978-02-01,1978-02-01,1978-02-01,1978-02-01,1978-02-01,1978-02-01,1978-02-01,1978-02-01,1978-02-01,1978-02-01,1978-02-01,1978-02-01,1978-02-01,1978-02-01,1978-02-01,1978-02-01,1978-02-01,1978-02-01,1978-02-01,1978-02-01,1978-02-01,1978-02-01,1978-02-01,1978-02-01,1978-02-01,1978-02-01,1978-02-01,1978-02-01,1978-02-01,1978-02-01,1978-02-01,1978-02-01,1978-02-01,1978-02-01,1978-02-01,1978-02-01,1978-02-01,1978-02-01,1978-02-01,1978-02-01,1978-02-01,1978-02-01,1978-02-01,1978-02-01,1978-02-01,1978-02-01,1978-02-01,1978-02-01,1978-02-01,1978-02-01,1978-02-01,1978-02-01,1978-02-01,1978-02-01,1978-02-01,1978-02-01,1978-02-01
Series End,2026-06-01,2026-06-01,2026-06-01,2026-06-01,2026-06-01,2026-06-01,2026-06-01,2026-06-01,2026-06-01,2026-06-01,2026-06-01,2026-06-01,2026-06-01,2026-06-01,2026-06-01,2026-06-01,2026-06-01,2026-06-01,2026-06-01,2026-06-01,2026-06-01,2026-06-01,2026-06-01,2026-06-01,2026-06-01,2026-06-01,2026-06-01,2026-06-01,2026-06-01,2026-06-01,2026-06-01,2026-06-01,2026-06-01,2026-06-01,2026-06-01,2026-06-01,2026-06-01,2026-06-01,2026-06-01,2026-06-01,2026-06-01,2026-06-01,2026-06-01,2026-06-01,2026-06-01,2026-06-01,2026-06-01,2026-06-01,2026-06-01,2026-06-01,2026-06-01,2026-06-01,2026-06-01,2026-06-01,2026-06-01,2026-06-01,2026-06-01,2026-06-01,2026-06-01,2026-06-01,2026-06-01,2026-06-01,2026-06-01,2026-06-01,2026-06-01,2026-06-01,2026-06-01,2026-06-01,2026-06-01,2026-06-01,2026-06-01,2026-06-01,2026-06-01,2026-06-01,2026-06-01,2026-06-01,2026-06-01,2026-06-01,2026-06-01,2026-06-01,2026-06-01,2026-06-01,2026-06-01,2026-06-01,2026-06-01,2026-06-01,2026-06-01,2026-06-01,2026-06-01,2026-06-01,2026-06-01,2026-06-01,2026-06-01,2026-06-01,2026-06-01,2026-06-01,2026-06-01,2026-06-01,2026-06-01,2026-06-01,2026-06-01,2026-06-01,2026-06-01,2026-06-01,2026-06-01,2026-06-01,2026-06-01,2026-06-01,2026-06-01,2026-06-01,2026-06-01,2026-06-01,2026-06-01,2026-06-01
No. Obs,581,581,581,581,581,581,581,581,581,581,581,581,581,581,581,581,581,581,581,581,581,581,581,581,581,581,581,581,581,581,581,581,581,581,581,581,581,581,581,581,581,581,581,581,581,581,581,581,581,581,581,581,581,581,581,581,581,581,581,581,581,581,581,581,581,581,581,581,581,581,581,581,581,581,581,581,581,581,581,581,581,581,581,581,581,581,581,581,581,581,581,581,581,581,581,581,581,581,581,581,581,581,581,581,581,581,581,581,581,581,581,581,581,581
Series ID,A84423127L,A84423043C,A84423085A,A84423113X,A84423029J,A84423071L,A84423141J,A84423057T,A84423099R,A84423125J,A84423041X,A84423083W,A84423111V,A84423027C,A84423069A,A84423139W,A84423055L,A84423097K,A84423126K,A84423042A,A84423084X,A84423112W,A84423028F,A84423070K,A84423140F,A84423056R,A84423098L,A84423138V,A84423054K,A84423096J,A84423124F,A84423040W,A84423082V,A84423152R,A84423068X,A84423110T,A84423130A,A84423046K,A84423088J,A84423116F,A84423032W,A84423074V,A84423144R,A84423060F,A84423102T,A84423128R,A84423044F,A84423086C,A84423114A,A84423030T,A84423072R,A84423142K,A84423058V,A84423100L,A84423129T,A84423045J,A84423087F,A84423115C,A84423031V,A84423073T,A84423143L,A84423059W,A84423101R,A84423134K,A84423050A,A84423092X,A84423120W,A84423036F,A84423078C,A84423148X,A84423064R,A84423106A,A84423136R,A84423052F,A84423094C,A84423122A,A84423038K,A84423080R,A84423150K,A84423066V,A84423108F,A84423137T,A84423053J,A84423095F,A84423123C,A84423039L,A84423081T,A84423151L,A84423067W,A84423109J,A84423131C,A84423047L,A84423089K,A84423117J,A84423033X,A84423075W,A84423145T,A84423061J,A84423103V,A84423135L,A84423051C,A84423093A,A84423121X,A84423037J,A84423079F,A84423149A,A84423065T,A84423107C,A84423090V,A84423076X,A84423104W,A84423091W,A84423077A,A84423105X
1978-02-01,6007.9427128,5997.4214758,5985.6597158,3889.2718989,3881.0102891,3887.3879822,2118.6708139,2116.4111867,2098.2717336,5103.1276896,5079.3132334,5099.920902,3698.6292822,3679.8098856,3698.6077314,1404.4984073,1399.5033478,1401.3131706,904.8150233,918.1082424,885.7388138,190.6426167,201.2004035,188.7802508,714.1724066,716.9078389,696.958563,57.2654972,57.1764021,57.0642714,75.1503547,75.0156335,75.1389073,39.8506481,39.8141362,39.472895,404.2153625,426.8765502,482.8168132,220.1535893,231.3623883,256.4224198,184.0617732,195.5141619,226.3943934,336.2782786,354.7594456,401.0256138,203.0717303,211.9923315,237.0554411,133.2065483,142.767114,163.9701727,67.9370839,72.1171046,81.7911994,17.081859,19.3700567,19.3669787,50.8552249,52.7470479,62.4242207,6.3038895,6.644719,7.4641503,5.3572839,5.6260073,6.1880828,7.9931892,8.4567679,9.7387918,6.1822611,6.5284266,7.2901202,5.2046974,5.4471507,6.0232655,8.6626858,9.2569441,10.4754308,6.9840079,7.2828983,8.4536085,8.2233251,8.7818,9.3044614,6.6475017,6.8533376,8.2203892,6412.1580753,6424.298026,6468.476529,4109.4254882,4112.3726774,4143.810402,2302.7325871,2311.9253486,2324.666127,61.1183291,61.2460286,61.6672042,79.4042667,79.4876124,80.0952688,43.3127154,43.4921679,43.7318487,4020.8534365,1029.7915622,2991.0618743,10489.3299655,5173.6019642,5315.7280013
1978-03-01,6014.9034751,6002.8752958,6040.560795,3887.3842585,3884.5309918,3900.648274,2127.5192166,2118.3443039,2139.912522,5104.9525928,5095.0570902,5118.051614,3694.5860545,3691.185329,3705.315922,1410.3665383,1403.8717612,1412.735692,909.9508823,907.8182055,922.5091813,192.798204,193.3456628,195.3323517,717.1526783,714.4725428,727.1768296,57.2591091,57.1232317,57.4818461,75.0265542,74.9497538,75.2607273,39.9635332,39.7751828,40.1801594,403.9135385,403.8104847,424.8499786,220.2650276,217.6096799,219.8097414,183.6485109,186.2008049,205.0402372,337.5612872,338.6805827,349.8380238,204.1266466,201.5183789,202.295506,133.4346406,137.1622038,147.5425178,66.3522513,65.129902,75.0119548,16.138381,16.0913009,17.5142354,50.2138703,49.0386011,57.4977194,6.2926477,6.3029544,6.5711212,5.3623134,5.3047835,5.3345949,7.9461351,8.0797206,8.7438963,6.2023046,6.2329211,6.3980447,5.2357448,5.176823,5.1769607,8.6432529,8.9006607,9.4561673,6.7962756,6.6940777,7.5198361,7.724057,7.6831237,8.2285723,6.5436616,6.4227748,7.3275882,6418.8170136,6406.6857805,6465.410774,4107.6492861,4102.1406717,4120.458015,2311.1677274,2304.5451088,2344.952759,61.1041798,60.9658836,61.5247093,79.2776714,79.1484053,79.5018278,43.4132052,43.2713902,44.0301062,4043.230138,1062.388885,2980.841254,10508.64091,5182.8469,5325.794013
1978-04-01,6021.3690476,6030.6756412,6054.2138586,3885.3433486,3888.4949549,3899.119729,2136.025699,2142.1806863,2155.0941296,5106.6667174,5119.460828,5128.3115214,3690.5524368,3696.7274691,3703.6984542,1416.1142805,1422.7333589,1424.6130672,914.7023302,911.2148131,925.9023372,194.7909117,191.7674858,195.4212748,719.9114185,719.4473273,730.4810624,57.2479675,57.3330831,57.5568588,74.9003131,74.9590256,75.1638407,40.0693432,40.1821701,40.4243953,403.3057409,403.2439717,403.3767611,220.3296195,220.3659998,211.9126452,182.9761214,182.8779719,191.4641159,338.5737537,338.6355989,334.8404497,205.1705265,205.3361857,197.2298473,133.4032273,133.2994132,137.6106024,64.7319872,64.6083728,68.5363114,15.1590931,15.0298141,14.6827979,49.5728941,49.5785587,53.8535135,6.2774499,6.2674698,6.2465521,5.3664678,5.3631895,5.1547306,7.8902966,7.8655208,8.1593592,6.2177925,6.2042803,6.1290708,5.2665584,5.2622459,5.0559721,8.6093398,8.5666199,8.8086364,6.6091198,6.6209098,6.8919598,7.2203347,7.2678967,6.9883452,6.4423528,6.4469298,6.8661404,6424.6747885,6433.9196129,6457.5906197,4105.6729681,4108.8609547,4111.0323742,2319.0018204,2325.0586582,2346.5582455,61.0823835,61.1666868,61.3917249,79.1477518,79.2070498,79.2489085,43.5017612,43.6125221,44.0158028,4061.0755873,1076.4616259,2984.6139614,10518.666207,5187.4940001,5331.1722069
1978-05-01,6027.0954426,6033.0817484,6038.2647505,3882.9378533,3885.7444097,3888.6004915,2144.1575893,2147.3373387,2149.664259,5107.1299578,5118.7486793,5117.4811954,3685.8535782,3692.1968312,3692.2404844,1421.2763796,1426.5518482,1425.240711,919.9654848,914.333069,920.7835551,197.0842751,193.5475785,196.3600071,722.8812097,720.7854905,724.423548,57.2304856,57.2905746,57.3397927,74.7685523,74.8235839,74.8785804,40.1680721,40.2314263,40.2750223,403.0363092,399.4196011,398.4080771,220.7600508,215.2072229,210.6596809,182.2762584,184.2123783,187.7483962,339.8180685,337.235081,334.1609257,206.4588352,201.4956505,196.4236462,133.3592332,135.7394305,137.7372795,63.2182407,62.1845201,64.2471514,14.3012156,13.7115723,14.2360347,48.9170251,48.4729478,50.0111167,6.2679324,6.2093979,6.1896587,5.3795395,5.2477386,5.1389683,7.8350072,7.9008557,8.0323171,6.2386876,6.1810133,6.1295463,5.3042719,5.1749246,5.0511857,8.5781666,8.6884842,8.81249,6.4299519,6.3679877,6.5223501,6.765467,6.6156656,6.7598776,6.3380587,6.3012566,6.457758,6430.1317517,6432.5013495,6436.6728276,4103.6979041,4100.9516325,4099.2601724,2326.4338476,2331.549717,2337.4126552,61.0575303,61.0834916,61.1231042,79.019434,78.967597,78.9350264,43.5827865,43.6827363,43.7925813,4093.9978713,1093.9479125,3000.0499588,10530.6706989,5193.2080849,5337.462614
1978-06-01,6031.1969984,6033.8117687,6031.3422994,3879.7880803,3882.7400589,3883.5501257,2151.4089181,2151.0717098,2147.7921737,5106.1781594,5104.1280542,5092.5752651,3680.4159604,3680.4363887,3677.740202,1425.7621989,1423.6916655,1414.8350631,925.018839,929.6837145,938.7670343,199.3721198,202.3036702,205.8099237,725.6467192,727.3800443,732.9571106,57.1983229,57.2284712,57.2050492,74.6238283,74.6955279,74.7111119,40.2501555,40.242414,40.1810602,403.066475,405.9648725,393.4903275,221.5327247,225.6008279,216.7385614,181.5337503,180.3640446,176.7517661,341.0607439,344.1846493,331.1521423,207.8126999,212.9990632,205.5089635,133.248044,131.1855861,125.6431788,62.005731,61.7802232,62.3381852,13.7200248,12.6017647,11.2295979,48.2857063,49.1784585,51.1085873,6.2643763,6.304021,6.1245226,5.4014971,5.4912879,5.2859342,7.7813207,7.7361791,7.603718,6.2611674,6.3172705,6.1056192,5.3446625,5.4707229,5.292191,8.546964,8.4370381,8.1561151,6.2820859,6.2312123,6.2269364,6.4385408,5.8638651,5.1739876,6.239008,6.3328723,6.5184062,6434.2634733,6439.7766412,6424.8326269,4101.3208049,4108.3408868,4100.2886871,2332.9426684,2331.4357544,2324.5439398,61.0209018,61.0788978,60.9371593,78.8847878,79.0356003,78.8806934,43.6464237,43.6166784,43.4877458,4118.5413943,1097.8003638,3020.7410305,10543.3740212,5198.0890509,5345.2849703
1978-07-01,6032.8029037,6030.4489553,6036.0839263,3876.2704205,3872.9822404,3869.8998106,2156.5324832,2157.4667149,2166.1841157,5104.1045429,5096.5595695,5092.762944,3675.1507883,3668.3922461,3668.9611914,1428.9537546,1428.1673234,1423.8017526,928.6983608,933.8893858,943.3209823,201.1196322,204.5899944,200.9386192,727.5787286,729.2993915,742.3823631,57.142796,57.1316605,57.1850454,74.4723313,74.4246369,74.3654038,40.2920194,40.31551,40.4784078,403.4200849,400.0841931,380.5317353,222.752706,220.9997451,212.3703964,180.6673789,179.084448,168.1613389,342.0931027,343.5697309,327.1449488,209.1813318,211.5934966,203.545987,132.9117709,131.9762343,123.5989618,61.3269822,56.5144623,53.3867865,13.5713742,9.4062485,8.8244094,47.755608,47.1082138,44.5623771,6.2679631,6.2216333,5.9304118,5.4342876,5.3981612,5.2022621,7.7300783,7.6644779,7.2037898,6.28132,6.3154699,6.0359872,5.3852587,5.4534607,5.256181,8.5098089,8.4592366,7.9875213,6.1944861,5.7062038,5.3563129,6.321352,4.3955204,4.2068469,6.1593568,6.0674591,5.6627073,6436.2229886,6430.5331485,6416.6156616,4099.0231265,4093.9819856,4082.270207,2337.1998621,2336.5511629,2334.3454546,60.9639969,60.9220042,60.7901518,78.7519381,78.6714484,78.4463906,43.6675557,43.6619723,43.6207553,4138.7382431,1121.6278624,3017.1103807,10555.3539047,5203.8980694,5351.4558353
1978-08-01,6032.6730777,6036.2715672,6005.3614529,3873.6962502,3872.489862,3850.9218271,2158.9768275,2163.7817052,2154.4396258,5102.0163965,5098.1277246,5045.3356214,3671.7182273,3668.3644201,3642.4496752,1430.2981692,1429.7633044,1402.8859462,930.6566812,938.1438426,960.0258315,201.9780229,204.1254419,208.4721519,728.6786583,734.0184007,751.5536796,57.0699137,57.1050661,56.8126465,74.337316,74.3164518,73.9025425,40.2827442,40.3716607,40.197357,403.984838,418.9455352,398.2900137,224.2247429,231.2765742,222.2031376,179.760095,187.668961,176.0868761,342.7035633,348.8860039,334.3577565,210.3175946,216.1401391,207.902587,132.3859687,132.7458648,126.4551695,61.2812747,70.0595313,63.9322572,13.9071483,15.1364351,14.3005506,47.3741264,54.9230961,49.6317066,6.2763136,6.4900301,6.2197328,5.4716707,5.6357148,5.4553479,7.6862042,7.9809865,7.5556693,6.2942367,6.4050877,6.2151824,5.4177139,5.5641623,5.3995732,8.4717036,8.4956855,8.2686046,6.1779342,6.9489483,6.24364,6.4419192,6.9033593,6.419346,6.104498,6.9616184,6.1947843,6436.6579157,6455.2171023,6403.6514666,4097.9209931,4103.7664362,4073.1249647,2338.7369226,2351.4506661,2330.5265019,60.8916656,61.0684253,60.5805978,78.6402516,78.7548507,78.1668141,43.6367542,43.8731727,43.4827714,4166.8144879,1137.6860548,3029.1284331,10570.4659545,5210.8110195,5359.654935
1978-09-01,6032.8366498,6030.8062718,6024.3134515,3873.3684949,3870.1392753,3860.3738359,2159.4681549,2160.6669965,2163.9396156,5101.763784,5106.9872549,5097.0324451,3671.6284967,3672.1880274,3660.2544313,1430.1352873,1434.7992275,1436.7780138,931.0728658,923.8190169,927.2810064,201.7399982,197.9512479,200.1194046,729.3328676,725.867769,727.1616018,56.997877,56.964803,56.9034742,74.2421332,74.1573755,73.9702558,40.2356799,40.2502749,40.3112394,404.6080261,402.4178501,387.3267831,225.3789166,224.4238449,219.2948211,179.2291095,177.9940052,168.031962,342.8434763,340.4486184,326.8975925,210.9251823,210.1863259,205.66474,131.918294,130.2622925,121.2328525,61.7645498,61.9692317,60.4291906,14.4537343,14.237519,13.6300811,47.3108155,47.7317127,46.7991095,6.2852272,6.2553059,6.0409937,5.4987267,5.4810205,5.3753096,7.6636302,7.6109366,7.205575,6.2969368,6.249704,6.0269508,5.4326405,5.4138604,5.3199441,8.4451837,8.323142,7.7812585,6.2210135,6.286262,6.1181094,6.6855473,6.7098363,6.3766615,6.0917016,6.1700807,6.0467035,6437.4446759,6433.2241219,6411.6402346,4098.7474115,4094.5631202,4079.668657,2338.6972643,2338.6610017,2331.9715776,60.8205892,60.7658957,60.5620222,78.5620453,78.4576557,78.1722566,43.5751156,43.5660601,43.4414453,4175.2589569,1139.1504412,3036.1085157,10586.8991915,5218.8190982,5368.0800933
1978-10-01,6035.0263099,6035.7923656,6045.8551024,3875.6699114,3875.680176,3874.2229955,2159.3563985,2160.1121896,2171.6321069,5104.4751748,5107.7578865,5097.3952618,3674.9641701,3674.1891773,3668.3637664,1429.5110047,1433.5687092,1429.0314954,930.5511351,928.0344791,948.4598406,200.7057413,201.4909987,205.8592291,729.8453938,726.5434804,742.6006115,56.9419028,56.9506193,57.045566,74.1924916,74.1890017,74.1611081,40.1756872,40.1939065,40.4082613,404.994416,396.4299619,370.3716232,225.7534017,222.2947608,209.1663856,179.2410142,174.1352011,161.2052376,342.6429965,336.6599989,307.9630716,210.8954741,207.9730992,195.042028,131.7475224,128.6868997,112.9210436,62.3514195,59.769963,62.4085516,14.8579277,14.3216616,14.1243576,47.4934918,45.4483014,48.284194,6.2887129,6.1631881,5.7724211,5.5042697,5.4245027,5.1223718,7.6644665,7.4600148,6.9102648,6.2903536,6.1835812,5.6973664,5.427254,5.357146,5.0484479,8.4385462,8.23725,7.3232503,6.2797119,6.050789,6.1737564,6.8925936,6.6361545,6.4206416,6.1097538,5.8871483,6.1050856,6440.0207259,6432.2223275,6416.2267256,4101.4233132,4097.9749368,4083.3893811,2338.5974127,2334.2473907,2332.8373445,60.7631211,60.6911276,60.5402014,78.5141205,78.44421,78.1650106,43.5105378,43.4340965,43.4078593,4182.0642918,1140.6735996,3041.3906922,10598.2910174,5224.0629807,5374.2280367
1978-11-01,6039.53194,6028.1117525,6033.7974422,3880.2747318,3877.7036876,3863.476373,2159.2572082,2150.408065,2170.3210692,5109.4395289,5103.6643935,5079.2057021,3680.9212401,3680.5640142,3662.4035339,1428.5182887,1423.1003793,1416.8021682,930.0924112,924.447359,954.5917401,199.3534917,197.1396734,201.0728391,730.7389195,727.3076857,753.518901,56.9043453,56.7997038,56.853277,74.1819951,74.1380145,73.8660017,40.1142025,39.9515258,40.3214812,405.59792,407.4478514,372.7822643,225.4205567,225.4433141,207.5462261,180.1773633,182.0045373,165.2360382,342.5131154,339.4472299,311.3026344,210.3256805,206.6709973,192.0392637,132.1874349,132.7762326,119.2633707,63.0848046,68.0006215,61.4796299,15.0948763,18.7723169,15.5069624,47.9899284,49.2283046,45.9726675,6.2930915,6.3311954,5.8187408,5.4904356,5.4944001,5.098135,7.7017483,7.8032736,7.0748019,6.2823934,6.2362717,5.7750144,5.4050973,5.3166582,4.9822834,8.4697219,8.5338536,7.7642111,6.3518175,6.8518071,6.0507196,7.0389327,8.69443,7.1599301,6.162598,6.339475,5.7502379,6445.1298601,6435.5596039,6406.5797065,4105.6952886,4103.1470017,4071.0225991,2339.4345715,2332.4126023,2335.5571074,60.7258805,60.638869,60.3658068,78.4915215,78.4482767,77.8340886,43.4614977,43.3329115,43.3913319,4206.3484455,1159.3625338,3046.9859117,10612.928152,5230.3851329,5382.5430191
1978-12-01,6044.6977255,6053.0797094,6125.3604376,3886.0273427,3891.1166285,3936.0245076,2158.6703828,2161.9630809,2189.33593,5114.1141141,5112.5954614,5178.9942273,3687.706737,3689.1301699,3731.5886802,1426.4073771,1423.4652915,1447.4055471,930.5836114,940.484248,946.3662103,198.3206057,201.9864586,204.4358274,732.2630057,738.4977894,741.9303829,56.8700393,56.9485143,57.628545,74.1888978,74.2888722,75.1462497,40.0421349,40.1015563,40.6092864,406.335079,414.2634007,444.6140912,224.4135877,224.4034557,242.9163832,181.9214913,189.8599451,201.697708,342.6459939,350.4043968,376.3655133,209.2921276,208.402862,220.9667888,133.3538663,142.0015348,155.3987245,63.6890851,63.8590039,68.2485779,15.1214601,16.0005936,21.9495944,48.567625,47.8584103,46.2989835,6.2987601,6.405465,6.767364,5.4595989,5.4526148,5.8128696,7.7724568,8.072884,8.4355864,6.2792937,6.4141389,6.774818,5.3705976,5.3470454,5.5904791,8.5496333,9.0708747,9.6954274,6.4055953,6.3582848,6.7265507,7.0845735,7.3401578,9.6956748,6.2199948,6.0860982,5.8737958,6451.0328045,6467.3431101,6569.9745288,4110.4409304,4115.5200842,4178.9408908,2340.5918741,2351.8230259,2391.033638,60.6929421,60.8459824,61.8115581,78.4732209,78.5731642,79.7839889,43.4166774,43.6232072,44.3505122,4059.0643212,1058.8780599,3000.1862613,10629.03885,5237.8189507,5391.2198993
1979-01-01,6049.964192,6050.9419197,5971.3288253,3892.1126886,3890.7737091,3884.1169328,2157.8515034,2160.1682106,2087.2118925,5117.681707,5120.3523916,5141.7025195,3694.2403893,3694.3539385,3701.1296142,1423.4413177,1425.9984531,1440.5729053,932.282485,930.5895281,829.6263058,197.8722993,196.4197705,182.9873186,734.4101857,734.1697576,646.6389872,56.83447,56.8495949,56.1016168,74.1986755,74.1818246,74.054906,39.9646951,40.0115762,38.6602475,406.9919666,411.8077382,449.9030488,223.0591086,223.4403483,251.4086818,183.9328579,188.3673899,198.494367,342.9991008,347.5747763,394.2565631,208.0713253,208.7298538,236.3898293,134.9277754,138.8449225,157.8667338,63.9928658,64.2329619,55.6464857,14.9877833,14.7104945,15.0188525,49.0050825,49.5224674,40.6276332,6.3031552,6.3720206,7.0064912,5.4204082,5.4309364,6.0792437,7.8543892,8.0206317,8.6841591,6.2812516,6.3566095,7.1217391,5.3320017,5.3478189,6.0035216,8.6582682,8.872768,9.8763025,6.4232108,6.456726,6.285801,7.0411432,6.9674968,7.5850426,6.2553137,6.3191219,5.9114806,6456.9561586,6462.7496579,6421.2318741,4115.1717972,4114.2140574,4135.5256146,2341.7843614,2348.5356005,2285.7062595,60.6578269,60.7185963,60.3285299,78.4510422,78.4419574,78.8482854,43.3712412,43.500599,42.3368466,4222.5412828,1109.3894682,3113.1518146,10643.7731569,5244.9150828,5398.8580741
1979-02-01,6055.2059421,6063.4292218,6050.6934726,3897.9893609,3900.7902701,3907.789697,2157.2165813,2162.6389517,2142.9037756,5120.4346389,5129.3682556,5149.3405717,3700.1228331,3704.2086813,3723.3633127,1420.3118058,1425.1595743,1425.977259,934.7713032,934.0609662,901.3529009,197.8665278,196.5815887,184.4263843,736.9047755,737.4793774,716.9265166,56.7978452,56.8764226,56.7569582,74.2024512,74.2568357,74.3900793,39.8906606,39.99257,39.6276175,407.5338292,404.7250436,458.0850562,221.6329541,219.2210386,243.2240516,185.9008751,185.5040051,214.8610046,343.5215701,340.697665,384.9383577,206.846782,206.5576005,230.6059274,136.6747881,134.1400644,154.3324303,64.0122591,64.0273787,73.1466985,14.7861721,12.663438,12.6181242,49.226087,51.3639406,60.5285743,6.3058988,6.2571953,7.0379573,5.3799338,5.3208844,5.8593892,7.9339119,7.9000303,9.1129109,6.2870484,6.2284014,6.9555287,5.2943023,5.281768,5.8322641,8.7781609,8.6025842,9.7659611,6.4090221,6.4150011,7.5060778,6.9532022,6.0519661,6.4036924,6.2618184,6.5112982,7.7854753,6462.7397713,6468.1542654,6508.7785288,4119.622315,4120.0113086,4151.0137486,2343.1174563,2348.1429568,2357.7647802,60.6205135,60.6728407,61.053906,78.4214746,78.4300056,79.0201791,43.3282888,43.4230002,43.6009316,4151.9292823,1102.0922226,3049.8370597,10660.7078111,5253.1059712,5407.6018399
1979-03-01,6061.061995,6055.5335236,6096.1752153,3903.9898968,3902.3877322,3919.2449757,2157.0720983,2153.1457913,2176.9302396,5123.5516799,5124.0916738,5148.1316976,3705.8694696,3704.3909014,3719.2781588,1417.6822103,1419.7007724,1428.8535388,937.5103151,931.4418497,948.0435177,198.1204272,197.9968308,199.9668169,739.3898879,733.4450189,748.0767008,56.7676021,56.7004797,57.0810247,74.2083223,74.1561722,74.4765065,39.8268701,39.7444751,40.1835073,407.7718863,407.3745404,428.382213,220.2145943,221.9554278,224.1812965,187.557292,185.4191126,204.2009165,343.8571808,344.7540345,356.0560663,205.69223,206.5994594,207.4216003,138.1649508,138.154575,148.634466,63.9147055,62.6205059,72.3261467,14.5223643,15.3559683,16.7596962,49.3923412,47.2645376,55.5664505,6.3036382,6.3032699,6.56569,5.3395654,5.3815946,5.4105294,7.999443,7.9287563,8.5757946,6.2892165,6.3039634,6.4688212,5.2585705,5.2825356,5.2823392,8.8803678,8.8682544,9.4222248,6.3823755,6.2994545,7.0882298,6.8294647,7.1974534,7.7331084,6.2618476,6.0540488,6.9143189,6468.8338814,6462.908064,6524.5574283,4124.2044911,4124.34316,4143.4262722,2344.6293903,2338.564904,2381.1311561,60.5867731,60.514897,61.0921456,78.3942337,78.3739399,78.7365719,43.2898141,43.1670883,43.95281,4155.3055274,1118.9647286,3036.3407988,10679.8629557,5262.3910008,5417.4719549
1979-04-01,6067.7184895,6064.6003096,6087.6537083,3910.460411,3910.0685251,3920.4282316,2157.2580785,2154.5317845,2167.2254767,5127.6383176,5121.1511977,5128.5430559,3711.7580269,3712.0504594,3718.0660212,1415.8802907,1409.1007382,1410.4770347,940.0801719,943.4491119,959.1106524,198.7023841,198.0180656,202.3622104,741.3777878,745.4310463,756.748442,56.7469489,56.7205657,56.9361779,74.2249537,74.2220167,74.4186675,39.7712824,39.7222303,39.9562587,407.3866253,421.4925036,420.5706013,218.6006428,228.8554766,219.0635054,188.7859825,192.6370271,201.5070959,343.5450183,354.7264351,349.6629608,204.357471,213.2594641,203.8478397,139.1875472,141.466971,145.8151211,63.841607,66.7660685,70.9076405,14.2431718,15.5960124,15.2156657,49.5984352,51.1700561,55.6919748,6.2915832,6.4984038,6.4621405,5.2941974,5.5293472,5.2920387,8.0469922,8.207208,8.5069585,6.2791721,6.4779832,6.3828005,5.2183719,5.4329332,5.1976623,8.9505772,9.1235597,9.3693925,6.3592212,6.6090938,6.8841147,6.6886448,7.3010227,6.9932044,6.2705343,6.4235482,6.8548996,6475.1051147,6486.0928132,6508.2243096,4129.0610538,4138.9240017,4139.491737,2346.0440609,2347.1688116,2368.7325726,60.5569391,60.662671,60.8696609,78.3742407,78.5662155,78.5769924,43.2517471,43.2738011,43.6713635,4183.8416794,1128.5792479,3055.2624315,10692.065989,5268.0709849,5423.9950041
1979-05-01,6075.5722996,6070.2202997,6075.6109053,3917.4263809,3919.356237,3922.2725815,2158.1459187,2150.8640628,2153.3383238,5132.8803922,5118.514162,5116.8218821,3717.927462,3711.8711085,3711.5767147,1414.9529302,1406.6430535,1405.2451674,942.6919075,951.7061377,958.7890232,199.4989189,207.4851284,210.6958668,743.1929885,744.2210093,748.0931564,56.7402242,56.6968377,56.7471868,74.2541352,74.303028,74.3583159,39.7308358,39.5988987,39.6444516,406.6826402,401.4829876,400.0632778,216.7712127,216.1891621,211.6543643,189.9114275,185.2938255,188.4089135,342.4761226,341.5351906,337.9079754,202.5836945,203.551457,198.5293616,139.892428,137.9837335,139.3786138,64.2065177,59.9477971,62.1553024,14.1875182,12.6377051,13.1250027,50.0189995,47.310092,49.0302997,6.2737835,6.203668,6.1779402,5.2433685,5.2275853,5.1199348,8.0880234,7.9315626,8.0456554,6.2548643,6.2551667,6.1947701,5.1672776,5.1987098,5.0773395,8.9971924,8.9331439,9.0234668,6.3766628,5.9257217,6.0880208,6.6394098,5.7412059,5.8640656,6.3058804,5.9770351,6.1509041,6482.2549399,6471.7032873,6475.6741831,4134.1975937,4135.5453991,4133.9269458,2348.0573462,2336.1578882,2341.7472373,60.5382638,60.4467536,60.4838424,78.3629958,78.4015351,78.3708525,43.2270497,43.0102865,43.1131903,4230.7788536,1140.9001294,3089.8787242,10706.4530367,5274.8270752,5431.6259615
1979-06-01,6085.6830568,6099.3457732,6095.7340512,3924.7414395,3927.8310644,3928.0379577,2160.9416173,2171.5147087,2167.6960935,5140.1067603,5153.0822697,5140.9845119,3724.4685483,3727.8660725,3724.8303044,1415.6382119,1425.2161972,1416.1542075,945.5762965,946.2635034,954.7495393,200.2728911,199.9649919,203.2076533,745.3034054,746.2985115,751.541886,56.7567148,56.8737713,56.8400935,74.2930153,74.3314281,74.3353434,39.7267726,39.9165003,39.846307,405.7312632,406.7442641,393.0114144,214.4448264,216.6507569,207.2969959,191.2864368,190.0935072,185.7144185,340.4655093,340.8507778,326.8001995,200.022959,202.0233268,194.1416554,140.4425503,138.8274509,132.6585441,65.2657539,65.8934864,66.2112149,14.4218674,14.6274301,13.1553405,50.8438865,51.2660563,53.0558744,6.2502753,6.2517466,6.0568166,5.180845,5.227451,5.0128224,8.1321382,8.0493244,7.8912887,6.2122255,6.2041305,5.97683,5.0967866,5.1406873,4.9538924,9.0254024,8.8761878,8.5651764,6.4565729,6.5102042,6.4851871,6.7173822,6.8163777,6.0802174,6.3862412,6.4278252,6.5940868,6491.41432,6506.0900373,6488.7454656,4139.1862658,4144.4818213,4135.3349536,2352.2280541,2361.608216,2353.410512,60.5406736,60.6664863,60.5047556,78.352328,78.4313906,78.2582926,43.2433844,43.4107744,43.2600853,4235.6106635,1148.8781492,3086.7325143,10724.3561291,5284.2131028,5440.1430263
1979-07-01,6098.6722056,6097.4142605,6103.921742,3932.1670287,3930.2157726,3927.7699094,2166.5051769,2167.1984879,2176.1518326,5149.8767806,5148.4167711,5145.9073973,3731.2132275,3729.7139458,3731.0233523,1418.6635531,1418.7028254,1414.884045,948.7954251,948.9974894,958.0143447,200.9538013,200.5018269,196.7465571,747.8416238,748.4956625,761.2677876,56.8008242,56.7920242,56.8526357,74.3358696,74.2995489,74.2533106,39.7734825,39.7891886,39.9535696,404.7218982,408.0067733,387.09792,211.65633,212.3314198,203.6017799,193.0655682,195.6753535,183.4961401,337.8223794,340.436889,323.2152028,196.7603923,197.7831304,189.9967377,141.061987,142.6537586,133.2184651,66.8995189,67.5698843,63.8827172,14.8959376,14.5482894,13.6050422,52.0035812,53.021595,50.277675,6.2232412,6.2717966,5.9635919,5.1077546,5.1256246,4.9281884,8.1822327,8.2812442,7.7764201,6.1559931,6.2023313,5.9098182,5.0092086,5.0358568,4.8455946,9.0440262,9.1365265,8.6052741,6.5865759,6.6468673,6.2513848,6.9010682,6.7650693,6.4677627,6.5017057,6.6151533,6.1952999,6503.3941039,6505.4210338,6491.019662,4143.8233587,4142.5471924,4131.3716893,2359.5707451,2362.8738415,2359.6479727,60.5702573,60.5922467,60.4581106,78.3371385,78.3136106,78.1023411,43.3178498,43.3817361,43.32251,4245.3721885,1158.318264,3087.0539245,10736.3918505,5289.6899533,5446.7018972
1979-08-01,6113.948242,6114.7514154,6078.5215923,3939.2561737,3944.9006496,3921.1050216,2174.6920684,2169.8507658,2157.4165707,5161.2985599,5166.812502,5113.12722,3737.5934745,3743.8072833,3715.9268475,1423.7050854,1423.0052186,1397.2003725,952.6496822,947.9389134,965.3943723,201.6626992,201.0933662,205.1781741,750.986983,746.8455472,760.2161982,56.8654135,56.8779223,56.5409213,74.3727575,74.4846915,74.0354001,39.8667743,39.781644,39.5536777,403.8961366,398.4780149,377.4968015,208.9343807,205.9157249,197.547901,194.9617559,192.56229,179.9489005,335.0945359,330.7090302,315.8252824,193.4562483,191.5156954,184.0071271,141.6382876,139.1933348,131.8181553,68.8016007,67.7689846,61.6715191,15.4781324,14.4000295,13.5407739,53.3234683,53.3689552,48.1307452,6.1967748,6.1179791,5.8472077,5.0367595,4.9608488,4.7964202,8.2274362,8.1510847,7.6987918,6.0966261,6.0156023,5.8174258,4.9212364,4.8665814,4.7182113,9.0483845,8.9100924,8.621096,6.7356713,6.6720939,6.0046312,7.1281538,6.682353,6.1909469,6.6297122,6.6693312,5.9542187,6517.8443786,6513.2294302,6456.0183938,4148.1905543,4150.8163744,4118.6529226,2369.6538243,2362.4130558,2337.3654712,60.6220238,60.5844673,60.0523043,78.3174175,78.3726397,77.7653532,43.4408419,43.3120455,42.8528277,4294.640508,1177.604026,3117.036482,10750.6589018,5296.2569486,5454.4019532
1979-09-01,6131.1702487,6116.7661414,6157.7891488,3945.8588257,3942.830153,3957.1031067,2185.3114231,2173.9359884,2200.6860421,5173.3752206,5161.6239657,5185.6337359,3742.9525939,3737.76574,3749.9435411,1430.4226268,1423.8582258,1435.6901948,957.7950281,955.1421757,972.1554129,202.9062318,205.064413,207.1595656,754.8887963,750.0777626,764.9958473,56.9462776,56.8107437,57.1917535,74.3998538,74.3378559,74.6069572,40.0023937,39.7939234,40.2835835,403.3210245,406.542215,400.4312018,206.9358118,207.4006674,202.8435919,196.3852127,199.1415476,197.5876099,332.9592192,337.0967242,326.0417376,190.8902736,190.3781184,185.799468,142.0689456,146.7186057,140.2422696,70.3618053,69.4454908,74.3894642,16.0455382,17.022549,17.0441239,54.3162671,52.4229418,57.3453403,6.1721871,6.2321478,6.1057906,4.9830495,4.9973285,4.8761104,8.2456015,8.3917,8.2387433,6.0468397,6.1304573,5.9154741,4.8525139,4.8465159,4.7208232,9.0346396,9.3417019,8.8990025,6.8434895,6.7778964,7.1081007,7.3283437,7.6648124,7.6020711,6.7122995,6.5324481,6.9734243,6534.4912732,6523.3083564,6558.2203506,4152.7946374,4150.2308204,4159.9466986,2381.6966358,2373.0775359,2398.273652,60.6923212,60.5865895,60.9108419,78.3016645,78.2481742,78.4313567,43.5972491,43.4392118,43.900427,4208.6975617,1143.9864141,3064.7111476,10766.9179123,5303.9331127,5462.9847996
1979-10-01,6149.5956307,6152.0606833,6164.0483187,3951.5535744,3947.7352553,3947.1104198,2198.0420563,2204.3254279,2216.9378989,5185.6740158,5186.107508,5176.5443439,3746.7588776,3747.1161513,3742.0241499,1438.9151383,1438.9913567,1434.520194,963.9216149,965.9531753,987.5039748,204.7946968,200.6191041,205.0862699,759.126918,765.3340712,782.4177049,57.0363663,57.0628776,57.1740678,74.4085492,74.3418525,74.3300859,40.174435,40.2914562,40.5219915,402.8919534,419.5056688,391.3802576,206.0064096,209.808947,197.3300712,196.8855438,209.6967218,194.0501864,331.8470042,345.291625,314.3075368,189.6000143,191.5802698,179.4268455,142.2469898,153.7113552,134.8806913,71.0449492,74.2140439,77.0727208,16.4063953,18.2286772,17.9032257,54.6385539,55.9853666,59.1694951,6.148687,6.3836481,5.970323,4.9549835,5.0464634,4.7613199,8.2209393,8.6866113,8.0485751,6.0144221,6.2423921,5.7242035,4.8166343,4.8640527,4.5755218,8.996357,9.6509759,8.5944065,6.8644681,7.1348186,7.2397528,7.4169594,8.3293863,8.0287305,6.7142876,6.8165155,7.0307028,6552.4875841,6571.5663521,6555.4285763,4157.559984,4157.5442024,4144.440491,2394.9276001,2414.0221497,2410.9880853,60.7731149,60.9539641,60.8042796,78.2876914,78.2928737,78.0461109,43.7729855,44.1243686,44.0689109,4225.7674423,1165.8055182,3059.9619241,10781.1960186,5310.2460092,5470.9500094
1979-11-01,6168.3773256,6180.3994739,6188.8406484,3956.2549137,3960.0991845,3946.7469574,2212.122412,2220.3002895,2242.093691,5198.1360053,5207.6426621,5184.4271436,3749.1070792,3752.414303,3734.7009183,1449.0289262,1455.2283591,1449.7262253,970.2413203,972.7568118,1004.4135048,207.1478345,207.6848815,212.0460391,763.0934858,765.0719304,792.3674657,57.1283029,57.2387582,57.3169348,74.3969187,74.4697864,74.2186973,40.369663,40.517524,40.9152246,402.3167512,397.6404293,363.5518534,206.1095847,200.8289677,184.9616305,196.2071665,196.8114615,178.5902229,331.8638875,326.4938547,298.8535351,189.8049547,185.7484146,172.5069916,142.0589328,140.7454401,126.3465435,70.4528637,71.1465746,64.6983183,16.30463,15.0805531,12.4546389,54.1482337,56.0660215,52.2436794,6.1228958,6.0449683,5.5483833,4.9517428,4.8265425,4.4766379,8.1470231,8.1424229,7.3776763,6.0011554,5.899635,5.4502688,4.8187152,4.7166262,4.4150963,8.9284154,8.8187814,8.0165425,6.7697951,6.8154367,6.0515951,7.2966884,6.7697007,5.5477066,6.6257305,6.8278444,6.1855304,6570.6940769,6578.0399032,6552.3925018,4162.3644984,4160.9281522,4131.7085879,2408.3295785,2417.111751,2420.6839139,60.8543514,60.92144,60.6839108,78.2727858,78.2463813,77.6969065,43.9503045,44.1090712,44.1742584,4245.1853349,1186.0174019,3059.167933,10797.5778367,5317.7259898,5479.8518469
1979-12-01,6186.8716713,6183.8818583,6257.1652478,3960.1502951,3961.8336378,4006.7269324,2226.7213763,2222.0482205,2250.4383154,5211.3436201,5211.3143183,5279.0278347,3750.7504334,3753.3964267,3796.2471844,1460.5931867,1457.9178916,1482.7806503,975.5280513,972.56754,978.1374131,209.3998617,208.4372112,210.479748,766.1281896,764.1303289,767.6576651,57.2164506,57.1727227,57.8502601,74.3678785,74.3828332,75.2256981,40.5736114,40.4754543,40.9925906,401.7304679,403.1362949,430.9599511,207.2142547,208.5172422,225.9537288,194.5162133,194.6190527,205.0062223,332.9882998,333.3589382,357.0719699,191.3750963,192.1115096,203.7615823,141.6132035,141.2474287,153.3103876,68.7421681,69.7773567,73.8879812,15.8391583,16.4057326,22.1921465,52.9030098,53.3716241,51.6958347,6.0973551,6.1201637,6.4436585,4.9723093,4.9999928,5.3383127,8.0337516,8.0532002,8.3490472,6.0059229,6.0122377,6.3354444,4.854617,4.8691198,5.0940284,8.8386368,8.832572,9.3705291,6.582795,6.6942676,7.0234028,7.0321556,7.2965299,9.5379575,6.4592179,6.5286234,6.3093445,6588.6021393,6587.0181532,6688.1251989,4167.3645497,4170.35088,4232.6806612,2421.2375896,2416.6672732,2455.4445377,60.931671,60.8998961,61.8346754,78.2591663,78.2977132,79.4679455,44.1179369,44.0205144,44.726857,4128.0150247,1093.5935163,3034.4215084,10816.1402236,5326.2741775,5489.8660461
1980-01-01,6204.2776951,6203.7503598,6112.9167413,3963.4984207,3963.8308746,3951.2669514,2240.7792744,2239.9194852,2161.6497899,5225.2401734,5216.3840793,5230.1208901,3752.7644663,3749.9347004,3751.9183026,1472.4757071,1466.4493789,1478.2025875,979.0375216,987.3662804,882.7958512,210.7339544,213.8961742,199.3486488,768.3035673,773.4701062,683.4472024,57.2938679,57.2880122,56.4492168,74.3265312,74.333206,74.0975964,40.7675566,40.7514602,39.3274785,401.9740788,406.3250214,441.6651772,209.1662058,217.9665566,243.8810328,192.8078731,188.3584648,197.7841444,335.1732881,340.2063356,384.1949768,193.8078129,202.9744534,228.3479935,141.3654752,137.2318822,155.8469833,66.8007907,66.1186858,57.4702004,15.3583929,14.9921032,15.5330393,51.4423979,51.1265826,41.9371611,6.0847526,6.1470558,6.7382662,5.012773,5.2122696,5.8134071,7.9227848,7.7568742,8.3826947,6.0278483,6.1225736,6.8431308,4.9107884,5.134812,5.7370029,8.7595655,8.5573041,9.5374697,6.3872962,6.2761869,6.1121212,6.7929733,6.5499655,7.2286473,6.2754073,6.2001926,5.781371,6606.2517739,6610.0753812,6554.5819185,4172.6646264,4181.7974312,4195.1479842,2433.5871475,2428.27795,2359.4339343,61.0059277,61.0401866,60.5277368,78.2489746,78.4207045,78.6710657,44.2754014,44.1783166,42.9258189,4274.4730938,1137.3690537,3137.1040401,10829.0550123,5332.5170379,5496.5379744
1980-02-01,6220.0894921,6221.7899942,6207.2328905,3966.5630991,3966.273003,3972.6658656,2253.526393,2255.5169913,2234.5670249,5238.9521786,5242.4512918,5262.1167073,3755.8126841,3753.5927934,3772.9931203,1483.1394945,1488.8584984,1489.123587,981.1373135,979.3387025,945.1161832,210.750415,212.6802096,199.6727453,770.3868985,766.6584929,745.4434379,57.356419,57.3746378,57.2403985,74.2789824,74.2769884,74.3967084,40.9377786,40.9773185,40.596708,403.3489725,397.041624,448.5370636,211.5782992,209.668389,231.880013,191.7706733,187.373235,216.6570506,338.102839,335.4178404,379.1208451,196.4646603,194.2508862,216.5427327,141.6381787,141.1669543,162.5781124,65.2461336,61.6237835,69.4162185,15.1136389,15.4175028,15.3372803,50.1324946,46.2062807,54.0789382,6.0897217,5.9986663,6.739071,5.0639334,5.0208652,5.5149835,7.8424285,7.6701455,8.8387289,6.0623902,6.0133688,6.7205262,4.9709229,4.92043,5.4277676,8.7173883,8.6604141,9.8430675,6.2353943,5.9198851,6.8421884,6.691476,6.7591659,7.1332861,6.1098488,5.6843748,6.7639055,6623.4384646,6618.8316182,6655.7699541,4178.1413983,4175.941392,4204.5458786,2445.2970663,2442.8902263,2451.2240755,61.075763,61.0359828,61.376612,78.2410574,78.2034797,78.7391602,44.4215032,44.3814395,44.5328455,4188.3769211,1135.2950208,3053.0819003,10844.1468752,5339.8408994,5504.3059758
1980-03-01,6235.4229533,6232.794846,6278.6501162,3970.1995351,3966.4382827,3984.4317961,2265.2234182,2266.3565633,2294.2183201,5252.6719465,5252.81877,5278.9279322,3760.826452,3757.4527418,3773.4232096,1491.8454946,1495.3660282,1505.5047226,982.7510068,979.9760761,999.722184,209.3730831,208.9855409,211.0085865,773.3779237,770.9905351,788.7135975,57.414309,57.3868117,57.809012,74.2419272,74.1629045,74.4993402,41.0888276,41.1112164,41.6166227,405.9284854,393.3802627,415.6421973,214.2341859,210.1038669,212.8531733,191.6942996,183.2763957,202.789024,341.3760175,329.8314628,341.7021624,198.902342,196.0723241,197.5308604,142.4736755,133.7591387,144.171302,64.552468,63.5487998,73.9400349,15.3318439,14.0315428,15.3223129,49.2206241,49.517257,58.617722,6.1121368,5.9367623,6.2089042,5.1197892,5.0305698,5.0712109,7.8022271,7.4817901,8.1212826,6.1024864,5.908152,6.079428,5.0231304,4.9594304,4.974393,8.7176164,8.2104888,8.7393706,6.1636832,6.0898213,6.8867129,6.8231009,6.2916897,6.7698723,5.9835535,6.0349527,6.9179223,6641.3514388,6626.1751087,6694.2923135,4184.433721,4176.5421496,4197.2849694,2456.9177178,2449.6329591,2497.0073441,61.1520031,61.0087565,61.6359277,78.2480631,78.0913441,78.4791852,44.5659654,44.4358105,45.2951716,4166.7307379,1150.9929975,3015.7377404,10861.0230514,5348.2779669,5512.7450845
1980-04-01,6251.504629,6246.5941516,6224.8638647,3974.9692333,3975.1517314,3961.9752547,2276.5353957,2271.4424202,2262.88861,5265.9919995,5260.9851578,5234.3765545,3767.7103851,3766.5079704,3748.1172021,1498.2816144,1494.4771874,1486.2593524,985.5126295,985.6089939,990.4873102,207.2588482,208.6437611,213.8580526,778.2537813,776.9652328,776.6292576,57.4786598,57.4365564,57.2367495,74.2263068,74.2333028,73.9872409,41.232388,41.1441172,40.9891765,409.4359398,406.8419937,407.9795099,216.7798533,216.3059855,208.4474494,192.6560865,190.5360082,199.5320605,344.6910953,345.0551137,342.029266,200.8987287,201.8562619,194.3282077,143.7923666,143.1988518,147.7010583,64.7448445,61.78688,65.9502439,15.8811246,14.4497236,14.1192417,48.8637199,47.3371564,51.8310022,6.1468187,6.1147651,6.1508992,5.1715847,5.1606386,4.9982331,7.8023956,7.7391421,8.1030858,6.1434782,6.1550595,6.1335074,5.0621949,5.0866365,4.9291287,8.7567532,8.744028,9.0394515,6.164664,5.8990952,6.2427016,7.1171133,6.4769815,6.1932666,5.907712,5.7426931,6.2563052,6660.9405688,6653.4361454,6632.8433746,4191.7490866,4191.457717,4170.4227041,2469.1914822,2461.9784284,2462.4206705,61.2431661,61.1774114,60.9880638,78.2743301,78.2726726,77.8798578,44.7217564,44.5954201,44.6034308,4242.7984501,1184.5212095,3058.2772406,10875.6418247,5354.9439136,5520.6979111
1980-05-01,6268.2806048,6267.8986935,6273.4481769,3981.2269714,3992.4826469,3995.4951877,2287.0536334,2275.4160466,2277.9529892,5278.2865135,5303.4851223,5301.6824337,3775.9279604,3795.0482336,3794.8719916,1502.3585531,1508.4368887,1506.8104421,989.9940914,964.4135712,971.7657432,205.299011,197.4344133,200.6231961,784.6950804,766.9791579,771.1425471,57.5487538,57.545761,57.596711,74.2387765,74.4488927,74.5050684,41.3606744,41.1519055,41.1977872,412.6687317,417.5696082,416.5786483,218.4726512,224.9537887,220.9345832,194.1960805,192.6158195,195.6440651,347.102904,348.5251539,344.7054195,202.0438037,206.6267492,201.8235192,145.0591003,141.8984047,142.8819003,65.5658277,69.0444542,71.8732288,16.4288475,18.3270395,19.111064,49.1369802,50.7174148,52.7621648,6.1767978,6.2459291,6.2268607,5.2021018,5.3338987,5.2398497,7.8265432,7.80443,7.9092941,6.1702911,6.1663928,6.1048838,5.0790658,5.1635065,5.0497597,8.8052413,8.5981561,8.6611241,6.2114738,6.6809152,6.8867904,7.4094648,8.4941213,8.6973529,5.8929109,6.2024737,6.4039159,6680.9493366,6685.4683017,6690.0268252,4199.6996226,4217.4364356,4216.4297709,2481.2497139,2468.0318661,2473.5970543,61.3374437,61.3794798,61.4213317,78.312682,78.6436662,78.6248947,44.8726519,44.6354478,44.7360967,4201.9982076,1146.2861825,3055.7120251,10892.0250328,5362.7159534,5529.3090794
1980-06-01,6283.5324801,6275.3638117,6269.9050947,3988.1179566,3985.1058226,3984.3104228,2295.4145235,2290.2579891,2285.5946719,5287.595814,5282.8894569,5269.0199083,3783.7667542,3783.2090683,3779.4159647,1503.8290599,1499.6803886,1489.6039436,995.9366661,992.4743548,1000.8851864,204.3512024,201.8967543,204.8944581,791.5854637,790.5776005,795.9907283,57.603795,57.5209354,57.4709,74.2625279,74.1975622,74.1827529,41.4487354,41.3496147,41.2654205,414.4766769,423.5987415,409.3397881,218.7379399,220.2633902,210.333408,195.7387371,203.3353513,199.0063801,348.1325275,354.798019,340.5437254,202.0650452,202.8196953,194.4704302,146.0674823,151.9783237,146.0732952,66.3441494,68.8007226,68.7960627,16.6728947,17.443695,15.8629778,49.6712548,51.3570276,52.9330849,6.1880578,6.3233484,6.1285339,5.1995587,5.2376707,5.014333,7.8573543,8.1543108,8.0095909,6.1772411,6.2933254,6.0707703,5.0695828,5.0882647,4.8937089,8.8531298,9.2015574,8.9304474,6.2454436,6.482836,6.4314545,7.5434737,7.9527944,7.1857049,5.9044111,6.099883,6.2353163,6698.009157,6698.9625532,6679.2448828,4206.8558964,4205.3692128,4194.6438308,2491.1532606,2493.5933404,2484.601052,61.4034776,61.4037057,61.2229705,78.3356352,78.2985842,78.0988914,44.9832268,45.0207462,44.8583944,4230.4591497,1176.2951901,3054.1639596,10909.7040325,5370.9390209,5538.7650116
1980-07-01,6295.9652586,6306.5670118,6314.0709704,3995.0402744,3997.3659746,3995.4422281,2300.9249842,2309.2010372,2318.6287423,5293.2015588,5294.5776137,5293.5551731,3790.1124292,3792.2873025,3794.2774389,1503.0891296,1502.2903112,1499.2777342,1002.7636998,1011.9893981,1020.5157973,204.9278452,205.0786721,201.1647892,797.8358546,806.910726,819.3510081,57.6309224,57.7307546,57.7994463,74.284541,74.331792,74.2960196,41.4834717,41.6344649,41.8044446,414.3751387,407.8460437,387.6484634,217.5625746,214.9067627,206.106492,196.8125641,192.939281,181.5419714,347.6815111,343.1624617,326.5780797,201.0360043,198.230263,190.6748282,146.6455069,144.9321987,135.9032515,66.6936275,64.683582,61.0703837,16.5265703,16.6764997,15.4316638,50.1670572,48.0070823,45.6387199,6.1751732,6.0741876,5.7843135,5.1645641,5.1019195,4.9054886,7.8796335,7.7109697,7.261183,6.1636007,6.0868798,5.8108601,5.0370465,4.9675327,4.7848711,8.8890361,8.7985805,8.3112055,6.2362121,6.0077278,5.6463724,7.4627414,7.5202303,7.1246152,5.9159062,5.6154032,5.2762152,6710.3403973,6714.4130555,6701.7194338,4212.602849,4212.2727373,4201.5487201,2497.7375482,2502.1403182,2500.1707137,61.4239582,61.4642057,61.3480074,78.3299411,78.3280247,78.1286096,45.0318135,45.1131242,45.0776126,4222.3834282,1176.1851769,3046.1982513,10924.102862,5377.733897,5546.368965
1980-08-01,6305.7251153,6315.5666727,6281.3506348,4002.1097248,4008.0962374,3982.8043122,2303.6153904,2307.4704353,2298.5463226,5296.4360155,5306.9440083,5251.0981399,3795.2072639,3802.6712542,3773.7550965,1501.2287516,1504.2727541,1477.3430434,1009.2890997,1008.6226645,1030.2524949,206.9024609,205.4249832,209.0492157,802.3866388,803.1976813,821.2032792,57.6303373,57.7252615,57.4125216,74.3049121,74.4220917,73.9524728,41.4648564,41.5378295,41.3771825,412.3187893,415.7955697,394.5105467,215.1053319,218.0972003,209.6378751,197.2134574,197.6983695,184.8726716,345.976387,349.7653949,334.6033014,199.1307021,201.2840955,193.9148481,146.8456849,148.4812993,140.6884533,66.3424022,66.0301749,59.9072453,15.9746298,16.8131047,15.723027,50.3677724,49.2170701,44.1842183,6.1374828,6.17699,5.9095079,5.1006489,5.1606062,5.0003761,7.8859238,7.8916187,7.4442803,6.1317104,6.1831954,5.9903542,4.9853243,5.0271314,4.8873735,8.9101367,8.9838714,8.695038,6.167763,6.1443261,5.4952722,7.1674616,7.565357,6.9950928,5.9064804,5.7738407,5.1057149,6718.0439045,6731.3622425,6675.8611815,4217.2150567,4226.1934377,4192.4421873,2500.8288478,2505.1688048,2483.4189942,61.3986702,61.5256976,61.0184093,78.2986514,78.4717075,77.8450163,45.0146798,45.0966882,44.7051599,4264.8717181,1193.1847735,3071.6869446,10940.7328996,5385.6269608,5555.1059388
1980-09-01,6313.5405127,6317.6392008,6360.0313794,4009.6312353,4006.0824856,4021.3914862,2303.9092774,2311.5567152,2338.6398932,5299.4665388,5295.6618109,5320.0216103,3800.2878764,3793.6173721,3806.5736259,1499.1786624,1502.0444388,1513.4479844,1014.0739738,1021.9773898,1040.0097691,209.3433589,212.4651135,214.8178603,804.7306149,809.5122764,825.1919088,57.6078542,57.6446333,58.0314363,74.3279598,74.2607396,74.5445225,41.4003071,41.5373015,42.0239701,408.7875793,413.3385182,407.5704583,212.0123946,216.420233,211.5511045,196.7751847,196.9182851,196.0193538,343.3724401,348.0152551,336.9985365,196.7313114,203.3121463,198.319115,146.6411287,144.7031089,138.6794215,65.4151392,65.3232631,70.5719218,15.2810832,13.1080868,13.2319895,50.134056,52.2151763,57.3399323,6.0810418,6.1408392,6.0223764,5.0220344,5.1254019,4.9977315,7.868853,7.8501195,7.7335584,6.0851008,6.1664629,5.9571741,4.9219506,5.0867083,4.9519208,8.909914,8.7872066,8.3939907,6.0598239,6.0078381,6.3545007,6.8029476,5.8110125,5.8022356,5.8645605,6.0593609,6.4972083,6722.328092,6730.977719,6767.6018377,4221.6436299,4222.5027187,4232.9425907,2500.6844621,2508.4750003,2534.659247,61.3378335,61.4160971,61.75027,78.258109,78.2725209,78.4660448,44.9362766,45.0758062,45.5463215,4192.0293353,1161.674411,3030.3549243,10959.631173,5394.6170017,5565.0141713
1980-10-01,6321.2406989,6306.9412201,6320.229556,4018.1517844,4012.2587459,4013.2569287,2303.0889145,2294.6824742,2306.9726273,5303.8963427,5296.4229997,5287.1579616,3806.6307054,3802.8092137,3799.0583322,1497.2656373,1493.613786,1488.0996294,1017.3443562,1010.5182204,1033.0715944,211.521079,209.4495322,214.1985965,805.8232772,801.0686882,818.8729979,57.5798047,57.4549652,57.5760192,74.3626124,74.2597788,74.2782534,41.3129881,41.1662269,41.3867102,404.6891626,406.5029974,378.5026623,209.0540666,208.1834781,195.4748517,195.635096,198.3195193,183.0278106,340.2764574,339.1615268,309.1103946,194.3056483,193.0068396,180.6860591,145.970809,146.1546872,128.4243355,64.4127052,67.3414705,69.3922677,14.7484183,15.1766385,14.7887926,49.664287,52.1648321,54.6034751,6.0168508,6.0550588,5.6503626,4.9454433,4.9327409,4.6445072,7.8293999,7.9550486,7.3505132,6.0288101,6.0182138,5.5235091,4.8565044,4.8302233,4.5401423,8.8831287,8.9131295,7.9444746,5.954452,6.2477028,6.2942896,6.5180762,6.7563982,6.4583437,5.805378,6.1137814,6.2512817,6725.9298615,6713.4442174,6698.7322183,4227.205851,4220.4422239,4208.7317804,2498.7240105,2493.0019935,2490.0004379,61.2660942,61.1581257,61.0241023,78.2315072,78.112885,77.8961455,44.8223057,44.7240465,44.6701991,4278.458702,1194.2721221,3084.1865799,10977.1909203,5403.0039025,5574.1870178
1980-11-01,6330.9072599,6328.5463453,6341.9507671,4027.9773314,4028.29112,4017.5224821,2302.9299285,2300.2552253,2324.428285,5311.5869329,5297.9993175,5277.4663166,3815.2398283,3805.7331555,3789.9346423,1496.3471046,1492.2661619,1487.5316743,1019.320327,1030.5470279,1064.4844505,212.737503,222.5579645,227.5878398,806.5828239,807.9890634,836.8966107,57.5657874,57.5478243,57.6697157,74.4148072,74.4256204,74.226662,41.2355267,41.1898827,41.6227414,400.6214955,393.2457171,359.6397509,206.6430462,199.1779866,183.5581783,193.9784492,194.0677305,176.0815726,336.8275283,332.7011111,304.7042362,192.0285104,185.1892144,171.9767129,144.7990179,147.5118967,132.7275233,63.7939672,60.544606,54.9355147,14.6145359,13.9887722,11.5814654,49.1794313,46.5558338,43.3540493,5.9514192,5.8503107,5.3664835,4.8798482,4.7115184,4.3693086,7.7687452,7.780377,7.0418268,5.9632226,5.9086985,5.4585261,4.7920053,4.640261,4.3407512,8.8230424,8.9958453,8.1917463,5.8898648,5.5489937,4.9074982,6.4281525,5.9137456,4.8423711,5.7468568,5.4480267,4.9251936,6731.5287553,6721.7920625,6701.590518,4234.6203776,4227.4691066,4201.0806604,2496.9083777,2494.3229559,2500.5098576,61.2085658,61.1237538,60.9400536,78.232431,78.1055792,77.6180334,44.7088428,44.6649871,44.7757739,4295.4305253,1211.4252706,3084.0052547,10997.0210433,5412.505931,5584.5151123
1980-12-01,6343.4026891,6351.3971737,6426.5905508,4038.6528022,4047.7091867,4092.4149938,2304.749887,2303.687987,2334.175557,5322.6190876,5326.9248431,5396.5392465,3825.7899528,3828.3343553,3871.518085,1496.8291348,1498.5904878,1525.0211615,1020.7836015,1024.4723306,1030.0513043,212.8628494,219.3748314,220.8969088,807.9207521,805.0974992,809.1543955,57.5753683,57.6399689,58.3223611,74.4782876,74.6383188,75.462678,41.1926537,41.1667859,41.7115972,396.6562588,409.0819689,435.7127091,204.7014392,209.5961072,227.0193731,191.9548196,199.4858617,208.693336,332.7944538,336.7866158,360.0822918,189.7637081,194.3677052,206.7856928,143.0307457,142.4189106,153.296599,63.861805,72.2953531,75.6304173,14.9377311,15.228402,20.2336803,48.9240739,57.0669511,55.396737,5.8850562,6.0510795,6.3493654,4.8240479,4.9232106,5.2557662,7.6883269,7.9693171,8.2070034,5.8845291,5.9463943,6.2550975,4.7257172,4.8317698,5.0703847,8.7221321,8.6787383,9.1339437,5.8878049,6.5916743,6.8401617,6.5573718,6.4911305,8.3911711,5.7097939,6.6190332,6.4075721,6740.058948,6760.4791426,6862.3032599,4243.3542414,4257.3052939,4319.4343669,2496.7047066,2503.1738487,2542.868893,61.175586,61.3524547,62.2765252,78.2532624,78.5031965,79.6488346,44.6234505,44.731588,45.4409364,4156.781755,1103.663649,3053.118106,11019.0850149,5423.0980159,5595.986999
1981-01-01,6358.138356,6357.3314825,6252.9567582,4049.2511518,4049.8529665,4028.8972403,2308.8872042,2307.4785161,2224.0595179,5335.2987583,5340.725877,5339.9154854,3836.7252041,3840.701932,3833.9727033,1498.5735541,1500.0239449,1505.9427821,1022.8395977,1016.6056056,913.0412728,212.5259476,209.1510344,194.924537,810.31365,807.4545711,718.1167358,57.6056655,57.600683,56.6549945,74.5395759,74.555823,74.1700382,41.1920433,41.1687385,39.6804235,392.3796039,399.7333647,433.8454117,202.8319506,210.3262532,234.9491314,189.5476533,189.4071115,198.8962803,328.0635843,338.3017091,379.9190913,187.3960201,195.3987837,219.1484954,140.6675642,142.9029254,160.7705959,64.3160196,61.4316555,53.9263204,15.4359305,14.9274695,15.800636,48.8800891,46.504186,38.1256844,5.8125851,5.9157841,6.488085,4.7701784,4.9370283,5.5102626,7.5866558,7.5857344,8.2088283,5.7927352,5.9570358,6.6421342,4.6568185,4.8412762,5.406907,8.5812613,8.6980698,9.6459654,5.9159902,5.6984724,5.5768488,6.7712771,6.6617142,7.4982195,5.6890649,5.445718,5.0414633,6750.5179599,6757.0648472,6686.8021699,4252.0831024,4260.1792196,4263.8463717,2498.4348575,2496.8856275,2422.9557982,61.1606822,61.2224723,60.5858564,78.2733546,78.427827,78.4953374,44.5736962,44.5480341,43.2290195,4350.1007757,1168.1276931,3181.9730826,11036.9029456,5431.9740648,5604.9288808
1981-02-01,6373.4919039,6372.7865696,6356.5078945,4058.6360281,4057.3083021,4064.0145449,2314.8558757,2315.4782675,2292.4933496,5347.717076,5349.054738,5368.4580998,3846.2767524,3847.7762766,3867.2694709,1501.4403237,1501.2784614,1501.1886289,1025.7748279,1023.7318316,988.0497947,212.3592758,209.5320255,196.745074,813.4155521,814.1998062,791.3047207,57.6440573,57.6359009,57.4886755,74.5813842,74.5560657,74.6792979,41.2261859,41.237237,40.8278898,387.9471083,379.2240861,427.6573366,200.9803077,200.5304058,221.1067004,186.9668006,178.6936802,206.5506362,323.0343577,319.6926401,361.3560948,185.0618691,183.8230496,204.6066672,137.9724886,135.8695905,156.7494276,64.9127506,59.531446,66.3012418,15.9184386,16.7073563,16.5000332,48.9943121,42.8240897,49.8012086,5.7376412,5.6164616,6.3037577,4.7182725,4.709676,5.1598703,7.4732235,7.1644491,8.2651861,5.6965,5.6395641,6.3065936,4.5905811,4.5595565,5.0248745,8.4159699,8.2991633,9.4544803,5.951544,5.4955658,6.2883461,6.9732775,7.3848134,7.7375905,5.6810937,4.9968373,5.9209199,6761.4390122,6752.0106557,6784.1652311,4259.6163358,4257.8387079,4285.1212453,2501.8226764,2494.1719478,2499.0439858,61.1527847,61.0656285,61.3564366,78.2745929,78.2409615,78.7422984,44.5559517,44.419661,44.506429,4272.8087507,1156.8347688,3115.9739819,11056.9739818,5441.9560141,5615.0179677
1981-03-01,6387.0384761,6376.5106015,6428.0698898,4065.9269454,4069.4080857,4089.1976511,2321.1115307,2307.1025158,2338.8722387,5357.9551311,5340.0610878,5367.8137596,3853.0957225,3854.6459985,3872.382286,1504.8594086,1485.4150893,1495.4314736,1029.0833449,1036.4495137,1060.2561302,212.8312228,214.7620872,216.8153651,816.2521221,821.6874265,843.4407651,57.6692523,57.5533124,58.0186778,74.5894301,74.6259999,74.9889068,41.2676441,41.006108,41.5707785,384.1551981,388.7428016,413.3465417,199.2784332,200.600939,204.1366793,184.8767649,188.1418626,209.2098624,318.7220426,320.5998027,333.4179035,183.1156793,184.6803766,186.6287575,135.6063633,135.9194261,146.789146,65.4331555,68.1429989,79.9286382,16.1627539,15.9205624,17.5079218,49.2704017,52.2224364,62.4207164,5.6733748,5.7461676,6.0418269,4.6721885,4.6979043,4.7547352,7.3773994,7.5400175,8.2104836,5.6145881,5.6636462,5.8481732,4.5368208,4.5720588,4.5978874,8.266333,8.3831822,8.9384547,5.9782704,6.1690622,7.0101479,7.0581568,6.9014997,7.4716952,5.6925615,5.9757234,6.8907573,6771.1936742,6765.2534031,6841.4164315,4265.2053786,4270.0090247,4293.3343304,2505.9882956,2495.2443784,2548.0821011,61.1378306,61.0620395,61.7494742,78.2451929,78.3046788,78.7324251,44.5546161,44.3501144,45.2892445,4237.8947977,1159.735766,3078.1590317,11079.3112292,5453.0700964,5626.2411328
1981-04-01,6398.0150907,6404.0255848,6426.3493648,4071.1834138,4071.5774043,4081.7478012,2326.8316769,2332.4481804,2344.6015636,5365.4660502,5379.3358226,5383.1407028,3857.1149568,3862.0688176,3866.2083668,1508.3510934,1517.267005,1516.932336,1032.5490405,1024.6897621,1043.208662,214.0684571,209.5085867,215.5394344,818.4805835,815.1811754,827.6692276,57.6742085,57.7271613,57.9283923,74.5650951,74.5724482,74.7587228,41.3015191,41.401608,41.6173339,381.9424858,376.6605976,379.4854078,198.274306,194.91681,188.7453164,183.6681798,181.7437876,190.7400914,316.5080425,311.0846985,309.2628965,182.1916809,178.3779362,172.5161843,134.3163617,132.7067623,136.7467122,65.4344433,65.5758991,70.2225113,16.0826251,16.5388739,16.2291321,49.3518182,49.0370253,53.9933792,5.6334052,5.5549038,5.5758833,4.6440161,4.5685474,4.4197546,7.3160004,7.2287156,7.52325,5.5703887,5.4668139,5.4329053,4.5104692,4.4148072,4.2715511,8.1767226,8.042962,8.2692414,5.9595107,6.0146716,6.3068569,6.9878555,7.3165493,7.0023008,5.6867914,5.6741486,6.124041,6779.9575765,6780.6861824,6805.8347726,4269.4577198,4266.4942143,4270.4931176,2510.4998567,2514.191968,2535.341655,61.1171873,61.1224549,61.3491493,78.1965558,78.1424218,78.2156632,44.5616496,44.627611,45.0030239,4287.7742662,1189.4019283,3098.3723379,11093.6090388,5459.8950459,5633.7139929
1981-05-01,6407.5646989,6405.0921132,6412.3507268,4075.1655911,4072.9393567,4076.6644106,2332.3991078,2332.1527565,2335.6863162,5371.6359828,5363.4442684,5361.7955497,3859.2999147,3854.3078472,3854.3176223,1512.3360681,1509.1364212,1507.4779274,1035.9287161,1041.6478448,1050.5551771,215.8656764,218.6315094,222.3467883,820.0630398,823.0163354,828.2083888,57.6681168,57.6506391,57.7159721,74.5206833,74.4887149,74.5568412,41.333844,41.3332012,41.3958271,382.0353345,379.1608659,379.2965304,198.6200412,197.024324,194.0738963,183.4152933,182.1365419,185.2226341,317.2740427,313.2316962,310.5832685,182.8999347,180.1416552,176.4660833,134.374108,133.0900409,134.1171852,64.7612918,65.9291698,68.7132619,15.7201065,16.8826688,17.607813,49.0411853,49.046501,51.1054489,5.6267723,5.5888374,5.5847502,4.647403,4.614192,4.5442704,7.2904938,7.2440567,7.3474543,5.5770621,5.5178717,5.4753619,4.5247623,4.4650864,4.3779596,8.1601553,8.1042441,8.1699308,5.8836994,5.9525585,6.1391226,6.7880275,7.1684299,7.3379768,5.6427278,5.6241935,5.8119691,6789.6000334,6784.2529791,6791.6472572,4273.7856323,4269.9636807,4270.7383069,2515.8144012,2514.2892984,2520.9089503,61.1064369,61.0633716,61.1299257,78.1527568,78.0920312,78.1061981,44.5842564,44.5612428,44.6785642,4318.5367975,1197.1226482,3121.4141493,11110.1840547,5467.8609551,5642.3230996
1981-06-01,6416.9511061,6420.8056559,6413.9448045,4078.3915222,4076.0673325,4074.3755909,2338.559584,2344.7383233,2339.5692136,5377.7887758,5380.6395385,5364.7422116,3860.6921232,3856.5671748,3851.8960134,1517.0966526,1524.0723637,1512.8461982,1039.1623304,1040.1661174,1049.2025929,217.6993989,219.5001577,222.4795775,821.4629314,820.6659597,826.7230154,57.6604398,57.69977,57.6381158,74.4626075,74.4348922,74.4039985,41.3765601,41.4855478,41.3940906,384.6390441,364.6779896,353.673309,200.5968875,190.3422444,182.4774549,184.0421566,174.3357452,171.1958541,320.9069636,303.7003098,292.5019955,185.3964414,176.8590614,170.0843549,135.5105222,126.8412484,122.4176406,63.7320805,60.9776799,61.1713135,15.2004461,13.483183,12.3931,48.5316344,47.4944968,48.7782135,5.6551341,5.3743846,5.2259643,4.6879512,4.4614152,4.286675,7.2957278,6.920628,6.8184736,5.6312353,5.3427543,5.1703972,4.5821153,4.3848344,4.2288708,8.1998024,7.6830942,7.4861094,5.7786203,5.5376673,5.5090734,6.5266021,5.7871876,5.2765184,5.5783836,5.4707049,5.5714615,6801.5901502,6785.4836455,6767.6181135,4278.9884097,4266.409577,4256.8530458,2522.6017405,2519.0740685,2510.7650677,61.1166695,60.9769034,60.816356999999996,78.1250728,77.9108172,77.7363011,44.6328515,44.5700771,44.4230656,4360.3389861,1219.1639318,3141.1750543,11127.9570996,5476.0169776,5651.940122
1981-07-01,6425.1604164,6418.434163,6425.3216636,4080.1278816,4079.8244341,4078.0989703,2345.0325348,2338.609729,2347.2226933,5384.1056298,5383.3147443,5383.5044564,3861.6665651,3862.8644561,3865.3233152,1522.4390646,1520.4502882,1518.1811412,1041.0547866,1035.1194188,1041.8172072,218.4613165,216.959978,212.7756551,822.5934701,818.1594408,829.0415521,57.6405341,57.581412,57.6432015,74.3750158,74.3749355,74.3434804,41.4235644,41.3092232,41.4613626,389.1519566,396.9399585,378.2357853,203.8803643,205.1519999,197.2955961,185.2715923,191.7879586,180.9401892,326.2060304,332.6609872,317.6126332,189.0342531,189.1257231,182.6563437,137.1717773,143.5352641,134.9562895,62.9459262,64.2789713,60.6231521,14.8461112,16.0262768,14.6392524,48.099815,48.2526944,45.9838997,5.710803,5.8241844,5.5593825,4.759103,4.7877043,4.6146757,7.3221077,7.5793603,7.1569831,5.7125784,5.819846,5.5710596,4.6667049,4.6674773,4.5122841,8.2652977,8.6259922,8.1636461,5.7016201,5.8467405,5.4989961,6.3633256,6.8786362,6.437244,5.5243122,5.5692542,5.25515,6814.312373,6815.3741215,6803.5574489,4284.0082459,4284.976434,4275.3945664,2530.3041271,2530.3976875,2528.1628825,61.1316417,61.1424617,61.0364514,78.0914692,78.1148432,77.9401664,44.6962736,44.6969674,44.6574918,4343.1545537,1210.0884183,3133.0661354,11146.7120026,5485.4829847,5661.2290179
1981-08-01,6431.7828732,6434.4414556,6393.7436143,4080.1839214,4084.5635281,4057.9118487,2351.5989518,2349.8779275,2335.8317656,5390.6704522,5393.3357527,5337.1235309,3862.5103977,3865.4370414,3835.6095023,1528.1600545,1527.8987112,1501.5140286,1041.1124209,1041.1057029,1056.6200834,217.6735237,219.1264866,222.3023464,823.4388973,821.9792163,834.317737,57.6037571,57.6279928,57.2634957,74.2530804,74.333124,73.8481021,41.4701091,41.4401447,41.1924403,394.4447328,399.5173971,380.5569383,207.6293755,206.9331289,200.4542038,186.8153574,192.5842682,180.1027345,331.5840005,336.6578492,323.7067263,192.7619179,193.3835807,187.7962357,138.8220827,143.2742684,135.9104906,62.8607323,62.8595479,56.850212,14.8674576,13.5495482,12.6579681,47.9932747,49.3099998,44.1922439,5.7783707,5.8460609,5.6176565,4.8423138,4.8219338,4.7073033,7.3595298,7.5747151,7.1584826,5.7946392,5.8753617,5.7183613,4.7533656,4.7645264,4.6675938,8.3277487,8.5732758,8.3002599,5.6940454,5.6939789,5.1056784,6.3934785,5.8233536,5.3872792,5.5074022,5.6594296,5.0303633,6826.227606,6833.9588527,6774.3005526,4287.8132969,4291.496657,4258.3660525,2538.4143091,2542.4621958,2515.9345001,61.1364476,61.2061411,60.6718308,78.0316162,78.0990064,77.4960775,44.7645711,44.8363721,44.3685557,4391.178486,1236.5779354,3154.6005506,11165.4790386,5494.9439879,5670.5350507
1981-09-01,6436.7706134,6459.2209947,6502.6970811,4079.3346398,4083.1843611,4099.5113907,2357.4359736,2376.0366336,2403.1856904,5397.3931185,5411.0133666,5436.2127986,3863.572499,3866.1212987,3879.7647469,1533.8206195,1544.892068,1556.4480517,1039.3774949,1048.207628,1066.4842825,215.7621407,217.0630624,219.7466438,823.6153542,831.1445656,846.7376387,57.5491864,57.752918,58.1416445,74.1103958,74.1803023,74.4769198,41.5013568,41.8328975,42.3108883,399.609742,398.5697104,393.9593362,211.0327395,213.3444522,210.030253,188.5770025,185.2252583,183.9290832,335.8989055,339.4258565,330.2459458,195.8204578,198.1857145,194.647301,140.0784476,141.240142,135.5986448,63.7108366,59.1438539,63.7133904,15.2122817,15.1587377,15.382952,48.4985549,43.9851163,48.3304384,5.845341,5.8119258,5.7123237,4.9187569,4.9655073,4.87361,7.4067573,7.2317969,7.1094288,5.8587441,5.9026075,5.7270148,4.8238852,4.8762486,4.7773102,8.3683927,8.3765758,8.0138831,5.7756786,5.3410191,5.637367,6.5861326,6.5276979,6.5423291,5.5610344,5.0261255,5.3996383,6836.3803554,6857.7907051,6896.6564173,4290.3673793,4296.5288133,4309.5416437,2546.0129761,2561.2618918,2587.1147736,61.1219742,61.3165929,61.6640974,77.9442857,78.056188,78.2925956,44.8211506,45.0940043,45.5491744,4287.5767303,1194.8634803,3092.71325,11184.2331476,5504.405124,5679.8280236
1981-10-01,6440.3695784,6429.8127693,6445.3353656,4078.4355163,4060.8056557,4062.9280204,2361.9340621,2369.0071136,2382.4073452,5404.0956121,5390.3936267,5382.9518085,3865.3031771,3844.6187698,3841.8013676,1538.7924351,1545.7748569,1541.1504409,1036.2739663,1039.4191426,1062.3835571,213.1323392,216.1868859,221.1266528,823.1416271,823.2322567,841.2569043,57.4795181,57.3854529,57.5239906,73.9630205,73.6417516,73.6802401,41.5069773,41.6321338,41.867625,404.438263,401.1440981,373.9789126,213.7921054,213.9642167,200.8422099,190.6461576,187.1798814,173.1367027,339.0984048,335.1550562,306.6893825,198.0151302,199.041557,186.4572031,141.0832746,136.1134992,120.2321794,65.3398582,65.9890419,67.2895301,15.7769752,14.9226597,14.3850068,49.562883,51.0663822,52.9045233,5.9086869,5.8724437,5.4841132,4.9809126,5.0052804,4.710437,7.4687626,7.3226208,6.774945,5.9043522,5.8536758,5.3903115,4.873237,4.9223115,4.6287298,8.3984353,8.0928974,7.2368748,5.9312852,5.9696538,5.9565489,6.8922382,6.4569638,6.1079807,5.6792285,5.8408397,5.9166636,6844.8078414,6830.9568674,6819.3142782,4292.2276217,4274.7698724,4263.7702303,2552.5802197,2556.186995,2555.5440479,61.0890806,60.9656249,60.861716,77.8401714,77.5219421,77.3224662,44.8572595,44.92157,44.9102711,4385.2897502,1250.5006409,3134.7891093,11204.6040284,5514.2708712,5690.3331572
1981-11-01,6443.377825,6416.8625219,6433.3433932,4078.2626659,4061.7837445,4052.5954348,2365.1151591,2355.0787774,2380.7479584,5410.3052071,5386.5671131,5369.3133977,3867.638261,3854.3679806,3840.3189659,1542.6669461,1532.1991325,1528.9944318,1033.0726179,1030.2954088,1064.0299955,210.6244049,207.4157639,212.2764689,822.448213,822.8796449,851.7535266,57.4026826,57.1661954,57.3130193,73.8258648,73.52828,73.361949,41.4881431,41.3112718,41.7615441,408.9697251,409.2360427,375.0185877,216.0798984,218.3852393,201.5237266,192.8898268,190.8508034,173.4948611,341.7666454,340.8394738,313.1941994,199.683223,200.510192,186.6599473,142.0834224,140.3292819,126.5342521,67.2030797,68.3965688,61.8243883,16.3966753,17.8750473,14.8637793,50.8064044,50.5215216,46.960609,5.9683156,5.9951675,5.5082058,5.0317341,5.1022574,4.7371434,7.5406353,7.4963112,6.7924185,5.9416268,5.9510263,5.5115492,4.9094527,4.9449129,4.6352353,8.4335,8.390248,7.6431326,6.1078401,6.2252724,5.4913308,7.2225343,7.9342105,6.5438774,5.8180516,5.7844578,5.225311,6852.3475501,6826.0985646,6808.3619809,4294.3425643,4280.1689838,4254.1191614,2558.0049858,2545.9295808,2554.2428195,61.0461069,60.8119751,60.6539644,77.7374042,77.4815902,77.0100243,44.8717588,44.6590535,44.8048789,4416.5629583,1269.9917575,3146.5712008,11224.9249392,5524.1109189,5700.8140203
1981-12-01,6446.5030503,6430.035084,6506.8649371,4079.2855935,4066.857034,4110.9856866,2367.2174568,2363.17805,2395.8792505,5415.0410368,5413.8801064,5484.7449727,3869.968107,3861.8368149,3904.9642041,1545.0729298,1552.0432916,1579.7807686,1031.4620135,1016.1549776,1022.1199644,209.3174865,205.0202191,206.0214825,822.144527,811.1347584,816.0984819,57.3258118,57.1798881,57.8631071,73.7079093,73.4890263,74.286441,41.4498106,41.3771707,41.94974,413.8399733,412.386965,437.5614813,218.5425606,217.2401532,233.8495256,195.2974127,195.1468118,203.7119557,345.0509776,341.8926642,362.1349966,201.6980843,196.8835826,207.2351058,143.3528934,145.0090816,154.8998908,68.7889957,70.4943008,75.4264847,16.8444763,20.3565706,26.6144198,51.9445194,50.1377301,48.8120649,6.032351,6.0269151,6.3009017,5.0849534,5.0708503,5.3822415,7.6213182,7.6279137,7.8363073,5.9903727,5.9399959,6.1936451,4.9536989,4.8508782,5.03952,8.4903282,8.5447617,8.9295912,6.2521184,6.4873094,6.8722818,7.4479705,9.0322391,11.4403751,5.9427034,5.8213551,5.6435969,6860.3430236,6842.422049,6944.4264184,4297.828154,4284.0971872,4344.8352122,2562.5148696,2558.3248618,2599.5912062,61.005902,60.8470905,61.7541771,77.6567172,77.414605,78.5121548,44.8694546,44.7940199,45.5165573,4300.847581,1189.1298444,3111.7177366,11245.2739994,5533.9650566,5711.3089428
1982-01-01,6449.4877079,6469.0777999,6355.4986577,4081.0866802,4097.1525778,4070.6324168,2368.4010278,2371.9252222,2284.8662409,5417.6763231,5435.0769151,5424.9259221,3871.268544,3884.2700289,3872.4290465,1546.4077791,1550.8068863,1552.4968756,1031.8113848,1034.0008848,930.5727356,209.8181361,212.8825489,198.2033703,821.9932487,821.1183359,732.3693653,57.2476809,57.421162,56.4130049,73.6030042,73.8951201,73.4168098,41.3957796,41.4565995,39.9349793,419.472771,411.5509512,443.8617791,221.5781942,215.2385768,239.8523402,197.8945768,196.3123744,204.0094389,349.5416534,339.33944,380.457641,204.4455326,198.7898533,222.1845717,145.0961208,140.5495868,158.2730693,69.9311176,72.2115111,63.4041381,17.1326615,16.4487235,17.6677685,52.7984561,55.7627876,45.7363696,6.1067868,5.9812986,6.5279931,5.1497897,4.9911654,5.5643937,7.7112931,7.6438556,8.1968513,6.0608365,5.8766015,6.5535315,5.0161893,4.868649,5.4262647,8.5779359,8.3098737,9.2515694,6.3473196,6.5278161,6.3788343,7.5490642,7.172473,8.1844051,6.035546,6.3592186,5.8779119,6868.9604789,6880.6287511,6799.3604368,4302.6648743,4312.3911545,4310.484757,2566.2956046,2568.2375965,2488.8756798,60.9710531,61.0741917,60.3528337,77.5991998,77.7771041,77.7427208,44.8546534,44.8877547,43.5006641,4466.6564432,1234.0661826,3232.5902606,11266.01688,5544.5509396,5721.4659404
1982-02-01,6451.1831066,6450.3414664,6432.3522678,4082.7526117,4087.5410894,4093.0865766,2368.4304949,2362.8003769,2339.2656912,5417.0429097,5417.6682157,5435.5982495,3870.5265619,3876.1617915,3894.7745811,1546.5163478,1541.5064241,1540.8236684,1034.1401969,1032.6732507,996.7540183,212.2260498,211.3792979,198.3119955,821.914147,821.2939528,798.4420228,57.1594266,57.1527736,56.9933816,73.4968432,73.5811091,73.6809351,41.3229916,41.2284937,40.8178371,425.9628441,434.3050189,488.8427456,225.4037505,229.9240019,252.9357729,200.5590936,204.381017,235.9069727,355.1363044,363.7619069,410.123631,207.9369555,214.0986355,237.4042864,147.1993489,149.6632714,172.7193446,70.8265397,70.543112,78.7191146,17.466795,15.8253664,15.5314865,53.3597447,54.7177456,63.1876281,6.1938898,6.3083126,7.0629818,5.2320234,5.3254397,5.8199372,7.8069251,7.9613002,9.1608216,6.1525516,6.2919018,7.015791,5.098414,5.2343522,5.7452568,8.6909125,8.8496898,10.079662,6.4098346,6.3943134,7.3194869,7.6044141,6.9652472,7.2630161,6.0963483,6.2462346,7.333502,6877.1459507,6884.6464853,6921.1950134,4308.1563622,4317.4650914,4346.0223495,2568.9895885,2567.1813939,2575.1726639,60.9335858,61.0009011,61.3247366,77.5545135,77.7200431,78.2341113,44.8222295,44.7947372,44.9341768,4364.9439834,1209.1277986,3155.8161848,11286.1389968,5555.1501481,5730.9888487
1982-03-01,6450.4776814,6443.1059094,6497.3609838,4082.8940608,4082.007809,4102.1415563,2367.5836206,2361.0981005,2395.2194275,5412.0736623,5403.212467,5431.2937304,3866.5831643,3872.325876,3890.1127972,1545.490498,1530.886591,1541.1809332,1038.4040191,1039.8934424,1066.0672534,216.3108965,209.6819329,212.0287591,822.0931226,830.2115095,854.0384943,57.0521167,56.9843599,57.4642046,73.3661502,73.3416902,73.7034345,41.2367891,41.1265399,41.7208787,433.1345825,434.9008353,463.8723655,230.0835722,233.5388583,239.1206479,203.0510104,201.3619771,224.7517176,361.3544874,362.0770242,377.709613,212.0651971,213.6942691,217.0704894,149.2892903,148.3827551,160.6391236,71.7800951,72.8238111,86.1627525,18.0183751,19.8445892,22.0501585,53.76172,52.979222,64.112594,6.2922571,6.323065,6.663652,5.3346804,5.4115707,5.5080904,7.898867,7.8581508,8.5784043,6.2589241,6.2802922,6.5021414,5.1993989,5.2298878,5.2851425,8.8087722,8.8361498,9.4392543,6.4656028,6.5446825,7.4779126,7.6893403,8.6458806,9.4199677,6.1381998,5.9986162,6.9827934,6883.612264,6878.0067448,6961.2333493,4312.977633,4315.5466672,4341.2622042,2570.634631,2562.4600776,2619.9711451,60.8830337,60.8307262,61.5668021,77.5005573,77.5376975,77.9997302,44.7733787,44.6339424,45.6356929,4345.5636792,1224.4778223,3121.0858569,11306.7970285,5565.7400265,5741.057002
1982-04-01,6446.2409613,6455.7226485,6431.5625043,4080.5675955,4086.5877413,4072.7525301,2365.6733658,2369.1349072,2358.8099742,5402.8974,5403.0695002,5371.2249282,3859.4861003,3857.3149537,3835.900993,1543.4112997,1545.7545466,1535.3239352,1043.3435613,1052.6531483,1060.3375761,221.0814952,229.2727876,236.8515371,822.2620661,823.3803607,823.486039,56.9166074,56.9991909,56.7858749,73.1957943,73.3031,73.0549311,41.1341907,41.1946665,41.0151359,440.8596765,436.5109846,440.0311114,235.6733066,234.9642703,228.138499,205.1863699,201.5467143,211.8926124,367.7223526,368.2626046,366.3770834,216.740156,217.7021878,211.0468163,150.9821966,150.5604168,155.3302671,73.1373239,68.24838,73.654028,18.9331506,17.2620825,17.0916827,54.2041733,50.9862975,56.5623453,6.4012376,6.3333748,6.4036254,5.4601518,5.4370344,5.3044473,7.9812355,7.8402052,8.2425954,6.3723199,6.3808944,6.3855437,5.3171768,5.3423625,5.2149626,8.9106926,8.8757348,9.1875835,6.5507009,6.0887043,6.4951123,7.8883314,7.0018827,6.7305135,6.1843994,5.8312262,6.4271859,6887.1006378,6892.2336331,6871.5936157,4316.2409021,4321.5520116,4300.8910291,2570.8597357,2570.6816216,2570.7025866,60.8091452,60.8532556,60.6710197,77.4232196,77.5177677,77.1471616,44.7019593,44.6991734,44.699538,4454.3963652,1274.0270073,3180.3693579,11325.9899809,5574.9180364,5751.0719445
1982-05-01,6439.0852087,6432.7832071,6440.9045245,4076.222687,4074.0692757,4077.386165,2362.8625217,2358.7139314,2363.5183595,5390.6774113,5385.8827614,5382.9822718,3850.5398286,3846.9173646,3846.1221596,1540.1375827,1538.9653969,1536.8601122,1048.4077974,1046.9004457,1057.9222527,225.6828583,227.1519111,231.2640054,822.724939,819.7485345,826.6582473,56.7587097,56.704157,56.7757454,72.9945027,72.9587276,73.0181267,41.0180896,40.9471149,41.0305194,450.1857529,454.03648,453.762636,242.7095997,244.3228272,240.8747568,207.4761532,209.7136529,212.8878792,375.1543032,379.0486824,375.6648792,222.6107655,225.0988166,220.8816172,152.5435377,153.9498658,154.783262,75.0314497,74.9877976,78.0977568,20.0988343,19.2240106,19.9931396,54.9326155,55.763787,58.1046172,6.5345921,6.5928324,6.5813567,5.6196667,5.6577268,5.5780501,8.0719383,8.16506,8.2629779,6.506508,6.575077,6.5234919,5.4653213,5.527945,5.431065,9.0119477,9.0937727,9.1498755,6.6787278,6.6840702,6.8746814,8.1775148,7.8027148,7.9572422,6.2590033,6.369275,6.5672532,6889.2709617,6886.8196871,6894.6671605,4318.9322867,4318.3921029,4318.2609218,2570.338675,2568.4275842,2576.4062387,60.7269694,60.7064302,60.7756047,77.3407978,77.3340785,77.3317293,44.6197699,44.5877298,44.7262387,4449.7977762,1265.8129904,3183.9847858,11344.4649367,5584.0739122,5760.3910245
1982-06-01,6430.8934933,6420.7808816,6414.2775552,4070.7939175,4066.9466823,4064.9296085,2360.0995758,2353.8341992,2349.3479467,5376.780791,5374.1187074,5357.1391937,3841.0128051,3835.9241401,3831.0072975,1535.767986,1538.1945673,1526.1318962,1054.1127023,1046.6621742,1057.1383615,229.7811124,231.0225422,233.922311,824.3315898,815.639632,823.2160505,56.5956777,56.5062904,56.4490577,72.7797138,72.7118224,72.6757597,40.9053118,40.7964115,40.7186562,462.9087837,466.023927,451.6282391,252.4467176,251.2208065,240.648827,210.4620661,214.8031204,210.9794121,385.8477953,383.2429156,369.6601344,231.2030742,225.4408424,216.7736179,154.6447211,157.8020732,152.8865165,77.0609884,82.7810114,81.9681047,21.2436435,25.7799641,23.8752091,55.817345,57.0010473,58.0928956,6.7148544,6.7669106,6.5778391,5.8392937,5.8177643,5.5892334,8.1873962,8.3625321,8.2403296,6.6956909,6.6565719,6.4549168,5.6775741,5.5508639,5.3553693,9.1483411,9.304386,9.1057082,6.8124806,7.3293648,7.1958247,8.4627683,10.0388289,9.2612253,6.3418068,6.5320181,6.5916607,6893.802277,6886.8048085,6865.9057943,4323.2406351,4318.1674889,4305.5784355,2570.5616419,2568.6373196,2560.3273588,60.6695496,60.6075491,60.4236266,77.293084,77.2033302,76.978254,44.5530462,44.519357,44.3753296,4497.0430689,1287.6614881,3209.3815808,11362.9488632,5593.2399236,5769.7089396
1982-07-01,6422.8481665,6419.8914923,6425.8984225,4064.447112,4065.5115868,4063.9159657,2358.4010545,2354.3799055,2361.9824568,5361.6501133,5359.0524226,5361.0525719,3831.030983,3834.7077196,3837.8190134,1530.6191303,1524.3447029,1523.2335585,1061.1980532,1060.8390698,1064.8458506,233.416129,230.8038672,226.0969523,827.7819241,830.0352026,838.7488983,56.4380755,56.4112559,56.4640385,72.5545599,72.5735899,72.5451064,40.8133922,40.7430917,40.8746557,480.988642,474.2442202,453.3858175,265.9727344,263.7113815,254.0510155,215.0159076,210.5328387,199.334802,402.05979,394.8625683,378.5838979,243.9508691,241.2497187,233.7009537,158.1089209,153.6128495,144.8829442,78.9288521,79.3816519,74.8019196,22.0218653,22.4616628,20.3500618,56.9069867,56.9199891,54.4518578,6.9669758,6.878951,6.5905958,6.1419618,6.0914253,5.8835794,8.3552689,8.2081872,7.7825112,6.9757118,6.8625026,6.595956,5.9865511,5.9188478,5.7398946,9.362604,9.1547518,8.6854212,6.9228129,6.9619549,6.5635999,8.6212176,8.8688195,8.2573781,6.4324291,6.4174594,6.0962619,6903.8368085,6894.1357125,6879.28424,4330.4198464,4329.2229683,4317.9669812,2573.4169621,2564.9127442,2561.3172588,60.6645608,60.5784155,60.4479163,77.3024467,77.281111,77.08018,44.5343575,44.3864115,44.3241908,4501.2308495,1283.949075,3217.2817745,11380.5150895,5601.9160562,5778.5990333
1982-08-01,6413.464828,6416.4024361,6379.3474902,4055.8593139,4050.9728548,4024.3450824,2357.6055141,2365.4295813,2355.0024078,5343.932002,5340.537161,5285.9052817,3819.4398535,3811.7932047,3782.4881506,1524.4921485,1528.7439564,1503.4171311,1069.5328261,1075.865275,1093.4422085,236.4194604,239.1796501,241.8569318,833.1133656,836.6856249,851.5852767,56.2725783,56.2936794,55.9685814,72.2952121,72.2023787,71.7277795,40.7392222,40.8713117,40.6911447,505.3863853,483.7950184,461.3568157,283.8475263,280.3625656,271.66564,221.538859,203.4324528,189.6911757,425.0548843,402.3960283,387.5954299,261.6164198,257.4994807,250.3587854,163.4384645,144.8965476,137.2366445,80.3315009,81.3989902,73.7613858,22.2311065,22.8630849,21.3068546,58.1003945,58.5359052,52.4545312,7.3044841,7.0113214,6.7442882,6.5407074,6.4728897,6.3236723,8.5896261,7.9191662,7.4543818,7.3679295,7.0068032,6.8316803,6.4105075,6.3278683,6.2079913,9.6827715,8.657567,8.3647535,6.9861721,7.0337426,6.3194961,8.5950349,8.7249452,8.0964235,6.5192434,6.5387061,5.8022369,6918.8512133,6900.1974545,6840.7043059,4339.7068402,4331.3354204,4296.0107224,2579.1443731,2568.8620341,2544.6935835,60.7069044,60.5382076,60.0162503,77.3547606,77.1994115,76.5698029,44.5673948,44.3863397,43.9687427,4557.3824943,1314.5701601,3242.8123342,11398.0868002,5610.5808825,5787.5059177
1982-09-01,6400.2087494,6400.72836,6443.5173213,4043.423514,4048.5414439,4065.662912,2356.7852354,2352.1869161,2377.8544093,5321.870935,5333.1268964,5357.5161866,3804.819426,3814.5805628,3828.4921082,1517.051509,1518.5463337,1529.0240784,1078.3378144,1067.6014636,1086.0011347,238.604088,233.9608812,237.1708038,839.7337264,833.6405824,848.8303309,56.0762121,56.0684069,56.443225,71.9724416,72.0432566,72.3479309,40.6661195,40.5806324,41.0234557,535.22708,513.6966005,509.0759687,305.339321,298.4907718,294.3297544,229.887759,215.2058287,214.7462143,453.943546,433.7439832,423.0818628,283.3117883,276.7274975,272.1669533,170.6317577,157.0164858,150.9149095,81.283534,79.9526173,85.9941059,22.0275327,21.7632743,22.1628011,59.2560014,58.1893429,63.8313048,7.7172811,7.4293467,7.3221019,7.0212916,6.8665415,6.7506938,8.8873916,8.3822714,8.2830426,7.8593858,7.5213056,7.3189981,6.9301051,6.7637903,6.6371515,10.1104135,9.3709698,8.9833566,7.0094893,6.96722,7.3374108,8.4515964,8.5104492,8.5460583,6.5913992,6.524713,6.9939726,6935.4358294,6914.4249605,6952.59329,4348.762835,4347.0322157,4359.9926664,2586.6729944,2567.3927448,2592.6006236,60.7656696,60.5682307,60.9025735,77.4074439,77.3548602,77.5854897,44.6328123,44.2934277,44.7283216,4463.33364,1259.6053811,3203.7282589,11415.92693,5619.5980475,5796.3288825
1982-10-01,6382.2214317,6402.8755065,6421.0676214,4027.0809701,4044.4353574,4049.4426571,2355.1404616,2358.4401492,2371.6249643,5295.4203844,5301.8006713,5296.9121354,3786.7099786,3794.7025083,3794.2715975,1508.7104058,1507.0981631,1502.6405379,1086.8010473,1101.0748352,1124.155486,240.3709915,249.7328491,255.1710596,846.4300559,851.3419861,868.9844264,55.8399672,56.016325,56.1754809,71.5834006,71.8835906,71.9725877,40.5792828,40.6346947,40.8618621,567.6797442,579.160246,540.6244616,328.5103904,328.6590546,308.2427812,239.1693538,250.5011914,232.3816804,485.8827809,487.4628505,447.9716154,306.9285901,307.035056,287.6192958,178.9541908,180.4277945,160.3523196,81.7969633,91.6973955,92.6528462,21.5818003,21.6239985,20.6234854,60.215163,70.0733969,72.0293608,8.16817,8.2950054,7.7657049,7.5422684,7.5154804,7.0735436,9.2189974,9.6016414,8.9240049,8.4043816,8.4201185,7.797749,7.4976964,7.4854876,7.0462269,10.6036585,10.691853,9.6423938,6.9995809,7.6877541,7.6144158,8.2388129,7.968842,7.4778438,6.6415354,7.6049736,7.6544427,6949.9011759,6982.0357525,6961.692083,4355.5913605,4373.094412,4357.6854383,2594.3098154,2608.9413406,2604.0066447,60.8067673,61.0831779,60.9051989,77.4228389,77.7249976,77.4511269,44.7001923,44.9506996,44.8656774,4468.682021,1268.6825839,3199.9994371,11430.374104,5626.3680222,5804.0060818
1982-11-01,6358.9500027,6345.6349569,6366.813634,4007.1281005,4007.4987833,4002.5590679,2351.8219022,2338.1361736,2364.2545661,5265.1940116,5268.2031385,5255.0535461,3765.2128231,3762.9502513,3752.1561344,1499.9811884,1505.2528872,1502.8974117,1093.7559912,1077.4318184,1111.7600879,241.9152774,244.5485319,250.4029335,851.8407137,832.8832865,861.3571544,55.557259,55.4487905,55.6338519,71.1306754,71.1501384,71.0624374,40.4631291,40.2316607,40.6810726,599.8512237,603.1258657,555.1838611,351.5275407,352.821668,327.70817,248.323683,250.3041978,227.4756911,517.744419,527.3377758,486.4407575,330.3799588,336.6904732,314.2612708,187.3644601,190.6473025,172.1794867,82.1068047,75.78809,68.7431036,21.1475819,16.1311947,13.4468992,60.9592228,59.6568952,55.2962044,8.6200368,8.6796176,8.020573,8.065045,8.0916454,7.5678509,9.5503761,9.6700778,8.7769817,8.9529644,9.099026,8.472372,8.0667189,8.2126824,7.7282099,11.1040948,11.2416582,10.2789004,6.9826858,6.571868,5.8232035,8.0389843,6.1881278,5.0964213,6.6782676,6.683945,6.0324008,6958.8012264,6948.7608226,6921.9974951,4358.6556412,4360.3204512,4330.2672379,2600.1455852,2588.4403714,2591.7302572,60.7980754,60.7189644,60.4851038,77.3706535,77.4142227,76.8806504,44.7355416,44.5385756,44.5951837,4522.1384418,1302.1867186,3219.9517232,11444.1359369,5632.4539565,5811.6819804
1982-12-01,6332.3866988,6295.5589326,6370.1002919,3985.1899725,3962.2260073,4003.7447596,2347.1967263,2333.3329253,2366.3555323,5234.3528721,5198.1166214,5265.2208078,3742.0690742,3721.5595512,3762.2268193,1492.2837979,1476.5570701,1502.9939885,1098.0338267,1097.4423112,1104.8794841,243.1208983,240.666456,241.5179403,854.9129285,856.7758552,863.3615438,55.2439495,54.9396144,55.5901164,70.6402659,70.2575045,70.9937079,40.3230243,40.095248,40.6626979,629.6922296,653.3230963,677.4742334,373.1350825,390.0905776,405.0967437,256.5571471,263.2325187,272.3774897,546.9571628,568.0723697,588.0583585,352.0850285,369.5272051,378.7177005,194.8721344,198.5451645,209.340658,82.7350668,85.2507266,89.4158749,21.050054,20.5633725,26.3790432,61.6850128,64.6873541,63.0368317,9.0446006,9.4018447,9.6128708,8.5614331,8.9628263,9.1882809,9.8533563,10.1377194,10.322283,9.4607824,9.851782,10.0466481,8.5997014,9.032495,9.145684,11.5503334,11.8527192,12.2254525,7.0068806,7.2081871,7.4869147,7.9683454,7.8717552,9.8467115,6.7297787,7.0200691,6.8045059,6962.0789285,6948.8820289,7047.5745253,4358.325055,4352.3165849,4408.8415033,2603.7538735,2596.565444,2638.733022,60.7374052,60.6409857,61.5022481,77.2543449,77.174523,78.1768131,44.7304777,44.6185515,45.3431457,4411.4773735,1230.7354117,3180.7419618,11459.0518988,5639.576915,5819.4749838
1983-01-01,6306.1894568,6296.5666212,6172.0479179,3963.8598003,3957.8271881,3924.3611859,2342.3296565,2338.7394331,2247.686732,5206.9392627,5200.7620603,5182.1152829,3719.9282949,3716.9388535,3700.1172196,1487.0109678,1483.8232067,1481.9980633,1099.2501941,1095.804561,989.932635,243.9315054,240.8883346,224.2439663,855.3186887,854.9162264,765.6886687,54.9311244,54.8532921,53.7685325,70.1564837,70.0556665,69.4633002,40.1768586,40.119894,38.5579309,655.4605347,645.4211131,694.5869849,392.3751813,393.7736563,431.6801949,263.0853534,251.6474567,262.90679,571.9857787,571.1051672,628.1620694,371.1654855,373.4669449,409.5994404,200.8202933,197.6382223,218.562629,83.474756,74.3159459,66.4249155,21.2096959,20.3067114,22.0807545,62.2650601,54.0092345,44.344161,9.4153044,9.2973531,10.1153912,9.0072088,9.0489379,9.9099195,10.0976371,9.7146669,10.4718979,9.8977885,9.8946345,10.8112235,9.0725245,9.1303153,9.9666102,11.8981262,11.7539552,12.8523863,7.0578334,6.3511361,6.2881091,7.9993965,7.7745393,8.9640838,6.7857632,5.9420972,5.4743659,6961.6499915,6941.9877343,6866.6349028,4356.2349816,4351.6008444,4356.0413808,2605.4150099,2590.3868899,2510.593522,60.6406237,60.4759552,59.81951,77.1011449,77.0256716,77.1042715,44.6894357,44.4367791,43.0679642,4612.2871173,1293.5047425,3318.7823748,11478.9220201,5649.5461233,5829.3758968
1983-02-01,6284.5344392,6289.3549853,6263.9474593,3945.9384264,3951.8865562,3951.8272351,2338.5960128,2337.4684291,2312.1202242,5187.1588316,5184.4448131,5198.7763236,3701.7956109,3707.2233411,3722.570509,1485.3632207,1477.221472,1476.2058146,1097.3756076,1104.9101722,1065.1711357,244.1428155,244.6632151,229.2567261,853.2327921,860.2469571,835.9144096,54.6554673,54.6992043,54.4782323,69.729111,69.8361969,69.8351486,40.0485168,40.03008,39.5959818,676.8827062,672.3990681,750.0923573,408.9279968,403.8095234,441.3775127,267.9547093,268.5895447,308.7148446,592.5976317,586.1044315,655.0227349,387.4438023,380.3575857,418.2749505,205.1538294,205.7468457,236.7477844,84.2850745,86.2946366,95.0696224,21.4841945,23.4519376,23.1025622,62.8008799,62.842699,71.9670602,9.7233464,9.658472,10.694156,9.3901387,9.2708379,10.0468232,10.2800497,10.3063534,11.779255,10.2529862,10.1568223,11.1897031,9.4747155,9.3052001,10.1011968,12.135567,12.2252358,13.8210273,7.1327646,7.2443157,8.1939564,8.0881061,8.7469647,9.1546312,6.8557392,6.8078651,7.9269225,6961.4171453,6961.7540534,7014.0398166,4354.8664232,4355.6960796,4393.2047478,2606.5507221,2606.0579738,2620.8350688,60.5421946,60.5471321,61.0018671,76.9553225,76.9721612,77.6349998,44.6372481,44.6297831,44.8828468,4484.0341734,1265.5893009,3218.4448725,11498.07399,5658.7940487,5839.2799413
1983-03-01,6269.9216912,6255.7088617,6310.3027344,3933.1480508,3925.3898699,3944.5648764,2336.7736404,2330.3189918,2365.737858,5176.6532332,5160.4368676,5186.3405538,3689.3666366,3677.3343545,3692.9357077,1487.2865966,1483.1025131,1493.4048461,1093.2684581,1095.2719941,1123.9621806,243.7814142,248.0555154,251.6291687,849.4870439,847.2164787,872.3330119,54.4398572,54.3132303,54.7872245,69.3903302,69.2478378,69.5861042,39.9521907,39.839783,40.4453138,694.1081119,691.3504141,733.9242453,422.5790491,423.1121361,434.6238363,271.5290628,268.238278,299.300409,609.0359169,611.4897208,637.9028863,400.8550557,402.6668863,411.676404,208.1808613,208.8228345,226.2264823,85.072195,79.8606933,96.021359,21.7239934,20.4452498,22.9474323,63.3482016,59.4154435,73.0739267,9.9670468,9.9516988,10.4188046,9.7016879,9.7300665,9.924757,10.4101822,10.3225848,11.2306233,10.5265924,10.5942047,10.952545,9.8003259,9.8692834,10.0296055,12.2786704,12.3423196,13.1555223,7.2196605,6.7958873,7.8707094,8.1821284,7.6145965,8.3573881,6.9397191,6.5534251,7.7293622,6964.0298031,6947.0592758,7044.2269797,4355.7270999,4348.502006,4379.1887127,2608.3027033,2598.5572698,2665.038267,60.4665906,60.3156634,61.1592915,76.8456559,76.7119628,77.2533072,44.5945663,44.4256594,45.562237,4473.6091515,1289.4213058,3184.1878457,11517.8361312,5668.6100185,5849.2261127
1983-04-01,6263.2652304,6232.9069055,6254.4904395,3925.8733068,3918.0831689,3927.98865,2337.3919236,2314.8237366,2326.5017895,5175.2567757,5167.2376666,5166.3771775,3683.2307348,3675.9850896,3677.0103612,1492.0260409,1491.252577,1489.3668163,1088.0084547,1065.6692389,1088.113262,242.642572,242.0980792,250.9782888,845.3658828,823.5711597,837.1349732,54.2938028,54.0298377,54.2169342,69.1491033,69.0103952,69.1848635,39.8979701,39.5120914,39.7114259,707.6191515,704.2692293,709.2508309,433.2138316,438.8990155,429.5874127,274.4053199,265.3702138,279.6634182,621.7099237,614.4303385,611.7167259,411.3416251,415.468573,406.2054804,210.3682986,198.9617654,205.5112455,85.9092278,89.8388908,97.534105,21.8722066,23.4304424,23.3819323,64.0370212,66.4084484,74.1521727,10.1510671,10.1521025,10.1849107,9.9381778,10.0734636,9.8584031,10.5063791,10.284894,10.73084,10.7247455,10.6272158,10.5868256,10.0460216,10.1545467,9.9481756,12.3572015,11.7713926,12.1254296,7.3181646,7.7748385,8.2262322,8.2688032,8.8240775,8.5223478,7.0416557,7.4617944,8.1370809,6970.8843819,6937.1761348,6963.7412704,4359.0871384,4356.9821843,4357.5760627,2611.7972435,2580.1939505,2606.1652077,60.4278772,60.1347824,60.3650618,76.7795961,76.7408576,76.7513178,44.5819151,44.0417374,44.4850449,4572.3046791,1319.9499913,3252.3546878,11536.0459495,5677.526054,5858.5198955
1983-05-01,6263.3941126,6263.8061579,6272.7942097,3922.9889428,3924.8401396,3927.329213,2340.4051698,2338.9660183,2345.4649967,5180.789145,5187.8824974,5183.3941847,3682.0873183,3683.5914884,3681.6353889,1498.7018268,1504.291009,1501.7587958,1082.6049676,1075.9236605,1089.400025,240.9016246,241.2486512,245.6938241,841.703343,834.6750093,843.7062009,54.2083902,54.2113839,54.2891728,68.9874521,69.0184812,69.0622517,39.8859353,39.8613094,39.9720668,717.7981834,721.0634627,720.5403641,440.7985254,440.0839431,435.3293963,276.999658,280.9795197,285.2109678,630.8639421,631.916893,627.5070203,418.8321131,418.4541066,412.8313762,212.031829,213.4627863,214.6756441,86.9342413,89.1465698,93.0333438,21.9664123,21.6298364,22.4980201,64.967829,67.5167333,70.5353237,10.2818853,10.3232201,10.3032446,10.1012831,10.0822817,9.9785345,10.5829887,10.7246321,10.8417369,10.8551549,10.8580528,10.79879,10.2131271,10.2011081,10.0826652,12.3942046,12.4268558,12.5070693,7.4332045,7.6516048,7.8679566,8.356441,8.228074,8.3887786,7.1655338,7.4836346,7.7151739,6981.192296,6984.8696207,6993.3345738,4363.7874683,4364.9240827,4362.6586093,2617.4048278,2619.945538,2630.6759645,60.4207862,60.4519742,60.5252359,76.7390842,76.7573761,76.7175377,44.6066523,44.6498405,44.8327115,4561.0765279,1323.9923706,3237.0841573,11554.4111017,5686.6509799,5867.7601218
1983-06-01,6268.4262752,6271.1566531,6266.4620552,3923.3714389,3926.4644849,3924.4002053,2345.0548363,2344.6921682,2342.0618499,5190.957065,5191.0007293,5173.336496,3684.6292613,3689.0827787,3684.2272452,1506.3278037,1501.9179506,1489.1092508,1077.4692103,1080.1559238,1093.1255592,238.7421776,237.3817062,240.1729601,838.7270326,842.7742176,852.9525991,54.168378,54.1895965,54.1490301,68.8867632,68.9389941,68.9027505,39.9038695,39.8956845,39.8509288,723.9454398,712.6267915,693.2207601,444.9539661,439.2382502,424.476671,278.9914737,273.3885413,268.7440891,635.6599018,632.603514,613.8092169,422.8207268,421.4542186,407.9366886,212.839175,211.1492953,205.8725283,88.285538,80.0232776,79.4115432,22.1332393,17.7840316,16.5399824,66.1522987,62.239246,62.8715608,10.3533603,10.2040219,9.9605223,10.1859162,10.0611122,9.7606045,10.6321094,10.4423267,10.2935299,10.9095879,10.862749,10.6064241,10.2939957,10.2530209,9.9687279,12.3803666,12.3258031,12.1460024,7.5732514,6.8974929,6.7726252,8.4842181,6.9696001,6.4429873,7.310621,6.8771624,6.8650254,6992.371715,6983.7834447,6959.6828153,4368.3254049,4365.7027351,4348.8768763,2624.0463101,2618.0807095,2610.805939,60.4243262,60.3474651,60.1392095,76.6992884,76.6509302,76.3555098,44.651238,44.5474777,44.4236952,4612.938233,1346.6870546,3266.2511784,11572.6210483,5695.5639309,5877.0571174
1983-07-01,6277.9504503,6276.6853887,6294.9609844,3926.8792845,3921.2099288,3933.1293793,2351.0711657,2355.4754599,2361.8316051,5203.8688155,5202.5500718,5214.5724142,3690.035922,3684.9130576,3697.6250095,1513.8328935,1517.6370142,1516.9474047,1074.0816348,1074.1353169,1080.3885702,236.8433625,236.2968712,235.5043698,837.2382723,837.8384458,844.8842004,54.170366,54.1589734,54.3166661,68.8442719,68.7454704,68.9544387,39.94737,40.0222219,40.13022,724.9546748,738.2869611,687.2406494,445.1509628,457.5523338,428.9904562,279.803712,280.7346273,258.2501932,635.3067418,643.3790858,599.3290029,422.753476,431.480206,407.0153397,212.5532658,211.8988798,192.3136632,89.647933,94.9078753,87.9116465,22.3974868,26.0721278,21.9751165,67.2504463,68.8357475,65.93653,10.352199,10.5244458,9.84275,10.1817906,10.4493532,9.8344491,10.6353865,10.6491751,9.8565699,10.8800761,11.0055916,10.3085512,10.2789964,10.4819967,9.9159806,12.3120349,12.2517769,11.251275,7.7035022,8.1184233,7.5247479,8.6396441,9.9371983,8.5347057,7.4351891,7.592115,7.2392434,7002.905125,7014.9723498,6982.2016338,4372.0302473,4378.7622626,4362.1198355,2630.8748778,2636.2100872,2620.0817983,60.425761,60.5293523,60.246587,76.6484573,76.76714,76.47537,44.7015529,44.7922242,44.5181862,4607.1712721,1341.8340447,3265.3372274,11589.3729059,5703.9538802,5885.4190257
1983-08-01,6291.6729241,6283.0157443,6241.1547261,3933.4944792,3929.3915765,3903.595895,2358.1784449,2353.6241678,2337.5588311,5218.1108581,5202.0701263,5150.377354,3697.3995212,3691.0459602,3663.4145511,1520.7113369,1511.0241661,1486.9628029,1073.562066,1080.945618,1090.7773721,236.094958,238.3456162,240.1813439,837.467108,842.6000017,850.5960282,54.2113326,54.1348685,53.7741913,68.858838,68.7854037,68.3338411,40.0117121,39.934644,39.6620586,720.6123678,715.116689,686.8263651,441.8234134,440.3626944,429.6975753,278.7889544,274.7539946,257.1287898,629.9631865,627.2015675,607.3589716,419.0109778,418.6203583,409.5145298,210.9522087,208.5812092,197.8444418,90.6491813,87.9151215,79.4673935,22.8124356,21.7423361,20.1830455,67.8367458,66.1727854,59.284348,10.2764268,10.218679,9.9138025,10.0980871,10.0775162,9.9161891,10.5723322,10.4533662,9.9098168,10.7721479,10.7595185,10.5485722,10.1790377,10.1862372,10.054546,12.1820552,12.1295974,11.7428532,7.7863173,7.5214368,6.7906643,8.8110406,8.3596091,7.7518456,7.4932572,7.2815545,6.51562,7012.285292,6998.1324333,6927.9810912,4375.3178926,4369.7542709,4333.2934703,2636.9673993,2628.3781624,2594.6876209,60.4203897,60.29636,59.6919315,76.5932958,76.4941101,75.8558507,44.7419832,44.596477,44.0248396,4678.2459419,1379.2434397,3299.0025022,11606.2270331,5712.53691,5893.6901231
1983-09-01,6308.5701148,6316.7179692,6358.1739921,3942.8987348,3954.2663976,3971.588628,2365.6713799,2362.4515716,2386.5853641,5232.4462569,5262.033513,5285.9198827,3705.79231,3726.1220006,3739.9907669,1526.6539469,1535.9115125,1545.9291158,1076.1238579,1054.6844562,1072.2541094,237.1064248,228.1443971,231.5978611,839.017433,826.5400591,840.6562483,54.2810843,54.3459007,54.7025677,68.9230187,69.1163223,69.4190963,40.084644,40.0280042,40.4369131,712.0289357,728.3075132,720.8470066,436.1182618,440.0766672,434.9674141,275.9106739,288.230846,285.8795925,620.9179849,633.6290313,618.9875147,412.7881983,415.7891971,410.2631104,208.1297866,217.8398343,208.7244043,91.1109508,94.6784818,101.8594919,23.3300635,24.2874701,24.7043037,67.7808874,70.3910118,77.1551882,10.1419969,10.3378975,10.182863,9.9592731,10.0146179,9.8709153,10.4449026,10.8738355,10.6972251,10.6078822,10.7473762,10.4825948,10.0225842,10.0385831,9.8852533,11.9974486,12.4213638,11.8954769,7.8057089,8.2374748,8.6754375,8.9580625,9.6213962,9.6387417,7.4747478,7.8479845,8.4064313,7020.5990505,7045.0254824,7079.0209987,4379.0169966,4394.3430648,4406.5560421,2641.5820539,2650.6824176,2672.4649566,60.4076236,60.6118964,60.9043769,76.546493,76.808389,77.0218587,44.759757,44.9116199,45.2806905,4544.1518437,1314.6198874,3229.5319563,11623.1728424,5721.1759295,5901.9969129
1983-10-01,6327.0948371,6317.2679051,6336.1314212,3954.2883712,3950.9855747,3958.478593,2372.8064659,2366.2823304,2377.6528282,5246.069929,5242.3656662,5240.5430439,3714.85707,3711.4987106,3714.190373,1531.212859,1530.8669556,1526.3526709,1081.0249081,1074.9022389,1095.5883773,239.4313012,239.4868641,244.28822,841.5936069,835.4153748,851.3001573,54.3648484,54.2800403,54.4421218,69.0203913,68.9663128,69.0971069,40.1531167,40.0425078,40.2349207,700.6951068,702.5553737,653.1667522,429.1352567,428.9385452,400.7902822,271.5598501,273.6168285,252.37647,609.7224131,617.1831321,567.5651203,405.3523614,411.7158221,384.5293495,204.3700516,205.46731,183.0357708,90.9726937,85.3722416,85.6016319,23.7828953,17.2227231,16.2609327,67.1897984,68.1495185,69.3406992,9.9703479,10.0081633,9.3452409,9.7899563,9.7932871,9.1939794,10.2693734,10.3646697,9.5959566,10.4122957,10.5329464,9.7719447,9.8381494,9.9853117,9.3816942,11.7752975,11.833396,10.7076757,7.7621911,7.357935,7.247067,9.0355671,6.70903,6.2410231,7.3933787,7.5422937,7.531786,7027.7899439,7019.8232788,6989.2981734,4383.4236279,4379.9241199,4359.2688752,2644.366316,2639.8991589,2630.0292982,60.385492,60.3166267,60.054345,76.5107614,76.453637,76.0930899,44.7485081,44.6726839,44.505665,4648.9907368,1369.5941246,3279.3966122,11638.2889102,5728.8629998,5909.4259104
1983-11-01,6346.5220554,6354.2044535,6377.5222003,3967.0987138,3968.7193088,3966.7069562,2379.4233416,2385.4851448,2410.8152441,5258.6774599,5262.9190669,5253.2748975,3724.8466707,3727.0271631,3719.2682649,1533.8307892,1535.8919038,1534.0066326,1087.8445955,1091.2853867,1124.2473028,242.2520431,241.6921457,247.4386913,845.5925524,849.593241,876.8086115,54.455185,54.5276816,54.7277795,69.1390959,69.1873513,69.1522697,40.2136956,40.3159246,40.7440163,688.550404,679.0233736,624.7740183,421.6017136,415.8355957,385.8597656,266.9486904,263.1877779,238.9142527,598.1778913,587.0854153,542.1593488,397.613318,391.4117781,365.474131,200.5645733,195.6736372,176.6852178,90.3725127,91.9379583,82.6146695,23.9883956,24.4238176,20.3856346,66.3841171,67.5141407,62.2290349,9.787396,9.6545056,8.9224163,9.6065275,9.4841005,8.8651086,10.0873455,9.9365903,9.0165526,10.2132946,10.0356404,9.3549392,9.6450498,9.5038869,8.9472994,11.5639477,11.3003887,10.3282901,7.6702767,7.7701271,6.8454116,9.0100496,9.1778852,7.6115695,7.2791464,7.3616397,6.6268946,7035.0724594,7033.2278271,7002.2962186,4388.7004274,4384.5549045,4352.5667218,2646.372032,2648.6729227,2649.7294968,60.3631672,60.354622,60.0891869,76.4868237,76.4366832,75.8790279,44.7252901,44.7639333,44.7817899,4650.8756457,1383.6252719,3267.2503738,11653.1718643,5736.1919937,5916.9798706
1983-12-01,6366.5079946,6378.9696449,6456.4556108,3980.4898439,3986.8155536,4028.1955504,2386.0181507,2392.1540912,2428.2600604,5270.2452808,5274.34856,5342.5870692,3735.6631119,3741.2374699,3781.8431029,1534.5821689,1533.1110902,1560.7439663,1096.2627139,1104.6210848,1113.8685416,244.8267321,245.5780837,246.3524475,851.4359818,859.0430011,867.5160941,54.5483737,54.6701294,55.3342128,69.2635459,69.4136553,70.1341142,40.2738242,40.3769962,40.9864263,677.0150395,666.2811226,689.9905516,413.9506576,405.8501783,419.7213754,263.064382,260.4309443,270.2691762,587.6966892,582.1080182,601.4001119,390.1757658,383.2757024,391.2865573,197.5209234,198.8323158,210.1135546,89.3183504,84.1731044,88.5904397,23.7748918,22.574476,28.4348181,65.5434586,61.5986284,60.1556216,9.6118808,9.4571669,9.6550164,9.4198717,9.2392684,9.4363582,9.9303959,9.8180055,10.0154252,10.0324771,9.9395942,10.1177895,9.4568833,9.2926289,9.3763336,11.4035316,11.480301,11.865074,7.5337194,7.0805447,7.3674396,8.8513582,8.4185197,10.3479388,7.1477566,6.6908367,6.4845808,7043.5230342,7045.2507675,7146.4461624,4394.4405015,4392.6657319,4447.9169258,2649.0825327,2652.5850355,2698.5292366,60.3490527,60.3804051,61.247687,76.4666017,76.4798323,77.4417998,44.7141126,44.7727913,45.5482802,4521.6616592,1295.6439614,3226.0176978,11668.1078216,5743.5608872,5924.5469344
1984-01-01,6387.1567739,6379.98365,6251.4442636,3993.6088343,3990.6230255,3951.6571606,2393.5479396,2389.3606244,2299.787103,5281.5871772,5275.4595994,5248.9661021,3747.2885365,3740.0573557,3718.215047,1534.2986407,1535.4022437,1530.7510551,1105.5695967,1104.5240506,1002.4781615,246.3202979,250.5656699,233.4421136,859.2492989,853.9583807,769.0360479,54.6453129,54.5827706,53.4830756,69.3796694,69.3048581,68.6281408,40.3487797,40.2888932,38.7785234,667.7982353,669.3225056,717.8062897,406.9278004,412.6213162,451.7174286,260.8704349,256.7011894,266.0888611,579.1843381,578.0261411,635.3364959,383.4689015,386.6844881,423.2221871,195.7154365,191.3416531,212.1143088,88.6138973,91.2963645,82.4697938,23.4588989,25.9368282,28.4952415,65.1549984,65.3595363,53.9745523,9.4656626,9.4948707,10.2996195,9.2472313,9.3708476,10.2584375,9.8277814,9.7012544,10.3702932,9.8823907,9.8749047,10.7971418,9.2832588,9.3702127,10.2192105,11.312939,11.0810673,12.1704357,7.4204591,7.6346217,7.6012673,8.6955922,9.3803233,10.8786475,7.0483228,7.1095684,6.5581843,7054.9550093,7049.3061555,6969.2505533,4400.5366348,4403.2443417,4403.3745892,2654.4183745,2646.0618138,2565.8759641,60.35866,60.3090356,59.6241346,76.449094,76.4708223,76.4730843,44.7463535,44.6173343,43.2652575,4719.3896161,1354.6965403,3364.6930758,11688.6401694,5758.0711295,5930.5690399
1984-02-01,6408.6720411,6392.0398284,6365.3636107,4006.03741,4004.1669185,4002.6384255,2402.6346311,2387.8729099,2362.7251852,5293.8505555,5282.3764165,5295.4482666,3759.464204,3754.4145182,3768.8273928,1534.3863516,1527.9618983,1526.6208738,1114.8214855,1109.6634119,1069.9153441,246.573206,249.7524003,233.8110327,868.2482795,859.9110116,836.1043114,54.7483171,54.6050965,54.3772104,69.4822377,69.434515,69.40801,40.4483696,40.2058705,39.7824451,661.3785562,662.0596453,736.4893878,400.7284865,399.4089303,435.0644329,260.6500698,262.650715,301.4249549,572.6422905,574.5244993,640.1951471,377.4996997,376.6941153,412.4164262,195.1425908,197.830384,227.7787209,88.7362657,87.535146,96.2942407,23.2287868,22.714815,22.6480067,65.507479,64.8203311,73.646234,9.354651,9.3854594,10.3703834,9.0934825,9.0701045,9.8038207,9.7867896,9.9093897,11.3141129,9.7612373,9.8093601,10.7856066,9.1250421,9.1184752,9.8634867,11.2829908,11.4631631,12.9832862,7.3728299,7.3116648,8.257027,8.6095683,8.3367149,8.8310425,7.0154833,7.0096392,8.0952119,7070.0505973,7054.0994737,7101.8529985,4406.7658965,4403.5758487,4437.7028584,2663.2847008,2650.523625,2664.1501401,60.3983742,60.2608546,60.6687973,76.4326251,76.3604913,76.9522729,44.8364152,44.6282586,44.8576954,4604.0869863,1329.1220698,3274.9649165,11705.9399848,5766.8249282,5939.1150566
1984-03-01,6430.7078129,6447.592798,6503.2285012,4017.4761932,4035.1221555,4054.4741066,2413.2316198,2412.4706424,2448.7543946,5307.848894,5327.8420639,5354.6700018,3771.7257988,3795.3709693,3810.6681205,1536.1230952,1532.4710946,1544.0018813,1122.858919,1119.7507341,1148.5584994,245.7503944,239.7511863,243.8059861,877.1085246,879.9995478,904.7525133,54.8551583,54.9982181,55.4727928,69.5684914,69.865073,70.2001373,40.5713904,40.5615205,41.171569,656.9359529,653.9361079,699.943408,395.4498704,391.4030395,404.231065,261.4860825,262.5330684,295.712343,567.6387141,564.6412143,590.8799788,372.353263,369.4669651,379.3950133,195.285451,195.1742492,211.4849655,89.2972389,89.2948935,109.0634292,23.0966074,21.9360744,24.8360517,66.2006315,67.3588191,84.2273775,9.2687496,9.2083848,9.7171554,8.9611714,8.8422187,9.0661089,9.7762124,9.8143067,10.7748561,9.6611337,9.5823982,9.9381887,8.9851872,8.8711007,9.0546372,11.2789931,11.2971247,12.0470835,7.3668098,7.3855685,8.6721953,8.5909857,8.3825534,9.2450355,7.0179147,7.110173,8.5165915,7087.6437659,7101.5289058,7203.1719092,4412.9260636,4426.525195,4458.7051716,2674.7177023,2675.0037108,2744.4667376,60.4589466,60.5763186,61.4433374,76.4162858,76.6419191,77.1990909,44.9675096,44.9755599,46.1434605,4520.103896,1316.8876743,3203.2162217,11723.2758052,5775.5928459,5947.6829593
1984-04-01,6452.4241965,6454.1277918,6477.5809158,4027.619379,4027.8489045,4038.2758863,2424.8048175,2426.2788873,2439.3050295,5323.2641151,5319.3521673,5318.250983,3783.0100695,3781.6561827,3782.6230895,1540.2540456,1537.6959846,1535.6278935,1129.1600814,1134.7756245,1159.3299328,244.6093095,246.1927218,255.6527968,884.5507719,888.5829027,903.677136,54.9594271,54.9738527,55.1736177,69.6352235,69.6372917,69.8175633,40.7089957,40.734535,40.9532295,653.3958828,667.2776196,675.6420894,391.2633105,393.0884103,385.2901488,262.1325723,274.1892093,290.3519406,563.2465549,571.8213013,570.7920557,368.0899684,371.8279908,363.8798382,195.1565865,199.9933105,206.9122175,90.1493279,95.4563183,104.8500337,23.1733422,21.2604194,21.4103106,66.9759858,74.1958989,83.4397231,9.1952213,9.3700271,9.4452821,8.8543493,8.8915174,8.7099446,9.7558124,10.1533956,10.6369388,9.5684283,9.7064075,9.6924416,8.8672873,8.9521947,8.7755838,11.2455567,11.5091525,11.8741724,7.3934743,7.7592131,8.2939167,8.6537877,7.9492128,7.7275935,7.0387916,7.7064325,8.4528718,7105.8200794,7121.4054114,7153.2230052,4418.8826895,4420.9373148,4423.5660351,2686.9373898,2700.4680966,2729.6569701,60.5248181,60.6574746,60.928485,76.3999412,76.4333789,76.4788267,45.1098257,45.3378682,45.827917,4587.1362218,1360.4741018,3226.66212,11740.359227,5784.0401369,5956.3190901
1984-05-01,6472.5898977,6479.5021054,6489.658756,4035.9434808,4039.7661079,4041.6710274,2436.6464169,2439.7359975,2447.9877286,5337.9563102,5339.4368956,5332.962999,3791.8983782,3796.1173819,3793.353447,1546.057932,1543.3195137,1539.609552,1134.6335875,1140.0652098,1156.695757,244.0451026,243.6487259,248.3175804,890.5884849,896.4164838,908.3781766,55.0509114,55.1096259,55.1960105,69.6740834,69.7409496,69.7738354,40.849715,40.9012186,41.0395556,649.4470351,635.8699095,635.5810604,388.2091612,385.5250155,381.5317169,261.2378739,250.344894,254.0493435,558.5839857,551.6844888,547.6868495,364.6796804,360.7054637,355.7675302,193.9043053,190.9790251,191.9193193,90.8630494,84.1854207,87.8942109,23.5294808,24.8195518,25.7641867,67.3335686,59.3658689,62.1300242,9.1188383,8.9365659,8.9201357,8.7747687,8.7118566,8.6256891,9.6830644,9.3062218,9.4021413,9.4730801,9.364677,9.3133729,8.7735554,8.6774317,8.5745278,11.1441674,11.0118887,11.0838071,7.4143859,6.8764858,7.0621018,8.7936158,9.2448732,9.4001826,7.0291281,6.211233,6.4018031,7122.0369328,7115.3720149,7125.2398164,4424.152642,4425.2911234,4423.2027443,2697.8842909,2690.0808915,2702.0370721,60.5746124,60.5178428,60.6017706,76.3758911,76.3965034,76.3604505,45.229297,45.0981527,45.2985934,4632.2381254,1369.3282285,3262.9098969,11757.4779418,5792.5309728,5964.946969
1984-06-01,6490.3828251,6501.602557,6499.0236012,4042.519141,4047.9996191,4045.2671225,2447.8636841,2453.6029379,2453.7564787,5350.6787015,5363.7028864,5343.9614724,3798.0142087,3806.2651857,3800.6248274,1552.6644928,1557.4377007,1543.336645,1139.7041236,1137.8996705,1155.0621288,244.5049323,241.7344334,244.6422951,895.1991913,896.1652371,910.4198337,55.1223443,55.2170628,55.1951602,69.6853243,69.7804769,69.7333734,40.9789077,41.0742671,41.0768375,644.5980269,650.5807491,632.4541057,385.9843092,387.9662931,374.3338575,258.6137177,262.614456,258.1202482,553.3441675,553.9015828,537.829323,361.8531562,360.726823,349.0324997,191.4910113,193.1747599,188.7968233,91.2538594,96.6791662,94.6247827,24.1311531,27.2394701,25.3013578,67.1227064,69.4396961,69.3234249,9.0343344,9.0962538,8.8684861,8.7159085,8.7459259,8.4698564,9.5553622,9.6683887,9.5181409,9.3723243,9.3602333,9.1439723,8.6986705,8.6567678,8.4111162,10.9790102,11.0346958,10.8996695,7.4132392,7.8309431,7.5718792,8.9828412,10.1271795,9.3728293,6.9750784,7.1913154,7.0756726,7134.980852,7152.183306,7131.4777069,4428.5034503,4435.9659122,4419.60098,2706.4774018,2716.2173939,2711.8767269,60.596868,60.7423403,60.566491,76.3389581,76.4683414,76.1862384,45.3082777,45.4705352,45.3978708,4643.1481479,1381.4479655,3261.7001824,11774.6258548,5801.0489455,5973.5769093
1984-07-01,6505.0947856,6510.5612679,6528.6968289,4047.340369,4056.6440473,4068.8827862,2457.7544166,2453.9172206,2459.8140427,5361.0810671,5358.4584931,5371.684894,3801.6072202,3798.5229453,3811.8255882,1559.4738469,1559.9355478,1559.8593058,1144.0137185,1152.1027748,1157.0119349,245.7331488,258.121102,257.057198,898.2805697,893.9816729,899.9547369,55.1672113,55.2129584,55.3667574,69.6674057,69.8278991,70.0385672,41.085049,41.0200533,41.1186255,639.024504,637.7124172,594.9494851,384.219188,380.3622238,357.5477106,254.805316,257.3501934,237.4017745,547.5810246,551.0173412,514.3907173,359.4720247,358.9784439,339.572498,188.1089999,192.0388973,174.8182193,91.4434794,86.6950759,80.5587678,24.7471633,21.3837799,17.9752126,66.6963161,65.311296,62.5835552,8.9447625,8.9212087,8.351755,8.6700671,8.5724969,8.077563,9.3935375,9.4918779,8.8017345,9.2674283,9.3243015,8.7391116,8.6389132,8.6344756,8.1797142,10.7639532,10.9612842,10.0778512,7.4015902,6.9983231,6.5094275,9.14934,7.6505926,6.5356707,6.9117009,6.8082742,6.5019289,7144.1192896,7148.2736851,7123.646314,4431.5595571,4437.0062711,4426.4304968,2712.5597325,2711.267414,2697.2158172,60.5865328,60.6210926,60.4122396,76.2810214,76.3751571,76.193114,45.3445018,45.3219583,45.0870696,4668.0805906,1383.0583999,3285.0221907,11791.7269046,5809.4888967,5982.2380079
1984-08-01,6516.4755135,6508.008385,6466.1158232,4050.3247926,4046.2414197,4017.9670099,2466.1507209,2461.7669653,2448.1488133,5369.3470593,5373.0028906,5318.8136856,3803.3224716,3801.8481317,3772.4879282,1566.0245877,1571.154759,1546.3257574,1147.1284542,1135.0054943,1147.3021376,247.002321,244.393288,245.4790817,900.1261332,890.6122063,901.8230559,55.1830781,55.1112978,54.756542,69.6174717,69.5472232,69.0612397,41.165285,41.0919831,40.8646679,633.1353775,630.1635582,604.0116073,382.3500911,391.0085857,381.18509,250.7852864,239.1549725,222.8265173,541.3142352,540.9063942,523.5420076,357.075424,366.4038194,358.5924386,184.2388112,174.5025748,164.949569,91.8211423,89.257164,80.4695997,25.2746671,24.6047663,22.5926514,66.5464751,64.6523977,57.8769483,8.8555222,8.8280804,8.5431502,8.6257193,8.8119575,8.6649673,9.2304451,8.8545681,8.342515,9.1582686,9.1463424,8.9611457,8.5827229,8.7903472,8.6803549,10.5263477,9.996382,9.6389848,7.4112089,7.2906875,6.5541173,9.2827041,9.1468194,8.427838,6.8840758,6.7680093,6.0307334,7149.610891,7138.1719432,7070.1274305,4432.6748837,4437.2500054,4399.1520999,2716.9360072,2700.9219378,2670.9753306,60.5446204,60.4476664,59.87145,76.1893513,76.2679199,75.6130891,45.3514233,45.0839743,44.5841034,4738.7187481,1418.8248581,3319.89389,11808.8461786,5817.976958,5990.8692206
1984-09-01,6526.5206445,6537.9565813,6579.8395541,4052.3635195,4048.8403789,4066.1160219,2474.1571249,2489.1162024,2513.7235322,5376.8885113,5365.9132665,5388.6962513,3804.558193,3797.3872551,3810.4001623,1572.3303183,1568.5260114,1578.296089,1149.6321332,1172.0433148,1191.1433028,247.8053266,251.4531238,255.7158596,901.8268066,920.590191,935.4274432,55.1863715,55.2846689,55.6388295,69.5496986,69.4904171,69.7869197,41.2377439,41.4886453,41.8988008,626.8842669,625.7293904,620.7708504,379.4013314,380.3691355,376.671892,247.4829355,245.3602549,244.0989584,534.6544891,529.4747285,517.4091516,353.9095809,353.1693748,348.8794263,180.7449082,176.3053537,168.5297253,92.2297778,96.2546619,103.3616988,25.4917505,27.1997607,27.7924657,66.7380273,69.0549012,75.5692331,8.7634389,8.7347406,8.6210865,8.5609536,8.5877431,8.4782776,9.0931545,8.9728421,8.8511483,9.044246,8.9811685,8.7605811,8.5105765,8.5089641,8.3879773,10.3101627,10.1044351,9.6477693,7.4267338,7.5892782,7.9846504,9.3274874,9.7611624,9.803051,6.8904037,6.977744,7.4747262,7153.4049114,7163.6859717,7200.6104045,4431.7648509,4429.2095144,4442.7879139,2721.6400604,2734.4764573,2757.8224906,60.4871236,60.5758087,60.8880401,76.0612685,76.0187085,76.2517551,45.3626388,45.5783156,45.9674478,4625.3744632,1383.685072,3241.6893912,11825.9848677,5826.4729859,5999.5118818
1984-10-01,6537.1565374,6534.7184174,6553.1870257,4054.4197611,4050.2622329,4059.1650232,2482.7367763,2484.4561845,2494.0220025,5385.6007069,5372.5966622,5372.0962427,3806.4868417,3801.8696633,3806.3168555,1579.1138653,1570.7269988,1565.7793872,1151.5558305,1162.1217552,1181.090783,247.9329194,248.3925695,252.8481677,903.622911,913.7291857,928.2426153,55.1925861,55.1719433,55.3278719,69.479544,69.4080364,69.5606007,41.3179978,41.3466778,41.5058735,621.2024596,622.3479023,578.3553454,375.6812518,376.1246121,350.7964638,245.5212078,246.2232902,227.5588816,528.5516474,531.7233391,488.9934422,350.26125,349.303839,325.6747838,178.2903974,182.4195001,163.3186584,92.6508121,90.6245632,89.3619032,25.4200018,26.8207731,25.12168,67.2308104,63.8037901,64.2402232,8.6780009,8.6955727,8.1098213,8.4801961,8.4973281,7.9546378,8.9991932,9.0169239,8.3612757,8.9370651,9.005666,8.3430466,8.4263285,8.4145806,7.8817871,10.1450987,10.4052628,9.4453093,7.4465775,7.2340714,7.0338631,9.2993342,9.745448,9.0375558,6.9249166,6.5270218,6.4726785,7158.3589969,7157.0663197,7131.5423711,4430.1010129,4426.3868449,4409.961487,2728.2579841,2730.6794748,2721.5808841,60.437339,60.4263615,60.2108655,75.9174965,75.8535625,75.5720864,45.4039907,45.4443613,45.2929412,4712.7357576,1425.4755044,3287.2602532,11844.2781287,5835.4369914,6008.8411373
1984-11-01,6548.8079374,6549.9907372,6576.0618183,4057.2027844,4064.7436544,4064.783624,2491.605153,2485.2470828,2511.2781943,5396.0242297,5398.9765237,5391.759744,3809.52104,3815.1395649,3809.2228861,1586.5031897,1583.8369588,1582.5368579,1152.7837077,1151.0142135,1184.3020743,247.6817444,249.6040895,255.5607379,905.1019632,901.410124,928.7413364,55.2047516,55.2157052,55.4354816,69.4184908,69.5491847,69.5498685,41.4011342,41.2959731,41.7285176,616.8309925,622.5384492,571.1794489,372.0490492,368.5348561,341.1875774,244.7819433,254.0035931,229.9918715,523.8700562,530.0366322,488.0903749,346.9554283,344.8907403,321.4288405,176.9146279,185.145892,166.6615344,92.9609363,92.501817,83.089074,25.0936209,23.6441158,19.7587369,67.8673154,68.8577012,63.3303371,8.6081785,8.679483,7.9916072,8.399817,8.3129191,7.7437541,8.9454428,9.27274,8.3899749,8.8493144,8.9397108,8.3010683,8.3473449,8.2905824,7.7815527,10.032485,10.4662344,9.5278806,7.4622786,7.4387314,6.555914,9.1993721,8.6529812,7.1766579,6.9752783,7.0967726,6.3836453,7165.6389299,7172.5291864,7147.2412672,4429.2518336,4433.2785105,4405.9712014,2736.3870963,2739.2506759,2741.2700658,60.4044768,60.4636362,60.2504618,75.7842272,75.8549449,75.3877072,45.4684922,45.51661,45.550165,4715.3089145,1438.4447679,3276.8641466,11862.5501817,5844.4159693,6018.1342124
1984-12-01,6561.348119,6553.7555352,6636.0402174,4061.1584446,4054.9021628,4097.5383505,2500.1896745,2498.8533724,2538.5018669,5407.5325621,5408.7483462,5480.3811646,3813.888986,3812.5474529,3854.8768982,1593.6435761,1596.2008933,1625.5042664,1153.8155569,1145.0071889,1155.6590528,247.2694586,242.3547099,242.6614523,906.5460983,902.6524791,912.9976005,55.2219632,55.1616744,55.8542484,69.3741093,69.2729132,70.0012989,41.4778174,41.4577009,42.1154967,613.8498487,610.332498,627.3922049,369.1125066,365.9373894,375.2577902,244.7373421,244.3951086,252.1344147,520.8094883,514.0457397,527.0486238,344.537556,341.6916741,345.4083401,176.2719323,172.3540656,181.6402837,93.0403605,96.2867583,100.3435811,24.5749507,24.2457153,29.8494501,68.4654098,72.041043,70.494131,8.5551625,8.5193327,8.6376821,8.3316012,8.2775542,8.3897808,8.9159872,8.9089672,9.0350153,8.7850783,8.6791087,8.7732798,8.2852866,8.2251325,8.2234496,9.9593416,9.7454741,10.0512316,7.4619977,7.7569667,7.9891219,9.0400795,9.0944023,10.9534884,7.0220104,7.3911482,7.1677401,7175.1979678,7164.0880332,7263.4324223,4430.2709512,4420.8395522,4472.7961407,2744.9270166,2743.248481,2790.6362816,60.3882786,60.2987232,61.1348855,75.6794164,75.5244941,76.4121072,45.5379776,45.5123843,46.2985806,4617.5621453,1380.721458,3236.8406873,11880.9945676,5853.5175987,6027.4769689
1985-01-01,6574.263406,6561.4073687,6452.3615075,4066.276393,4059.3729269,4040.0662156,2507.9870129,2502.0344418,2412.2952919,5418.4745323,5406.9754147,5415.594714,3819.017157,3811.3763589,3808.6257654,1599.4573753,1595.5990559,1606.9689486,1155.7888737,1154.4319539,1036.7667935,247.2592361,247.996568,231.4404502,908.5296376,906.435386,805.3263433,55.2410286,55.1340167,54.2177291,69.347476,69.2312591,68.9019895,41.5406659,41.4426898,39.9562867,612.361503,613.6471856,657.7337442,367.3917805,369.3399612,405.3532083,244.9697224,244.3072244,252.3805359,519.4644914,520.0199988,572.4483787,343.4044765,343.3848535,376.4843438,176.0600149,176.6351453,195.9640349,92.8970116,93.6271868,85.2853655,23.9873041,25.9551077,28.8688645,68.9097076,67.6720792,56.416501,8.5208496,8.552509,9.2507023,8.2864068,8.3396682,9.1184469,8.8984225,8.8957331,9.4713411,8.7482288,8.773754,9.5598574,8.2501127,8.2648517,8.995805,9.9159837,9.966806,10.8691802,7.4395821,7.5018229,7.6008379,8.8433585,9.474338,11.0902157,7.0500239,6.9470856,6.5467908,7186.6249089,7175.0545543,7110.0952517,4433.6681736,4428.7128881,4445.4194239,2752.9567354,2746.3416663,2664.6758278,60.3864688,60.2903547,59.7445164,75.6130837,75.5302296,75.815154,45.5981851,45.4892962,44.1366162,4790.7379559,1418.0777616,3372.6601943,11900.8332076,5863.4971855,6037.3360221
1985-02-01,6587.8093942,6626.1209075,6595.6641925,4072.2514706,4089.47394,4086.9432163,2515.5579236,2536.6469675,2508.7209762,5427.8403193,5439.8231,5452.3288261,3824.2540645,3828.9288839,3842.9558313,1603.5862548,1610.8942161,1609.3729948,1159.9690749,1186.2978074,1143.3353664,247.997406,260.5450561,243.987385,911.9716689,925.7527514,899.3479814,55.2656057,55.585233,55.3297376,69.3352428,69.6260705,69.5829832,41.6001524,41.9476791,41.4858764,611.8111546,606.7632746,674.1414589,366.812092,359.0117084,390.8162895,244.9990626,247.7515662,283.3251694,518.9700106,518.1844802,576.5686759,343.2969284,337.7575444,369.3141688,175.6730822,180.4269357,207.2545071,92.841144,88.5787944,97.572783,23.5151636,21.254164,21.5021207,69.3259804,67.3246304,76.0706623,8.497825,8.3889533,9.2731703,8.2632764,8.0704252,8.7279428,8.8749866,8.8978486,10.1475819,8.7268633,8.697278,9.5634181,8.237378,8.1061426,8.7675806,9.8733826,10.072283,11.4087509,7.4106311,6.9480289,7.8630141,8.6608011,7.5423076,8.0990473,7.064725,6.7793942,7.7987706,7199.6205488,7232.8841821,7269.8056514,4439.0635625,4448.4856484,4477.7595058,2760.5569863,2784.3985337,2792.0461456,60.3981334,60.6752515,60.9849785,75.5806836,75.7384886,76.2368959,45.6517381,46.0446636,46.1711296,4650.8440407,1395.7213787,3255.122662,11920.6496921,5873.4808845,6047.1688076
1985-03-01,6603.1139103,6600.9275675,6657.4406977,4079.0909636,4078.1467841,4097.7230975,2524.0229466,2522.7807834,2559.7176002,5436.4752982,5443.9658774,5471.7986812,3829.8150909,3832.3128917,3847.3829177,1606.6602074,1611.6529857,1624.4157635,1166.638612,1156.9616901,1185.6420165,249.2758728,245.8338925,250.3401798,917.3627393,911.1277976,935.3018367,55.3064322,55.2810621,55.7543449,69.3392341,69.3137986,69.6465254,41.6756728,41.6502052,42.2600188,611.6675887,626.2694146,672.760485,367.0421233,377.0165898,390.2278371,244.6254655,249.2528248,282.5326479,518.4388965,532.5787566,556.9653315,343.6243835,353.343873,363.1166112,174.814513,179.2348836,193.8487203,93.2286922,93.690658,115.7951535,23.4177398,23.6727167,27.1112259,69.8109525,70.0179413,88.6839276,8.477978,8.6654538,9.1779266,8.2553112,8.4624638,8.6950112,8.8355554,8.9916956,9.9404564,8.7060683,8.9111483,9.2384663,8.2336017,8.4417785,8.6240744,9.8129101,10.0081578,10.6611949,7.3998819,7.4913431,8.8974832,8.5875645,8.783724,9.7715223,7.0718003,7.1363446,8.6606602,7214.781499,7227.1969821,7330.2011827,4446.1330869,4455.1633739,4487.9509346,2768.6484121,2772.0336082,2842.2502481,60.4296442,60.5259065,61.3885401,75.5784722,75.721722,76.2789923,45.7148322,45.7652799,46.9245314,4610.4658739,1395.6492516,3214.8166223,11940.6670566,5883.6001862,6057.0668704
1985-04-01,6621.34674,6611.1967995,6588.8267822,4087.144927,4089.5524794,4076.6185971,2534.201813,2521.6443201,2512.2081851,5446.1424229,5434.9108602,5400.4642997,3836.371063,3836.258975,3813.2326717,1609.7713598,1598.6518852,1587.231628,1175.2043172,1176.2859393,1188.3624825,250.773864,253.2935044,263.3859254,924.4304532,922.9924349,924.9765571,55.3736775,55.2862046,55.0991351,69.3660454,69.403401,69.1839013,41.7810046,41.5722386,41.4166729,611.1352234,606.3886475,615.2984664,367.1071862,366.2783486,360.6723586,244.0280373,240.1102989,254.6261078,517.1068588,512.1046093,511.6248422,343.4490247,342.8978463,336.9146013,173.657834,169.206763,174.7102409,94.0283647,94.2840382,103.6736242,23.6581614,23.3805023,23.7577573,70.3702033,70.9035359,79.9158669,8.4498686,8.4015444,8.5409185,8.2417245,8.2202032,8.1282107,8.7835798,8.6941214,9.2027957,8.671562,8.6111195,8.6538756,8.2168375,8.2049528,8.118136,9.7372991,9.5712835,9.9157778,7.4082842,7.4206096,8.0240501,8.6207728,8.4505598,8.273822,7.0737994,7.1338991,7.9526788,7232.4819634,7217.5854469,7204.1252486,4454.2521131,4455.8308279,4437.2909557,2778.2298503,2761.754619,2766.8342929,60.4845418,60.3571362,60.2445752,75.5965007,75.6194755,75.3048371,45.8042582,45.530736,45.6144804,4754.0057962,1455.1471985,3298.8585977,11958.1310448,5892.4381542,6065.6928906
1985-05-01,6642.4586405,6646.1885509,6657.9327706,4096.7147314,4101.2789941,4102.7508809,2545.7439092,2544.9095568,2555.1818897,5458.3513198,5456.8504748,5448.9179617,3844.5775227,3848.9516587,3845.4211682,1613.7737971,1607.8988161,1603.4967935,1184.1073208,1189.3380762,1209.0148089,252.1372087,252.3273355,257.3297127,931.9701121,937.0107407,951.6850962,55.4662402,55.4979802,55.5960485,69.420065,69.498371,69.523313,41.9098193,41.8964039,42.0655155,609.3902498,607.5635837,609.101024,366.0147329,365.3479654,362.9306299,243.3755169,242.2156183,246.1703941,514.6516861,507.5931391,504.7003696,342.0646447,335.6058002,332.2589411,172.5870414,171.9873389,172.4414285,94.7385636,99.9704446,104.4006544,23.9500882,29.7421652,30.6716888,70.7884754,70.2282794,73.7289656,8.4032398,8.3758526,8.3817007,8.2015891,8.1795048,8.1271051,8.7258909,8.6905181,8.7875558,8.6162971,8.5103183,8.477204,8.1703817,8.0201026,7.9531925,9.6613762,9.6628281,9.7098777,7.4081298,7.7538031,7.9487913,8.6748244,10.5442684,10.6498401,7.0593736,6.9723549,7.1901653,7251.8488903,7253.7521346,7267.0337946,4462.7294643,4466.6269595,4465.6815108,2789.119426,2787.1251751,2801.3522838,60.5548058,60.5713469,60.6822534,75.6222949,75.6893882,75.673367,45.9164375,45.8839575,46.118176,4708.5165323,1435.5776593,3272.938873,11975.5503269,5901.2591701,6074.2911568
1985-06-01,6667.2414851,6660.1473659,6659.3625128,4108.9248468,4101.5315083,4098.3271074,2558.3166383,2558.6158576,2561.0354054,5474.2296369,5467.0480741,5445.0287993,3855.2134604,3846.509846,3840.215074,1619.0161765,1620.538228,1604.8137253,1193.0118482,1193.0992918,1214.3337135,253.7113864,255.0216623,258.1120334,939.3004618,938.0776296,956.2216801,55.5890599,55.5329642,55.5264201,69.5183056,69.3975493,69.3433311,42.0553858,42.0621188,42.1018947,606.2669232,624.3883561,607.593455,363.3466989,378.3881451,365.8327432,242.9202244,246.0002111,241.7607118,510.9274372,526.6931869,512.6175283,339.0473969,353.1674872,342.5001128,171.8800403,173.5256996,170.1174155,95.3394861,97.6951692,94.9759267,24.299302,25.2206578,23.3326304,71.0401841,72.4745114,71.6432963,8.3352749,8.5714228,8.361045,8.1244329,8.4463154,8.1948845,8.6718916,8.7712616,8.6256974,8.5365752,8.7873861,8.6043632,8.083603,8.4093958,8.1884637,9.5974316,9.6722138,9.5844516,7.4001154,7.5686077,7.2538935,8.7404201,8.9995893,8.2903083,7.0313101,7.1717736,6.9701077,7273.5084083,7284.535722,7266.9559678,4472.2715456,4479.9196533,4464.1598506,2801.2368627,2804.6160687,2802.7961172,60.6438953,60.7391758,60.5925941,75.6657159,75.7998431,75.5331887,46.0486772,46.1062156,46.0762966,4726.1862277,1446.03662,3280.1496077,11993.1421955,5910.1964706,6082.9457249
1985-07-01,6696.3419812,6685.3943802,6703.429276,4124.4289477,4104.1267559,4116.8576659,2571.9130335,2581.2676243,2586.5716101,5494.1109131,5482.5521862,5496.8437528,3868.7123345,3849.6569129,3863.3540163,1625.3985786,1632.8952733,1633.4897365,1202.2310681,1202.8421941,1206.5855232,255.7166132,254.4698431,253.5036496,946.5144549,948.372351,953.0818736,55.7452747,55.6547625,55.8048999,69.668957,69.3267433,69.5417933,42.2158222,42.3694634,42.4565241,601.852017,605.9176876,566.8627267,359.0197,366.0752515,344.5157977,242.832317,239.8424361,222.346929,506.0637045,509.6750858,477.6164507,334.3545264,342.6219064,324.8459759,171.709178,167.0531794,152.7704748,95.7883126,96.2426018,89.246276,24.6651736,23.4533451,19.6698218,71.123139,72.7892567,69.5764542,8.2465884,8.3101324,7.7969733,8.0076684,8.1892329,7.7221914,8.6271505,8.5017043,7.9157486,8.4341496,8.5056034,7.994303,7.9550133,8.1726889,7.7562193,9.5547514,9.280998,8.5525319,7.3795749,7.4084927,6.8871806,8.7969957,8.4387867,7.2004876,6.989044,7.1280839,6.8034897,7298.1939983,7291.3120678,7270.2920027,4483.4486478,4470.2020075,4461.3734636,2814.7453505,2821.1100604,2808.9185391,60.7555335,60.6989234,60.523935,75.7334397,75.5104717,75.3613403,46.2017135,46.306287,46.1061729,4741.9672865,1458.6028093,3283.3644772,12012.2592892,5919.9762729,6092.2830163
1985-08-01,6729.1684117,6727.425106,6675.5378568,4142.9972744,4141.551812,4111.0451244,2586.1711374,2585.8732939,2564.4927324,5517.4784425,5520.9503755,5463.9362799,3885.1073528,3887.4639184,3856.6243015,1632.3710897,1633.4864571,1607.3119784,1211.6899693,1206.4747304,1211.6015769,257.8899216,254.0878936,254.4208229,953.8000477,952.3868368,957.180754,55.9279636,55.915927,55.4846589,69.8656222,69.8441974,69.3297248,42.3835838,42.3801024,42.0296945,596.3328034,597.3399857,572.6954476,353.2604527,357.7460436,349.1170091,243.0723507,239.593942,223.5784385,500.1259185,503.1898506,488.0272047,328.1427245,331.6732407,325.3703081,171.983194,171.5166099,162.6568966,96.2068849,94.1501351,84.6682429,25.1177282,26.0728029,23.746701,71.0891567,68.0773322,60.9215419,8.1405051,8.1550736,7.9011729,7.8567661,7.9511527,7.8274511,8.5914256,8.479799,8.019108,8.3110469,8.3528907,8.1994321,7.7883515,7.8611628,7.7802661,9.5315646,9.5022891,9.1898168,7.3558465,7.2388386,6.5316836,8.8752824,9.3063742,8.5368344,6.9362773,6.6712124,5.9838331,7325.5012151,7324.7650916,7248.2333044,4496.2577271,4499.2978557,4460.1621335,2829.2434881,2825.467236,2788.0711709,60.884249,60.8808011,60.2446966,75.8228458,75.8773189,75.217324,46.3671862,46.3068283,45.693941,4783.0884829,1469.5384931,3313.5499898,12031.3217873,5929.7006266,6101.6211607
1985-09-01,6763.2514875,6771.7117238,6814.7053585,4162.423279,4172.3251486,4189.3629934,2600.8282085,2599.3865752,2625.3423651,5542.9702677,5551.7481856,5573.8414801,3903.0036585,3912.9198408,3925.2551926,1639.9666092,1638.8283448,1648.5862875,1220.2812198,1219.9635381,1240.8638784,259.4196205,259.4053078,264.1078008,960.8615993,960.5582304,976.7560776,56.1157267,56.1942152,56.5509926,70.0700783,70.2464317,70.5332856,42.5535962,42.5362253,42.9609645,590.7837068,593.4263696,589.2299056,347.0829686,345.7159609,342.7023186,243.7007382,247.7104087,246.527587,493.8753713,495.336242,483.5402404,321.4316614,319.9220479,316.2356086,172.4437099,175.414194,167.3046318,96.9083355,98.0901276,105.6896652,25.6513072,25.7939129,26.46671,71.2570283,72.2962147,79.2229552,8.0334631,8.0572334,7.9583341,7.6966956,7.6518994,7.5617251,8.5673496,8.7004556,8.5842183,8.1810171,8.1913234,7.9826609,7.6088669,7.5580911,7.4557655,9.5146065,9.668729,9.2133635,7.357205,7.4420435,7.8489018,8.9982193,9.0441737,9.1084073,6.9039572,6.9996518,7.5023227,7354.0351943,7365.1380934,7403.9352641,4509.5062476,4518.0411095,4532.065312,2844.5289467,2847.0969839,2871.8699521,61.017549,61.1186908,61.4406443,75.91286,76.0670022,76.3031176,46.5409194,46.5897454,46.995129,4646.6142499,1407.4892652,3239.1249847,12050.549514,5939.5545772,6110.9949368
1985-10-01,6795.3579247,6756.201083,6771.0533584,4180.0274599,4152.041938,4161.2584622,2615.3304648,2604.159145,2609.7948962,5567.91249,5524.1671484,5522.7783029,3920.0159026,3884.1218541,3889.0532082,1647.8965874,1640.0452942,1633.7250947,1227.4454347,1232.0339346,1248.2750555,260.0115573,267.9200839,272.205254,967.4338774,964.1138507,976.0698015,56.2819206,55.9598052,56.0828226,70.23758,69.7700374,69.9249099,42.7168647,42.5358299,42.6278832,586.3902431,575.4437435,534.7846261,341.6653711,333.5374794,310.8840497,244.724872,241.9062641,223.9005764,488.3150472,483.6297486,444.9184337,315.2867895,311.0945567,289.993919,173.0282578,172.5351919,154.9245147,98.0751958,91.8139949,89.8661924,26.3785816,22.4429227,20.8901307,71.6966142,69.3710722,68.9760617,7.9437855,7.8487673,7.3199628,7.5561385,7.4357725,6.9515685,8.5566481,8.4996734,7.9013634,8.0630235,8.0500349,7.4554464,7.4442563,7.4154591,6.9392354,9.5022185,9.5187603,8.6615352,7.3989943,6.9353883,6.7157479,9.2107157,7.7292638,7.1274171,6.8996738,6.7123449,6.6002904,7381.7481678,7331.6448265,7305.8379845,4521.6928309,4485.5794174,4472.1425119,2860.0553369,2846.0654091,2833.6954726,61.1386434,60.7260517,60.5123006,75.9786305,75.3747309,75.14894,46.7140189,46.4870799,46.2850317,4767.4725926,1478.8962036,3288.576389,12073.3105771,5951.0387155,6122.2718616
1985-11-01,6824.5806012,6855.2401277,6881.9441952,4194.0030278,4209.7984412,4209.9227962,2630.5775734,2645.4416866,2672.021399,5590.7343521,5597.3391999,5590.2951177,3933.8479914,3942.7809584,3936.6327972,1656.8863607,1654.5582415,1653.6623205,1233.8462492,1257.9009279,1291.6490775,260.1550364,267.0174827,273.289999,973.6912127,990.8834451,1018.3590785,56.4201546,56.6732773,56.8940438,70.3393371,70.6042132,70.6062988,42.8888818,43.1307482,43.5640984,583.9033281,592.1036264,543.0949528,337.7203375,336.7223118,311.3762437,246.1829906,255.3813146,231.7187091,484.1242809,481.3630923,443.9649451,310.3508905,306.261147,285.8933018,173.7733904,175.1019453,158.0716433,99.7790472,110.7405341,99.1300077,27.369447,30.4611648,25.4829419,72.4096002,80.2793694,73.6470658,7.8815495,7.9505344,7.3143716,7.45236,7.4061536,6.8868757,8.5576462,8.8037538,7.9800086,7.9693094,7.9188463,7.3574049,7.312355,7.2077692,6.7706699,9.4923915,9.5701894,8.7248816,7.4817902,8.0912742,7.1276602,9.518997,10.2397819,8.5292001,6.9218568,7.4946001,6.7441988,7408.4839293,7447.3437542,7425.039148,4531.7233653,4546.520753,4521.2990399,2876.7605641,2900.8230012,2903.7401081,61.2473987,61.568285,61.3838895,76.0033828,76.2515178,75.8285144,46.9026441,47.2944337,47.3419936,4671.0323234,1441.2324411,3229.7998823,12096.0714714,5962.531481,6133.5399904
1985-12-01,6850.2923475,6822.6384854,6910.8392317,4203.448126,4180.3557114,4225.5882894,2646.8442215,2642.282774,2685.2509423,5610.6463808,5591.5113444,5668.503442,3942.8989309,3930.8184175,3975.9938351,1667.7474499,1660.6929269,1692.5096069,1239.6459666,1231.127141,1242.3357897,260.5491951,249.5372939,249.5944543,979.0967716,981.5898471,992.7413354,56.5267933,56.2970329,57.0248218,70.3623664,69.9742915,70.7314322,43.0752239,42.9998082,43.6990607,583.7656594,575.9590295,591.1212989,335.7653326,328.763268,336.7816063,248.0003268,247.1957615,254.3396926,481.9021257,474.2993861,485.6784876,307.2567721,302.4799959,305.190697,174.6453536,171.8193901,180.4877906,101.8635337,101.6596435,105.4428113,28.5085605,26.2832721,31.5909093,73.3549732,75.3763714,73.851902,7.8525841,7.7847055,7.8795576,7.3969937,7.2910755,7.3817252,8.5669653,8.5550302,8.6522147,7.909697,7.819225,7.8918448,7.2293063,7.1452557,7.1286508,9.4792681,9.3761656,9.6363076,7.5932026,7.6275999,7.823452,9.8625828,9.5291198,11.2349053,6.9699132,7.1313889,6.9240925,7434.0580069,7398.5975149,7501.9605306,4539.2134586,4509.1189794,4562.3698957,2894.8445483,2889.4785355,2939.5906349,61.3438725,61.0495615,61.9024619,75.9828101,75.4774061,76.3687645,47.1112263,47.0226064,47.8381174,4617.0413584,1411.7609222,3205.2804362,12119.001889,5974.1308179,6144.8710711
1986-01-01,6871.9569349,6869.2859202,6753.6197634,4208.709411,4206.5784381,4183.4296213,2663.2475239,2662.7074822,2570.1901421,5626.7287989,5629.0908325,5632.8621648,3946.9440913,3952.963123,3946.6180445,1679.7847076,1676.1277095,1686.2441203,1245.228136,1240.1950877,1120.7575986,261.7653197,253.615315,236.8115768,983.4628163,986.5797727,883.9460218,56.5992577,56.5764411,55.6237978,70.3149227,70.278726,69.8919819,43.2628626,43.2535987,41.7507269,585.5197749,581.6543422,624.8409548,335.6786525,336.7434814,370.7869748,249.8411224,244.9108608,254.05398,481.5173979,480.8366265,530.86914,306.0909002,305.0209006,335.1843778,175.4264976,175.8157259,195.6847622,104.002377,100.8177158,93.9718148,29.5877523,31.7225809,35.602597,74.4146248,69.0951349,58.3692178,7.8514462,7.8064556,8.4684459,7.3866635,7.4118341,8.1416192,8.5765026,8.4230746,8.9954681,7.8830712,7.86976,8.6127885,7.1969993,7.1635051,7.8281141,9.4558774,9.4935797,10.3980955,7.7082734,7.5180278,7.7360286,10.155291,11.1175492,13.0692895,7.0343333,6.5451148,6.1942347,7457.4767099,7450.9402625,7378.4607182,4544.3880635,4543.3219195,4554.2165961,2913.0886463,2907.618343,2824.2441221,61.4217537,61.3670311,60.770079,75.9231071,75.9046529,76.0866688,47.3213822,47.2319839,45.8776349,4763.1406036,1431.3478519,3331.7927517,12141.6013218,5985.564448,6156.0368738
1986-02-01,6889.6546243,6892.1700601,6861.855494,4211.1629965,4206.8197498,4205.3128555,2678.4916278,2685.3503103,2656.5426385,5638.320266,5654.7913974,5667.5906083,3947.1462008,3945.7152913,3960.3476253,1691.1740652,1709.0761061,1707.242983,1251.3343583,1237.3786627,1194.2648857,264.0167957,261.1044585,244.9652302,987.3175626,976.2742042,949.2996555,56.6398932,56.6596272,56.4104152,70.222177,70.1489023,70.1237748,43.4319787,43.5426087,43.075496,588.3701891,599.4882705,665.2924183,336.8615691,339.9379349,369.4212947,251.5086201,259.5503356,295.8711236,482.6065247,495.0581169,550.3483511,306.5565626,312.3338598,341.0240043,176.049962,182.7242571,209.3243468,105.7636645,104.4301536,114.9440672,30.3050064,27.6040751,28.3972904,75.4586581,76.8260785,86.5467768,7.8679893,8.002077,8.8385724,7.4067667,7.4764911,8.0752516,8.5839112,8.8135515,10.0213299,7.8845335,8.0499225,8.8509771,7.2068167,7.3351398,7.9282618,9.4284328,9.6587494,10.9218363,7.7933696,7.7827893,8.7796579,10.2965551,9.5612259,10.3881433,7.1001455,7.2952291,8.3551745,7478.0248134,7491.6583306,7527.1479123,4548.0245656,4546.7576847,4574.7341502,2930.0002479,2944.9006459,2952.4137621,61.4768881,61.5879418,61.879697,75.8394264,75.8173821,76.2838909,47.5102132,47.7511839,47.8730081,4637.016232,1422.2517079,3214.7645241,12164.1641443,5996.9858581,6167.1782862
1986-03-01,6903.7046972,6902.5634841,6961.8946633,4212.1380104,4217.2379256,4238.2204466,2691.5666868,2685.3255585,2723.6742167,5645.4808746,5638.753158,5667.7941069,3945.0659042,3946.5897557,3962.3364013,1700.4149704,1692.1634022,1705.4577056,1258.2238226,1263.8103261,1294.1005564,267.0721062,270.6481698,275.8840453,991.1517164,993.1621563,1018.2165111,56.6524933,56.6390209,57.1258632,70.1077963,70.1874891,70.5367012,43.5670151,43.4630682,44.0837565,592.1115538,594.23265,642.5642953,338.8010129,340.5682579,353.3844432,253.3105409,253.6643921,289.1798521,484.7021941,486.0858805,507.9616969,308.1878476,308.0536474,315.742513,176.5143465,178.0322332,192.2191839,107.4093597,108.1467695,134.6025984,30.6131653,32.5146105,37.6419302,76.7961944,75.632159,96.9606682,7.8992272,7.9264881,8.4498358,7.4446397,7.472197,7.6963165,8.6017352,8.6310058,9.5982031,7.9068143,7.9363046,8.2250936,7.2459314,7.2404105,7.3804743,9.4044216,9.5194444,10.129184,7.8651691,7.8826641,9.4213132,10.2837353,10.7251327,12.0060005,7.1910056,7.0763998,8.6946424,7495.816251,7496.7961341,7604.4589586,4550.9390233,4557.8061834,4591.6048898,2944.8772277,2938.9899506,3012.8540688,61.5114201,61.515,62.3984279,75.7468785,75.8555664,76.4180783,47.6672234,47.5687278,48.7642481,4582.481023,1416.9273736,3165.5536494,12186.9399816,6008.5322634,6178.4077182
1986-04-01,6957.3440157,6971.4024902,6997.885645,4226.0437728,4230.6759106,4242.291403,2731.3002428,2740.7265795,2755.594243,5649.6757049,5652.930715,5649.810152,3942.9087613,3937.7729451,3937.512677,1706.7669436,1715.1577698,1712.297475,1307.6683107,1318.4717752,1348.075493,283.1350115,292.9029655,304.7787252,1024.5332992,1025.5688097,1043.296768,56.9916139,57.1059773,57.322913,70.2116525,70.2877105,70.4806883,44.1339774,44.2856253,44.5258622,592.8111341,598.0137313,608.6539106,339.8558072,344.1956023,339.586884,252.9553269,253.818129,269.0670266,484.9066607,486.6767161,485.9500416,309.7339561,311.7644499,306.1432719,175.1727047,174.9122662,179.8067697,107.9044734,111.3370152,122.703869,30.1218512,32.4311524,33.4436121,77.7826222,78.9058628,89.2602569,7.8516418,7.9003943,8.0017189,7.4433483,7.5236124,7.4115213,8.4763292,8.4760173,8.8957739,7.9044771,7.9268377,7.9199647,7.2833289,7.3364327,7.2141398,9.3080936,9.2542743,9.5030055,7.6226722,7.7868465,8.3427788,9.6157035,9.9685679,9.8880554,7.0562913,7.1441985,7.8813035,7550.1551498,7569.4162214,7606.539556,4565.89958,4574.8715129,4581.878287,2984.2555697,2994.5447085,3024.661269,61.8476715,62.0045839,62.3086783,75.8580298,76.0061161,76.1225254,48.2213804,48.386908,48.873542,4601.293717,1437.205108,3164.088609,12207.83327,6019.083394,6188.749879
1986-05-01,6966.7728242,6965.0250631,6978.969976,4227.6884218,4226.9894992,4228.139091,2739.0844024,2738.0355639,2750.830885,5652.7020829,5654.4675506,5644.223037,3942.6348675,3940.9356467,3936.235346,1710.0672154,1713.5319039,1707.987691,1314.0707413,1310.5575125,1334.746939,285.0535543,286.0538525,291.9037445,1029.017187,1024.50366,1042.843194,56.9699001,56.9565403,57.0705749,70.1144085,70.1040398,70.1231056,44.1847733,44.1684804,44.3748875,598.6990814,593.0474211,594.5002444,343.2735447,340.1422773,337.9512041,255.4255367,252.9051439,256.5490403,489.2472137,487.473046,484.6767615,313.4591765,312.8029757,309.9912836,175.7880372,174.6700703,174.6854779,109.4518678,105.5743751,109.8234829,29.8143682,27.3393015,27.9599205,79.6374995,78.2350736,81.8635624,7.9135722,7.8465432,7.8497733,7.5098753,7.4476125,7.4013255,8.5297943,8.4557057,8.5306495,7.9656668,7.9367919,7.9080549,7.3649495,7.3536012,7.3003942,9.3213961,9.2506031,9.2785875,7.6888043,7.4551231,7.6025011,9.468849,8.7236435,8.7411993,7.1832556,7.0946155,7.2786584,7565.4719056,7558.0724843,7573.47022,4570.9619665,4567.1317765,4566.090295,2994.5099391,2990.9407078,3007.379925,61.8656858,61.8061896,61.9321047,75.8074538,75.7452527,75.7279799,48.3050989,48.2482068,48.5133952,4655.19576,1463.504449,3191.691311,12228.66598,6029.594744,6199.071236
1986-06-01,6974.4585229,7005.393138,7007.678152,4229.5844929,4260.9406175,4257.856116,2744.87403,2744.4525205,2749.822036,5656.2314921,5687.1448993,5664.028205,3944.8607852,3980.0091632,3973.574404,1711.3707069,1707.135736,1690.453801,1318.2270308,1318.2482387,1343.649947,284.7237077,280.9314542,284.2817127,1033.5033231,1037.3167845,1059.368234,56.9350606,57.1884502,57.2071039,70.0233645,70.5428938,70.4918277,44.203747,44.1979838,44.2844571,605.7922124,580.5422371,563.8085457,347.5062383,332.7556978,321.3208054,258.2859741,247.7865393,242.4877403,495.1117781,470.7221254,458.3738449,318.087373,303.1273171,294.201636,177.0244051,167.5948083,164.1722089,110.6804343,109.8201116,105.4347008,29.4188654,29.6283807,27.1191694,81.2615689,80.1917309,78.3155314,7.9917173,7.6528761,7.4464708,7.5922952,7.2437461,7.0169991,8.6004733,8.280974,8.1036978,8.04884,7.6442399,7.4868302,7.4616758,7.0772276,6.8935585,9.3743308,8.9396745,8.8520385,7.7458084,7.6901159,7.2759518,9.3648133,9.5403131,8.7087645,7.2895702,7.1759391,6.8837698,7580.2507353,7585.9353751,7571.486698,4577.0907312,4593.6963153,4579.176922,3003.1600041,2992.2390598,2992.309776,61.8803644,61.9277004,61.8097488,75.7765433,76.0519004,75.8115216,48.3632121,48.1884575,48.1895963,4678.177539,1461.035474,3217.142065,12249.66424,6040.212396,6209.451841
1986-07-01,6980.7371205,6987.5749691,6991.497212,4231.3122881,4229.7572297,4228.113585,2749.4248324,2757.8177394,2763.383628,5660.2232426,5651.6933341,5658.647485,3948.6695465,3944.6964814,3949.132959,1711.553696,1706.9968526,1709.514526,1320.513878,1335.8816351,1332.849728,282.6427416,285.0607483,278.9806259,1037.8711364,1050.8208868,1053.869102,56.8890693,56.9448729,56.976837,69.9306453,69.9050683,69.8779038,44.2025362,44.3375142,44.4269972,613.7942576,616.3417629,596.0759523,352.5846752,351.9953953,342.9028165,261.2095824,264.3463677,253.1731358,502.6385995,505.5288178,492.1507586,323.4860371,324.4749506,318.3189727,179.1525624,181.0538671,173.8317859,111.1556581,110.8129452,103.9251937,29.0986381,27.5204446,24.5838438,82.05702,83.2925006,79.3413499,8.0820557,8.1055827,7.85595,7.6918107,7.6825491,7.5016755,8.6762305,8.746923,8.3927854,8.1559284,8.2103391,8.0014128,7.5719629,7.6004198,7.4592281,9.4754308,9.5894599,9.2299427,7.7640583,7.6597332,7.2332272,9.3342238,8.8042548,8.098393,7.3269896,7.3442833,7.0014665,7594.5313782,7603.9167321,7587.573165,4583.8969633,4581.752625,4571.016401,3010.6344149,3022.1641071,3016.556764,61.8911462,61.9677175,61.8345265,75.7577911,75.7224854,75.5450482,48.4020058,48.5874183,48.4972689,4683.197872,1479.699709,3203.498163,12270.77104,6050.71611,6220.054927
1986-08-01,6986.7678276,6969.2123196,6918.525052,4232.9766674,4235.3019396,4202.551317,2753.7911602,2733.91038,2715.973735,5664.2116408,5669.1543004,5608.718164,3952.644077,3954.6522915,3922.248384,1711.5675638,1714.5020089,1686.469781,1322.5561868,1300.0580191,1309.806888,280.3325904,280.6496481,280.3029334,1042.2235964,1019.4083711,1029.503955,56.8406472,56.6980422,56.2856758,69.8370958,69.8758216,69.3354879,44.1975926,43.8786218,43.5907429,622.0867805,625.7277881,597.6290645,358.438693,358.3963623,349.2517967,263.6480875,267.3314258,248.3772678,511.2855797,507.8433183,491.8147414,329.4110888,326.9244475,320.9032272,181.874491,180.9188708,170.9115142,110.8012008,117.8844698,105.8143231,29.0276042,31.4719148,28.3485695,81.7735966,86.412555,77.4657536,8.1758269,8.2387455,7.9512614,7.8067146,7.8019134,7.672823,8.7374779,8.9073605,8.3788076,8.2792618,8.2215236,8.0618325,7.6928268,7.6356087,7.5628508,9.6054955,9.54505,9.2017463,7.7301866,8.3137695,7.4747625,9.383109,10.0832235,9.184653,7.2752492,7.8143353,6.9980012,7608.8546081,7594.9401076,7516.154117,4591.4153604,4593.6983018,4551.803114,3017.4392477,3001.2418058,2964.351003,61.9016161,61.788652,61.1476884,75.7507399,75.788798,75.0975933,48.429072,48.1692286,47.5771399,4775.650065,1509.380626,3266.269439,12291.80418,6061.18374,6230.620442
1986-09-01,6993.3280632,6994.2685468,7040.5986,4234.1018232,4242.4391683,4260.097077,2759.2262401,2751.8293785,2780.501523,5667.3237859,5673.7210964,5694.075504,3955.2781679,3964.8753183,3976.758758,1712.045618,1708.8457781,1717.316746,1326.0042773,1320.5474505,1346.523097,278.8236553,277.5638501,283.3383191,1047.180622,1042.9836004,1063.184778,56.795622,56.80382,57.1800886,69.7341781,69.8716069,70.1624269,44.2086477,44.0909208,44.5503174,629.2355559,636.2227821,633.0767289,364.2820219,365.5975195,363.3765489,264.953534,270.6252626,269.70018,519.5209888,530.1212541,518.3490447,335.0984413,337.1989916,333.9504838,184.4225475,192.9222626,184.3985609,109.714567,106.101528,114.7276842,29.1835805,28.3985279,29.4260651,80.5309865,77.703,85.3016191,8.2549072,8.3379006,8.2499806,7.9219577,7.9339108,7.8593841,8.7611701,8.9538238,8.8420441,8.397188,8.5450472,8.3437479,7.8104668,7.838056,7.7469963,9.7245264,10.1443635,9.6964335,7.6417864,7.4371152,7.8513343,9.4749659,9.2817058,9.4083811,7.1410976,6.9335174,7.4273077,7622.5636191,7630.491329,7673.675329,4598.3838451,4608.0366878,4623.473626,3024.1797741,3022.4546411,3050.201703,61.9058963,61.9708913,62.3216093,75.7337757,75.8928803,76.1471217,48.4537645,48.4269879,48.8715626,4639.349665,1448.290512,3191.059153,12313.02499,6071.764138,6241.260857
1986-10-01,7001.1722235,7018.7940503,7030.367547,4235.0539564,4235.0569263,4245.127905,2766.1182671,2783.7371241,2785.239643,5669.2988647,5687.3906254,5686.858468,3956.356567,3957.0216647,3963.460093,1712.9422977,1730.3689607,1723.398375,1331.8733588,1331.403425,1343.509079,278.6973894,278.0352616,281.6678121,1053.1759693,1053.3681634,1061.841267,56.7596753,56.9023227,56.9961506,69.6272786,69.6270581,69.7926315,44.2416064,44.523239,44.5472704,634.2960877,636.1156787,591.0128257,369.4281118,366.5519147,341.7072812,264.8679758,269.563764,249.3055445,526.0684175,528.0075556,486.236358,339.8795935,338.2216963,315.402665,186.1888239,189.7858593,170.833693,108.2276702,108.1081231,104.7764677,29.5485183,28.3302184,26.3046162,78.6791519,79.7779046,78.4718515,8.3072323,8.3099044,7.7546691,8.0232284,7.9657339,7.4497397,8.738673,8.8286014,8.2155819,8.4913193,8.4951525,7.8767032,7.9111013,7.8743314,7.3711797,9.8038952,9.8838832,9.0186253,7.5152832,7.510056,7.2345172,9.5860213,9.2471967,8.5412244,6.9513448,7.0403902,6.8816056,7635.4683112,7654.909729,7621.380373,4604.4820683,4601.608841,4586.835186,3030.9862429,3053.300888,3034.545187,61.9020198,62.0593994,61.7875724,75.7009377,75.6534072,75.4105188,48.4779346,48.8346561,48.5346765,4713.430789,1495.652054,3217.778734,12334.81116,6082.48724,6252.323922
1986-11-01,7010.6904994,7008.0000681,7034.16394,4236.6954566,4227.8983015,4228.389583,2773.9950427,2780.1017665,2805.774356,5670.9950986,5677.164027,5670.615456,3956.623694,3954.3148567,3948.812091,1714.3714046,1722.8491702,1721.803365,1339.6954008,1330.8360411,1363.548484,280.0717626,273.5834448,279.5774923,1059.6236382,1057.2525963,1083.970991,56.7357188,56.714832,56.9265728,69.5301292,69.3871599,69.3952227,44.2887806,44.386773,44.7966585,637.3609493,635.9016318,584.2035545,373.0339375,373.3208397,345.6356699,264.3270118,262.5807921,238.5678846,530.3792187,529.8246406,489.3336095,343.167761,343.2006468,320.5150987,187.2114577,186.6239937,168.8185108,106.9817306,106.0769912,94.869945,29.8661765,30.1201929,25.1205712,77.1155541,75.9567984,69.7493738,8.3336384,8.3190713,7.6683562,8.0923175,8.1135201,7.556488,8.6997694,8.6299108,7.8364345,8.5526077,8.535937,7.9437931,7.9810327,7.9860246,7.5073913,9.8450329,9.7735856,8.9292583,7.394997,7.3822833,6.5049881,9.6361796,9.9176266,8.2444145,6.7839267,6.7028034,6.0456048,7648.0514487,7643.9016998,7618.367494,4609.7293941,4601.2191412,4574.025253,3038.3220546,3042.6825586,3044.342241,61.8937174,61.8611011,61.654456,75.6521406,75.5140038,75.0677048,48.5089472,48.5791066,48.6056049,4738.188679,1519.174567,3219.014112,12356.55617,6093.19982,6263.356353
1986-12-01,7021.7824584,7024.5687139,7116.814849,4239.7312124,4244.4865279,4291.645595,2782.051246,2780.0821861,2825.169254,5673.3350104,5662.8755564,5744.545584,3957.2461151,3953.5922338,4001.067973,1716.0888952,1709.2833226,1743.477611,1348.447448,1361.6931575,1372.269265,282.4850973,290.894294,290.5776225,1065.9623508,1070.7988635,1081.691643,56.7229669,56.7479676,57.4931779,69.4541634,69.5356361,70.3082233,44.3374342,44.3076789,45.0262559,639.0931097,641.1475539,655.809776,374.6397089,378.6908315,386.0841376,264.4534008,262.4567224,269.7256384,532.6916879,534.9773592,545.5136663,344.6115026,346.8476692,348.5355664,188.0801853,188.1296901,196.9780999,106.4014218,106.1701947,110.2961097,30.0282063,31.8431624,37.5485712,76.3732155,74.3270323,72.7475385,8.3422985,8.363831,8.4374302,8.1189769,8.1911379,8.2536649,8.6805514,8.6262405,8.7151793,8.5834579,8.6316563,8.6726316,8.0107603,8.0653997,8.0130422,9.8772839,9.9150627,10.1511258,7.3135722,7.2329754,7.4395444,9.608617,9.866584,11.4433325,6.6857076,6.4907302,6.3015479,7660.8755681,7665.7162678,7772.624625,4614.3709213,4623.1773594,4677.729733,3046.5046468,3042.5389084,3094.894892,61.8856528,61.9274772,62.7911362,75.5914127,75.7395686,76.6332772,48.552017,48.4905941,49.3250199,4605.913332,1426.315276,3179.598056,12378.53796,6104.045009,6274.492948
1987-01-01,7034.8135629,7024.8822556,6902.543985,4244.9529631,4239.2976581,4211.612083,2789.8605998,2785.5845974,2690.931902,5677.5092819,5670.6007757,5669.68557,3959.3719915,3955.0613534,3945.79931,1718.1372904,1715.5394224,1723.88626,1357.304281,1354.2814798,1232.858415,285.5809716,284.2363048,265.8127729,1071.7233094,1070.0451751,967.0456421,56.7248449,56.6456992,55.6592148,69.4128198,69.3216294,68.8689107,44.3812307,44.313852,42.8080907,640.1670161,626.4156487,670.6892626,374.4252412,367.8279606,402.2700508,265.7417749,258.5876881,268.4192118,533.6747209,522.7310432,574.084037,344.3654954,339.654265,370.4212472,189.3092255,183.0767782,203.6627898,106.4922952,103.6846054,96.6052256,30.0597458,28.1736956,31.8488036,76.4325494,75.5109099,64.756422,8.3409594,8.1870508,8.8560492,8.1055334,7.9838926,8.7186894,8.6968703,8.4945155,9.070205,8.5921576,8.4402234,9.1945103,8.0015451,7.9086555,8.5820741,9.9247462,9.6426428,10.565894,7.2750748,7.1115924,7.2664812,9.5234056,9.0181798,10.6996691,6.6569838,6.591638,6.2760508,7674.980579,7651.2979043,7573.233248,4619.3782043,4607.1256187,4613.882134,3055.6023747,3044.1722855,2959.351114,61.8867976,61.6968519,61.0673713,75.5353639,75.3364072,75.4468908,48.6086631,48.4275366,47.0781779,4828.206493,1501.521811,3326.684682,12401.43974,6115.403945,6286.035796
1987-02-01,7050.0166351,7056.5783332,7022.252753,4252.4636365,4251.0408989,4248.103546,2797.5529986,2805.5374343,2774.149207,5684.7622962,5688.6719146,5700.691462,3963.6562638,3965.4568024,3979.406768,1721.1060324,1723.2151122,1721.284695,1365.2543389,1367.9064185,1321.561291,288.8073727,285.5840965,268.6967781,1076.4469662,1082.322322,1052.864513,56.7440719,56.7966699,56.5203917,69.4087492,69.3852533,69.33731,44.4229647,44.5495886,44.0511698,640.6874867,631.1475064,699.6550839,372.8923926,364.4596891,395.6759125,267.7950942,266.6878173,303.9791714,533.9597333,522.8380965,580.4912033,343.0207066,332.8775379,362.7288697,190.9390268,189.9605587,217.7623336,106.7277534,108.3094098,119.1638806,29.871686,31.5821512,32.9470428,76.8560674,76.7272586,86.2168378,8.330674,8.2098077,9.0606505,8.0619176,7.8964282,8.5205578,8.736205,8.6806076,9.8754546,8.5863258,8.4172463,9.2417501,7.964858,7.744338,8.3536974,9.9861154,9.9290704,11.2303792,7.2506149,7.336963,8.2711042,9.3735955,9.9576016,10.9224988,6.6639959,6.6198427,7.5689798,7690.7041219,7687.7258395,7721.907837,4625.3560291,4615.500588,4643.779458,3065.3480927,3072.2252515,3078.128379,61.9008281,61.8766215,62.151744,75.4951021,75.3339441,75.7955103,48.6753425,48.7843681,48.8781049,4702.373998,1482.94156,3219.432438,12424.28183,6126.721018,6297.560817
1987-03-01,7067.1324522,7070.0764634,7133.389586,4261.5250098,4268.9838422,4291.664079,2805.6074424,2801.0926212,2841.725507,5695.0686624,5696.0629418,5725.760127,3969.8727717,3971.8277598,3988.550694,1725.1958907,1724.235182,1737.209433,1372.0637898,1374.0135216,1407.629459,291.6522381,297.1560824,303.1133851,1080.4115517,1076.8574392,1104.516074,56.7797248,56.7997288,57.3083751,69.431137,69.5478164,69.9173097,44.4710896,44.3971126,45.0411408,640.535768,651.25071,702.8495881,370.6787349,373.8004119,385.8283038,269.8570331,277.4502982,317.0212843,533.7897613,540.0540743,562.0229181,341.0671609,344.5057381,351.5512214,192.7226005,195.5483362,210.4716967,106.7460067,111.1966358,140.82667,29.611574,29.2946738,34.2770824,77.1344327,81.901962,106.5495876,8.3103703,8.43444,8.9692207,8.0022114,8.0512122,8.2486143,8.7745131,9.0123901,10.0362994,8.5696242,8.6601017,8.9383319,7.9116658,7.9814439,8.1000683,10.0485292,10.1859577,10.8062708,7.218373,7.4869294,9.0946503,9.2172143,8.9736884,10.1594697,6.6636171,7.0680731,8.7980025,7707.6682203,7721.3271734,7836.239174,4632.2037447,4642.784254,4677.492383,3075.4644755,3078.5429194,3158.746792,61.9260051,62.0317604,62.9549429,75.4704412,75.6375565,76.2030013,48.7485363,48.7946794,50.0659049,4611.137973,1460.707299,3150.430674,12447.37715,6138.199682,6309.177465
1987-04-01,7084.5352605,7084.5765125,7109.576413,4270.7759989,4270.7440051,4281.332941,2813.7592617,2813.8325074,2828.243472,5706.2723253,5710.9568011,5705.142504,3976.6444111,3976.9859067,3975.581429,1729.6279142,1733.9708944,1729.561075,1378.2629352,1373.6197114,1404.433909,294.1315877,293.7580984,305.751512,1084.1313475,1079.861613,1098.682397,56.8197341,56.8186774,57.0191779,69.4593105,69.457186,69.629399,44.522337,44.5226473,44.7506688,639.0780735,641.2365925,652.045312,368.1382206,362.0712852,357.3371707,270.9398529,279.1653073,294.7081413,532.7246623,531.0705943,530.5536879,338.7055893,332.7744628,326.9804629,194.019073,198.2961315,203.573225,106.3534112,110.1659982,121.4916241,29.4326313,29.2968224,30.3567078,76.9207799,80.8691758,91.1349163,8.2743406,8.2999237,8.4008901,7.9358704,7.815362,7.70344,8.7833478,9.0257195,9.4368462,8.5386267,8.5079824,8.5083313,7.8488556,7.7214145,7.599669,10.086002,10.2623565,10.5307337,7.1636966,7.4246569,7.9618318,9.0963801,9.0686817,9.0318255,6.6250927,6.9670915,7.6595722,7723.613334,7725.813105,7761.621725,4638.9142194,4632.8152903,4638.670112,3084.6991146,3092.9978147,3122.951613,61.9452992,61.9614287,62.2486157,75.4466596,75.3457273,75.4409471,48.8094399,48.939818,49.4137703,4707.124181,1510.073097,3197.051084,12468.74591,6148.743209,6320.002697
1987-05-01,7100.720459,7089.7772121,7103.523457,4278.7073093,4270.2448935,4269.715699,2822.0131498,2819.5323186,2833.807758,5716.7034815,5709.0537433,5696.347153,3982.398812,3978.5124629,3972.039694,1734.3046695,1730.5412804,1724.307458,1384.0169776,1380.7234688,1407.176304,296.3084973,291.7324307,297.6760045,1087.7084803,1088.9910381,1109.5003,56.8525159,56.764418,56.8744775,69.4695429,69.3315456,69.3229536,44.5772831,44.5377279,44.7632247,636.2032841,633.4467267,635.1338559,365.6472473,368.3589236,366.905429,270.5560368,265.0878031,268.2284269,530.2691876,531.8836438,530.2375065,336.02171,339.5898575,337.6448628,194.2474776,192.2937864,192.5926437,105.9340965,101.5630829,104.8963494,29.6255373,28.7690661,29.2605662,76.3085592,72.7940167,75.6357832,8.2229489,8.2018433,8.2072875,7.87294,7.9411594,7.913207,8.7485848,8.5938557,8.6468504,8.4884186,8.5224961,8.5157038,7.7811253,7.864331,7.8345609,10.0721921,10.0005346,10.0470882,7.1099044,6.8517847,6.9372559,9.0894273,8.9762658,8.9499214,6.5556222,6.2657044,6.3820336,7736.9237431,7723.2239387,7738.657313,4644.3545566,4638.6038171,4636.621128,3092.5691865,3084.6201217,3102.036185,61.946331,61.8361196,61.9596872,75.4062302,75.3122081,75.2800172,48.8510595,48.725092,49.0001986,4751.168995,1522.544744,3228.624251,12489.82631,6159.165872,6330.660436
1987-06-01,7114.8388932,7125.4455624,7128.887578,4284.5860524,4294.6264151,4291.205468,2830.2528408,2830.8191474,2837.68211,5725.2357,5729.7089068,5705.785708,3986.2815381,3992.6229766,3985.669229,1738.9541619,1737.0859301,1720.116479,1389.6031932,1395.7366557,1423.10187,298.3045143,302.0034384,305.5362385,1091.2986789,1093.7332172,1117.565632,56.8709039,56.9532357,56.9807475,69.4494682,69.6090478,69.5535997,44.6338188,44.6402314,44.748456,632.3656285,620.2240972,603.1260182,363.6389608,364.9130559,353.3332323,268.7266677,255.3110413,249.7927859,526.6620871,517.7600249,505.3819613,333.4620927,335.1629059,326.2020268,193.1999945,182.5971191,179.1799345,105.7035413,102.4640722,97.7440569,30.1768681,29.75015,27.1312055,75.5266732,72.7139222,70.6128514,8.1625008,8.0073657,7.8003745,7.8231789,7.8315262,7.6074989,8.6714567,8.2728539,8.0905204,8.4240355,8.2875166,8.1366659,7.719488,7.7444429,7.5652079,9.9992019,9.5118368,9.4340164,7.0690206,6.8391418,6.4269533,9.1867819,8.9675443,8.1556539,6.4728344,6.2337949,5.9429499,7747.2045217,7745.6696596,7732.013596,4648.2250132,4659.5394709,4644.5387,3098.9795085,3086.1301887,3087.474896,61.9255799,61.9106476,61.8014956,75.3437441,75.5237067,75.2805681,48.8717078,48.6663254,48.6875306,4779.032495,1525.099519,3253.932975,12511.04609,6169.638219,6341.407872
1987-07-01,7127.2288457,7171.2250119,7175.620018,4288.8124314,4321.6470745,4319.974972,2838.4164143,2849.5779374,2855.645045,5732.0070678,5776.3782855,5786.088231,3988.42816,4022.4321471,4027.209916,1743.5789078,1753.9461384,1758.878315,1395.2217779,1394.8467264,1389.531787,300.3842714,299.2149274,292.7650564,1094.8375065,1095.631799,1096.76673,56.8764354,57.2268214,57.2618938,69.4039106,69.933094,69.9060359,44.6899401,44.8643441,44.959866,628.0654553,629.7341503,610.097676,361.9530731,363.2273802,354.1217431,266.1123822,266.5067701,255.9759329,522.1351121,522.3414825,510.193577,331.0667179,332.7983074,327.0344932,191.0683942,189.5431751,183.1590838,105.9303432,107.3926678,99.904099,30.8863551,30.4290728,27.0872499,75.043988,76.963595,72.8168491,8.098538,8.0725221,7.8361135,7.7826558,7.7531935,7.5762605,8.5717479,8.5526163,8.2264496,8.3486288,8.2928198,8.1030931,7.6644776,7.6413478,7.5107059,9.8761358,9.7527254,9.4312851,7.0566028,7.1488385,6.7075126,9.3236021,9.2308893,8.4686742,6.4146658,6.5635253,6.2258782,7755.294301,7800.9591622,7785.717694,4650.7655045,4684.8744547,4674.096715,3104.5287965,3116.0847075,3111.620978,61.888499,62.2521391,62.1305112,75.2612334,75.8108563,75.6364504,48.8797927,49.0602818,48.990004,4745.513006,1505.59137,3239.921637,12531.2307,6179.688085,6351.542615
1987-08-01,7140.3688744,7149.6652154,7092.257321,4292.8052416,4311.0053886,4277.055789,2847.5636328,2838.6598268,2815.201533,5739.0457317,5732.0256688,5671.07488,3990.0041299,3992.9020494,3959.965469,1749.0416018,1739.1236193,1711.109412,1401.3231427,1417.6395466,1421.182441,302.8011117,318.1033392,317.0903203,1098.522031,1099.5362075,1104.092121,56.8872563,56.9645492,56.5071551,69.3535333,69.649835,69.1013356,44.7608795,44.6222328,44.2534808,624.0109307,630.5742259,602.0339426,360.3335146,356.4242668,347.0850246,263.6774161,274.1499591,254.948918,517.4034857,511.4500738,495.0780471,328.7595153,323.068934,317.2367312,188.6439704,188.3811397,177.8413159,106.607445,119.1241522,106.9558955,31.5739993,33.3553328,29.8482934,75.0334457,85.7688193,77.1076021,8.0368419,8.1048177,7.8244236,7.7438807,7.6364143,7.5059355,8.4749916,8.8071542,8.3041181,8.2699222,8.1917524,8.0289615,7.6123526,7.4854288,7.4169215,9.7355305,9.7733165,9.4148203,7.0697846,7.7516246,6.9990977,9.4426882,9.490542,8.6033356,6.3936854,7.2360125,6.5279055,7764.3798051,7780.2394413,7694.291264,4653.1387562,4667.4296554,4624.140813,3111.2410489,3112.8097859,3070.150451,61.8587459,61.9886133,61.3038261,75.1749953,75.4083273,74.7089404,48.9056273,48.9317253,48.2611431,4856.787108,1565.400611,3291.386497,12551.07837,6189.541425,6361.536947
1987-09-01,7156.5805083,7137.5387024,7186.53346,4298.6002473,4294.1453325,4312.712428,2857.980261,2843.39337,2873.821032,5748.4602441,5733.4654222,5751.2593,3992.8755254,3989.2410963,4000.457073,1755.5847187,1744.2243259,1750.802227,1408.1202642,1404.0732802,1435.27416,305.7247219,304.9042362,312.2553554,1102.3955424,1099.1690441,1123.018804,56.9203487,56.7772516,57.1669921,69.3291775,69.2655695,69.5650611,44.8497738,44.6261479,45.1037003,620.2824876,600.0534547,597.6025738,358.2330855,347.3510421,345.5271497,262.0494022,252.7024126,252.0754241,512.8125334,499.8348251,488.9249561,326.0853502,321.000413,318.1446636,186.7271832,178.8344121,170.7802925,107.4699542,100.2186296,108.6776177,32.1477352,26.3506291,27.3824861,75.322219,73.8680005,81.2951316,7.9759987,7.7550411,7.6771856,7.6926327,7.4836004,7.4175479,8.3989394,8.1619701,8.0641003,8.1902283,8.0187831,7.8351045,7.5500881,7.4473881,7.3668442,9.6136559,9.2994774,8.8874816,7.0909638,6.6621797,7.0389257,9.5147546,7.9547901,8.0622601,6.3956086,6.2971584,6.7503272,7776.8629959,7737.5921571,7784.136034,4656.8333328,4641.4963745,4658.239578,3120.0296632,3096.0957826,3125.896456,61.8538076,61.5505198,61.9207641,75.1068734,74.8684231,75.1384949,48.9620683,48.5922313,49.0599433,4786.987961,1541.298468,3245.689494,12571.12399,6199.538046,6371.585949
1987-10-01,7177.1683005,7167.1493734,7177.382961,4307.5222467,4291.6884005,4303.352901,2869.6460538,2875.4609729,2874.03006,5761.9543525,5766.0678926,5767.293964,3998.5017232,3993.4333217,4001.850665,1763.4526293,1772.6345709,1765.443299,1415.213948,1401.0814808,1410.088997,309.0205235,298.2550788,301.5022363,1106.1934245,1102.8264021,1108.586761,56.9848053,56.9075069,56.9887621,69.350544,69.0965262,69.2843256,44.9552649,45.0470891,45.0246723,616.027753,630.4932443,585.3982292,355.0477391,367.0336645,341.9259591,260.9800139,263.4595799,243.4722701,507.8155247,515.9592905,475.4809223,322.5224536,328.7051036,306.2539484,185.2930712,187.254187,169.2269739,108.2122283,114.5339538,109.9173069,32.5252856,38.3285609,35.6720107,75.6869428,76.2053929,74.2452962,7.904687,8.0856904,7.5410889,7.6148506,7.8784194,7.3607198,8.3363522,8.3933179,7.8098505,8.0994284,8.213261,7.6164996,7.464028,7.6051498,7.1087863,9.5083248,9.5543273,8.7470706,7.1032145,7.5569271,7.2313718,9.5229643,11.3875294,10.5796961,6.4039428,6.4633874,6.2769094,7793.1960536,7797.6426177,7762.78119,4662.5699858,4658.722065,4645.27886,3130.6260677,3138.9205528,3117.50233,61.8759016,61.9136532,61.6368519,75.0667661,75.0057976,74.7893609,49.0437223,49.1744576,48.8389189,4831.601807,1565.870432,3265.731375,12594.383,6211.149292,6383.233705
1987-11-01,7203.6011838,7157.1439476,7182.161301,4320.5034027,4293.3435801,4294.183099,2883.097781,2863.8003675,2887.978202,5781.0447648,5728.8468399,5722.867791,4008.3631892,3981.0253906,3975.736803,1772.6815756,1747.8214492,1747.130989,1422.556419,1428.2971078,1459.29351,312.1402136,312.3181895,318.4462968,1110.4162054,1115.9789183,1140.847213,57.0918344,56.7248189,56.923097,69.4321828,68.9962731,69.0097646,45.0854783,44.783738,45.1618278,611.0685328,616.5308117,567.0697173,350.8729279,355.3390257,329.569998,260.1956048,261.191786,237.4997193,502.2247956,507.213105,469.5976798,318.0196471,323.8507724,303.4319238,184.2051485,183.3623326,166.165756,108.8437371,109.3177067,97.4720375,32.8532808,31.4882533,26.1380742,75.9904563,77.8294534,71.3339633,7.8195056,7.9310086,7.3177547,7.5111253,7.6438651,7.1277594,8.2778021,8.3581581,7.5988289,7.9930487,8.1335508,7.5833718,7.3507052,7.5228824,7.0909081,9.4131738,9.4948153,8.6847875,7.1074655,7.1095638,6.2611893,9.5228697,9.1587153,7.5853917,6.4050935,6.519426,5.8847609,7814.6697165,7773.6747593,7749.231018,4671.3763307,4648.6826058,4623.753097,3143.2933858,3124.9921535,3125.477921,61.934832,61.6112092,61.4174774,75.0708483,74.7067567,74.3061265,49.1543806,48.8682212,48.8758176,4868.074921,1598.820078,3269.254843,12617.30594,6222.573176,6394.732764
1987-12-01,7234.9132302,7234.8541815,7330.688657,4337.1524408,4341.5213467,4390.959698,2897.7607895,2893.3328348,2939.728959,5805.1635361,5803.9215274,5890.678115,4022.5256821,4023.4864317,4073.382003,1782.6378539,1780.4350957,1817.296112,1429.7496942,1430.9326541,1440.010543,314.6267586,318.034915,317.5776951,1115.1229356,1112.8977391,1122.432848,57.2343543,57.2356449,57.9938009,69.5687762,69.640799,70.433822,45.2320156,45.1638264,45.8880523,605.9284669,606.0182735,620.6355777,346.2018977,345.4177334,352.5617047,259.7265693,260.6005401,268.073873,496.147393,496.5763076,507.0773207,312.9293929,312.1503916,313.8697627,183.2180002,184.4259161,193.207558,109.7810739,109.4419658,113.558257,33.2725048,33.2673418,38.691942,76.5085691,76.174624,74.866315,7.7278498,7.7289648,7.8054367,7.3921782,7.3697935,7.432489,8.2257358,8.2627154,8.3569311,7.8737171,7.8815408,7.9258628,7.2179134,7.1996434,7.1541315,9.3200119,9.3862067,9.6099082,7.1308139,7.1048928,7.3095094,9.5638331,9.4697205,10.8602974,6.420489,6.4062227,6.252933,7840.8416972,7840.8724549,7951.324235,4683.3543384,4686.9390801,4743.521403,3157.4873588,3153.9333749,3207.802832,62.027767,62.0299152,62.9037101,75.1219226,75.181522,76.0891389,49.2861654,49.2317018,50.0725836,4689.145177,1490.6422010000001,3198.502976,12640.46941,6234.163604,6406.305808
1988-01-01,7267.6315509,7296.5356036,7169.392598,4355.1626028,4375.2542494,4341.518824,2912.4689482,2921.2813543,2827.873774,5831.3360304,5851.0010384,5844.522319,4039.1859039,4055.8487081,4042.594152,1792.1501265,1795.1523303,1801.928167,1436.2955205,1445.5345652,1324.870279,315.9766989,319.4055413,298.9246721,1120.3188216,1126.129024,1025.945607,57.3864404,57.6147019,56.6107588,69.7256214,70.0473593,69.5072587,45.37799,45.5153965,44.0600478,601.5999357,602.7747538,646.2306849,341.6255549,339.3118432,371.961349,259.9743807,263.4629106,274.2693359,490.0121216,493.5162956,542.3538507,307.7636377,305.3558123,333.5668591,182.248484,188.1604833,208.7869916,111.587814,109.2584583,103.8768342,33.8619173,33.9560309,38.3944899,77.7258968,75.3024273,65.4823443,7.6449643,7.6307263,8.2684472,7.2735994,7.1970959,7.8914377,8.1947683,8.2726552,8.8412857,7.7517028,7.7786263,8.491692,7.079991,7.0016394,7.6223626,9.2305821,9.4871813,10.383718,7.2090584,7.0272028,7.2704843,9.6792966,9.6094294,11.382244,6.4877292,6.2677257,5.9996946,7869.2314866,7899.3103574,7815.623283,4696.7881577,4714.5660925,4713.480173,3172.4433289,3184.7442649,3102.14311,62.1367747,62.3743152,61.7135076,75.1950048,75.4797061,75.4623207,49.4285447,49.6203139,48.3333361,4848.740791,1532.657146,3316.083646,12664.36407,6246.137319,6418.226755
1988-02-01,7297.0111729,7282.0168292,7247.304349,4371.925621,4366.8261639,4362.665959,2925.0855519,2915.1906653,2884.638391,5855.4213947,5857.4666377,5868.420922,4056.0553992,4058.7618739,4072.225858,1799.3659955,1798.7047637,1796.195064,1441.5897782,1424.5501915,1378.883428,315.8702218,308.0642899,290.4401009,1125.7195564,1116.4859016,1088.443327,57.5126181,57.3931383,57.1195523,69.8636675,69.7804051,69.7139265,45.4917437,45.337318,44.8621662,598.4703956,583.26818,644.7485882,337.6135372,329.0983299,355.9759122,260.8568585,254.1698501,288.772676,484.3256307,470.8479802,520.7157671,303.0905902,294.9209933,319.8241247,181.2350405,175.9269869,200.8916424,114.144765,112.4201998,124.0328211,34.522947,34.1773366,36.1517875,79.621818,78.2428632,87.8810336,7.57991,7.4157285,8.1695928,7.1687171,7.0081691,7.5440333,8.1877456,8.0195941,9.0997564,7.6395104,7.4403377,8.1500176,6.9529809,6.7740578,7.2818872,9.1505072,8.9093567,10.0592349,7.3370335,7.3144024,8.2528099,9.8526313,9.9863178,11.0694077,6.6057484,6.5490064,7.4708164,7895.4815685,7865.2850091,7892.052938,4709.5391581,4695.9244937,4718.641871,3185.9424104,3169.3605154,3173.411067,62.229563,61.9901603,62.2011315,75.2587547,75.0392852,75.4023012,49.5486621,49.2901913,49.3531858,4795.904259,1539.312858,3256.591401,12687.9572,6257.954729,6430.002468
1988-03-01,7320.2172283,7329.5625551,7397.447882,4385.7099185,4394.5871166,4420.22636,2934.5073097,2934.9754385,2977.221522,5874.654313,5878.9106219,5909.959241,4071.2493306,4074.4688679,4092.950243,1803.4049824,1804.441754,1817.008998,1445.5629153,1450.6519332,1487.488641,314.4605879,320.1182487,327.2761172,1131.1023274,1130.5336845,1160.212524,57.5923308,57.6595758,58.1936103,69.957282,70.0901441,70.4990695,45.5575451,45.5608539,46.2166576,596.1166971,594.5062163,645.2015149,334.3177057,334.6388566,345.9326827,261.7989914,259.8673596,299.2688322,479.6005609,476.7250829,494.8151443,299.3497226,299.0946994,304.0010447,180.2508382,177.6303835,190.8140996,116.5161362,117.7811334,150.3863706,34.967983,35.5441572,41.931638,81.5481532,82.2369762,108.4547326,7.5302116,7.5025373,8.0222509,7.0829608,7.0759752,7.258102,8.1906728,8.1339639,9.1338231,7.5477073,7.5008245,7.7257233,6.8491692,6.8386956,6.9139052,9.0868001,8.9618526,9.5035315,7.4590422,7.5094778,9.1817977,10.0071906,9.9937909,11.3571932,6.7247863,6.7809174,8.5487138,7916.3339254,7924.0687714,8042.649397,4720.0276242,4729.2259733,4766.159043,3196.3063012,3194.8427981,3276.490354,62.2823214,62.3363864,63.2692264,75.2900465,75.4273658,76.0164187,49.6219137,49.5948838,50.8623331,4669.137771,1503.748337,3165.389434,12711.78717,6269.90738,6441.879788
1988-04-01,7337.9423105,7359.870307,7383.371107,4395.8214481,4407.5397004,4417.326183,2942.1208625,2952.3306066,2966.044924,5888.9650807,5906.7181753,5898.782039,4083.5083608,4097.5330685,4095.276745,1805.4567199,1809.1851069,1803.505294,1448.9772299,1453.1521317,1484.589068,312.3130873,310.006632,322.0494379,1136.6641426,1143.1454997,1162.53963,57.6322347,57.8035752,57.9881478,69.9963799,70.1818842,70.3377158,45.5980151,45.7556499,45.9681963,593.6863856,632.395292,644.7949779,331.4628662,353.8336011,350.3874051,262.2235194,278.5616909,294.4075728,475.9273273,493.4817535,492.6303332,296.6572643,308.9746588,303.5088204,179.270063,184.5070946,189.1215128,117.7590583,138.9135386,152.1646447,34.8056019,44.8589423,46.8785847,82.9534564,94.0545963,105.28606,7.4850502,7.912591,8.0316597,7.0116973,7.431335,7.3491706,8.1833751,8.6218192,9.0296538,7.4773821,7.7104115,7.7076913,6.7727408,7.0117807,6.8998321,9.0324807,9.2545426,9.4910654,7.5162016,8.7253649,9.2967344,10.0270031,12.6411085,12.7067021,6.8015956,7.6022138,8.3044586,7931.6286962,7992.2655991,8028.166085,4727.2843143,4761.3733016,4767.713588,3204.3443819,3230.8922975,3260.452497,62.2950505,62.7703351,63.0522934,75.2743925,75.8160272,75.9169845,49.6620467,50.0728395,50.5309678,4704.38598,1512.453654,3191.932326,12732.55206,6280.167241,6452.384823
1988-05-01,7353.1701768,7343.0321877,7354.833831,4403.3767059,4396.3929344,4393.751444,2949.7934709,2946.6392533,2961.082387,5900.4642748,5893.587512,5877.3852,4093.200275,4087.6982281,4078.909442,1807.2639998,1805.8892839,1798.475758,1452.7059019,1449.4446758,1477.448632,310.1764308,308.6947064,314.8420026,1142.5294711,1140.7499694,1162.606629,57.6560509,57.5773846,57.6699224,69.9980635,69.8894985,69.8475067,45.6425969,45.5935973,45.8170772,589.8542899,591.1919188,592.9672084,328.4136241,329.9460517,329.0750942,261.4406658,261.2458672,263.8921142,472.5511478,470.1769733,468.9934106,294.4249916,295.1959033,293.8577736,178.1261561,174.98107,175.135637,117.3031421,121.0149456,123.9737978,33.9886325,34.7501483,35.2173206,83.3145096,86.2647972,88.7564772,7.4260666,7.4511623,7.4607707,6.9405785,6.9810069,6.9677574,8.1414389,8.143866,8.1827659,7.4148753,7.3883465,7.3899375,6.7103495,6.7351822,6.7201788,8.9718464,8.8335448,8.8738663,7.4714947,7.7057025,7.74148,9.8756777,10.1181159,10.0603864,6.7965019,7.0304612,7.0927836,7943.0244666,7934.2241066,7947.80104,4731.79033,4726.3389861,4722.826538,3211.2341367,3207.8851205,3224.974501,62.2810858,62.2129743,62.3194323,75.2186747,75.1346539,75.0788165,49.6879075,49.6358766,49.9003021,4805.526051,1567.664923,3237.861128,12753.32709,6290.491461,6462.83563
1988-06-01,7369.2049641,7360.5512577,7378.263003,4410.3526164,4407.232518,4418.448091,2958.8523477,2953.3187397,2959.814911,5911.8452689,5899.6599429,5883.281819,4101.3832855,4096.892074,4098.571086,1810.4619834,1802.7678689,1784.710734,1457.3596952,1460.8913149,1494.981183,308.9693309,310.3404441,319.8770055,1148.3903643,1150.5508708,1175.104178,57.6885185,57.6198718,57.7585229,69.9924296,69.9452944,70.123292,45.7112179,45.6226767,45.7230292,583.2971503,604.0282978,569.0472077,324.5424476,337.5366822,316.1797623,258.7547027,266.4916155,252.8674454,468.3015749,486.4647042,459.5679027,291.8011089,304.0497781,287.8775958,176.500466,182.4149261,171.6903069,114.9955754,117.5635935,109.479305,32.7413387,33.4869041,28.3021665,82.2542367,84.0766894,81.1771385,7.3347626,7.583932,7.1602491,6.8542691,7.1138694,6.6780278,8.0418366,8.2766246,7.8709134,7.3399811,7.617526,7.2454484,6.6421321,6.9087434,6.5628853,8.8829291,9.1888226,8.7758237,7.3135873,7.4480172,6.8234342,9.5815968,9.7394533,8.1286213,6.6838335,6.8098828,6.4617007,7952.5021143,7964.5795555,7947.31021,4734.895064,4744.7692002,4734.627854,3217.6070504,3219.8103552,3212.682357,62.2547572,62.3483265,62.2131386,75.1429281,75.3021941,75.1412452,49.7087112,49.7394219,49.6293091,4827.017511,1566.342862,3260.674649,12774.32772,6300.970716,6473.357006
1988-07-01,7388.9305506,7378.0550404,7383.061995,4418.429495,4425.2383991,4423.779969,2970.5010556,2952.8166413,2959.282026,5925.8832385,5921.0344967,5933.586984,4109.2238497,4115.9229116,4121.193579,1816.6593887,1805.111585,1812.393405,1463.0473121,1457.0205437,1449.475011,309.2056452,309.3154875,302.5863909,1153.8416669,1147.7050562,1146.888621,57.7507273,57.6655762,57.7047096,70.0050074,70.1152064,70.0920985,45.8207342,45.5458405,45.6455661,574.4563294,534.4544995,518.7810648,319.9670756,307.4466089,299.9958375,254.4892538,227.0078906,218.7852273,462.7421605,440.3788891,431.4937957,288.4592783,283.1634794,278.342727,174.2828821,157.2154097,153.1510687,111.714169,94.0756104,87.2872691,31.5077973,24.2831295,21.6531105,80.2063717,69.792481,65.6341586,7.2137187,6.7545511,6.5653172,6.7526445,6.4962407,6.3507637,7.8911634,7.1390068,6.8842227,7.2432195,6.9226579,6.7790781,6.5593466,6.4368702,6.3266378,8.7537888,8.0116826,7.7917885,7.0940374,6.065105,5.6799461,9.2475944,7.2791457,6.6781223,6.499453,5.7324536,5.4130248,7963.38688,7912.5095399,7901.84306,4738.3965706,4732.685008,4723.775807,3224.9903094,3179.8245319,3178.067253,62.2405883,61.8427782,61.7594109,75.074523,74.9865106,74.8453498,49.7462957,49.0473329,49.0202277,4892.713989,1587.606026,3305.107963,12794.55705,6311.381833,6483.175216
1988-08-01,7412.942515,7408.5362097,7353.286392,4428.1552844,4418.3256224,4382.06369,2984.7872307,2990.2105873,2971.222701,5942.8112951,5940.0645432,5874.506228,4117.0665531,4111.4238383,4076.387033,1825.744742,1828.6407049,1798.119195,1470.13122,1468.4716665,1478.780163,311.0887313,306.9017841,305.6766571,1159.0424887,1161.5698824,1173.103506,57.8456683,57.8139401,57.3827875,70.0442936,69.8923392,69.3187212,45.9694292,46.0540433,45.7615994,565.1697894,563.4642508,538.6977037,315.2583106,313.9049846,305.7021696,249.9114789,249.5592662,232.9955341,456.3230795,459.8631258,445.4163169,284.6483627,284.8942406,279.8696086,171.6747169,174.9688852,165.5467083,108.8467099,103.601125,93.2813868,30.6099479,29.0107441,25.832561,78.236762,74.5903809,67.4488258,7.0840039,7.0680409,6.8258843,6.6462328,6.6333408,6.5212764,7.7259585,7.7029937,7.2715251,7.1310126,7.1854425,7.0478129,6.4667605,6.4802918,6.4245436,8.5948255,8.7326836,8.4304926,6.8934915,6.5900972,5.9336981,8.9581698,8.6363984,7.7924111,6.3232906,6.0340381,5.4369996,7978.1123045,7972.0004604,7891.984095,4743.4135949,4732.230607,4687.76586,3234.6987095,3239.7698535,3204.218235,62.2558771,62.211042,61.5866188,75.0310306,74.8579202,74.154544,49.8183763,49.8976566,49.3501047,4922.462035,1633.850605,3288.611431,12814.44613,6321.616465,6492.829666
1988-09-01,7440.6718456,7451.1538064,7503.157163,4439.6978045,4438.3761971,4457.536838,3000.9740411,3012.7776093,3045.620324,5961.6799047,5965.58365,5980.99326,4125.2384051,4123.023867,4133.427486,1836.4414996,1842.559783,1847.565773,1478.9919409,1485.5701564,1522.163903,314.4593994,315.35233,324.109352,1164.5325414,1170.2178263,1198.054551,57.9678931,58.0554546,58.4606373,70.1137621,70.0946948,70.3972963,46.1437367,46.3320774,46.8371499,557.3508876,555.1751267,554.5495959,311.1856516,311.0145384,309.8192125,246.165236,244.1605884,244.7303834,449.7306857,448.0578941,438.6901337,280.7437007,282.3129821,280.0284671,168.986985,165.744912,158.6616666,107.6202019,107.1172327,115.8594622,30.4419509,28.7015563,29.7907454,77.178251,78.4156764,86.0687168,6.9686084,6.9342033,6.8822261,6.5500586,6.5485144,6.4987639,7.5809879,7.4966295,7.4378206,7.0145357,6.986014,6.8335167,6.3718756,6.4084312,6.3448796,8.4264777,8.2529764,7.9084586,6.7830189,6.7255654,7.0731263,8.8262777,8.3421689,8.4178404,6.2154772,6.2801195,6.7025276,7998.0227332,8006.3289331,8057.706758,4750.8834561,4749.3907354,4767.356051,3247.1392771,3256.9381977,3290.350708,62.3100355,62.3810859,62.7813948,75.0281499,75.0065067,75.2902306,49.9288357,50.0869072,50.6007424,4776.838866,1564.615595,3212.223271,12834.54562,6331.971646,6502.573979
1988-10-01,7470.9588866,7466.411556,7477.266468,4452.4294757,4448.5432777,4461.890887,3018.5294109,3017.8682783,3015.375581,5980.9448168,6011.4876645,6016.28825,4133.8050281,4141.1161556,4151.680399,1847.1397887,1870.371509,1864.607852,1490.0140698,1454.9238914,1460.978218,318.6244476,307.4271221,310.210488,1171.3896221,1147.4967693,1150.76773,58.1080598,58.073332,58.1577609,70.2050555,70.1329253,70.3433552,46.3339317,46.3300171,46.2917494,551.9464416,546.2806915,507.8942919,308.128263,306.7336152,285.76787,243.8181785,239.5470763,222.1264219,443.7674219,439.9047962,406.0067178,277.1394303,274.6281522,255.8709811,166.6279916,165.276644,150.1357367,108.1790197,106.3758953,101.8875741,30.9888328,32.105463,29.8968889,77.1901869,74.2704323,71.9906852,6.879633,6.8176922,6.3604767,6.4725244,6.4503839,6.0191325,7.4737033,7.3539003,6.8610435,6.9071953,6.8187573,6.3218323,6.2829952,6.2192947,5.8052864,8.2744392,8.1191164,7.4518533,6.7688329,6.8132908,6.5192785,8.8637459,9.4557826,8.7904265,6.1822389,6.0789349,5.8875641,8022.9053281,8012.6922475,7985.16076,4760.5577388,4755.2768929,4747.658757,3262.3475894,3257.4153546,3237.502003,62.401021,62.3222727,62.1081343,75.0635629,74.9686938,74.8485911,50.0765008,50.0075202,49.7018124,4871.707102,1595.358109,3276.348992,12856.86786,6343.016866,6513.850996
1988-11-01,7501.2697669,7487.670276,7508.606914,4465.4572127,4470.4559553,4469.611551,3035.8125542,3017.2143207,3038.995363,5999.7684057,6000.3307014,5992.490198,4143.1869342,4142.9040176,4136.864064,1856.5814715,1857.4266838,1855.626135,1501.5013612,1487.3395746,1516.116716,322.2702785,327.5519378,332.7474868,1179.2310827,1159.7876368,1183.369229,58.2470177,58.1378583,58.3004204,70.3053263,70.356495,70.3432057,46.5147921,46.2397113,46.5735123,547.7671412,530.1767266,488.3939829,305.4019475,292.2509739,270.8322815,242.3651937,237.9257527,217.5617014,437.8199179,421.3829066,391.3229124,273.4362952,260.0172911,244.0316666,164.3836226,161.3656155,147.2912458,109.9472233,108.79382,97.0710705,31.9656522,32.2336828,26.8006149,77.9815711,76.5601372,70.2704556,6.8053749,6.6124575,6.1072143,6.4014035,6.1362368,5.7132263,7.3932902,7.3092324,6.6807274,6.8009928,6.5618452,6.1299243,6.1910713,5.905563,5.5703601,8.133917,7.9931757,7.3538353,6.8228812,6.8160857,6.0173447,9.0238311,8.9591359,7.453972,6.2027351,6.1924435,5.6053152,8049.0369081,8017.8470026,7997.000897,4770.8591602,4762.7069292,4740.443832,3278.1777479,3255.1400734,3256.557065,62.5004046,62.2544044,62.0925452,75.1136544,74.9559708,74.6055919,50.2283174,49.8859946,49.9077104,4882.163375,1613.562229,3268.601145,12879.16427,6354.006062,6525.15821
1988-12-01,7531.4319376,7521.5069217,7622.911428,4479.0937345,4478.4896278,4532.095639,3052.3382031,3043.0172939,3090.815789,6018.8322204,6009.6094324,6103.304773,4154.1937944,4152.2313505,4206.555711,1864.638426,1857.3780818,1896.749062,1512.5997172,1511.8974893,1519.606655,324.8999401,326.2582773,325.5399283,1187.6997771,1185.6392121,1194.066726,58.3844879,58.2986903,59.0846697,70.4193361,70.3595754,71.2017558,46.6805408,46.5540311,47.2852832,543.5983207,551.669733,563.3245855,302.4576884,304.8404486,311.2782309,241.1406323,246.8292844,252.0463546,431.4164594,434.6318351,442.4244084,269.3921702,271.4613053,272.8147529,162.0242892,163.1705298,169.6096555,112.1818613,117.0378979,120.9001771,33.0655182,33.3791433,38.463478,79.1163431,83.6587546,82.4366991,6.7318425,6.8333663,6.8813626,6.3255137,6.3729754,6.4268883,7.3217605,7.5027597,7.5398369,6.6883694,6.7444997,6.7589782,6.0899047,6.1365318,6.0904709,7.9946351,8.0755558,8.2081419,6.9044272,7.1849319,7.3696845,9.2370695,9.2813321,10.5667907,6.2452902,6.5909469,6.4580085,8075.0302583,8073.1766547,8186.236014,4781.5514229,4783.3300765,4843.37387,3293.4788354,3289.8465783,3342.862143,62.5985218,62.574645,63.4509604,75.17451,75.1487892,76.0921108,50.368394,50.3301839,51.14125,4715.437918,1521.772033,3193.665885,12901.67393,6365.145903,6536.528029
1989-01-01,7562.5526593,7554.934472,7423.84265,4493.7762578,4486.896358,4447.876076,3068.7764016,3068.038114,2975.966574,6039.8925246,6028.9041422,6012.41193,4167.3544066,4158.4293966,4139.787544,1872.538118,1870.4747456,1872.624386,1522.6601347,1526.0303298,1411.43072,326.4218512,328.4669614,308.0885323,1196.2382835,1197.5633684,1103.342187,58.5304193,58.4672375,57.4527248,70.5526085,70.4795051,69.8665803,46.8443948,46.8016072,45.3970953,538.3155353,551.7143694,592.0172889,298.8430642,300.118409,333.2144357,239.4724712,251.5959604,258.8028532,424.5190662,430.595919,476.8658036,264.9527398,266.7574146,295.6023449,159.5663264,163.8385045,181.2634587,113.7964691,121.1184504,115.1514853,33.8903243,33.3609945,37.6120908,79.9061448,87.7574559,77.5393945,6.6451585,6.8057021,7.3855743,6.2354851,6.2694273,6.9694233,7.2386474,7.5790269,8.0006584,6.5670179,6.6660874,7.3485189,5.9777613,6.0281617,6.6646304,7.8522699,8.0537501,8.8253825,6.9538336,7.3532186,7.543091,9.4058227,9.2201263,10.8799604,6.2615283,6.8276693,6.5662295,8100.8681947,8106.6488414,8015.859939,4792.619322,4787.014767,4781.090512,3308.2488727,3319.6340744,3234.769427,62.6967155,62.7369257,62.0343152,75.2444659,75.1937207,75.1006634,50.4999048,50.6395958,49.3450219,4905.794649,1585.152202,3320.642447,12921.65459,6366.242714,6555.411873
1989-02-01,7594.4294795,7605.2883024,7566.488423,4509.1971069,4510.6291692,4504.882199,3085.2323726,3094.6591332,3061.606224,6062.910364,6063.0609839,6072.090242,4181.6775862,4183.6421493,4196.136579,1881.2327777,1879.4188346,1875.953663,1531.5191155,1542.2273186,1494.398182,327.5195206,326.9870199,308.7456203,1203.9995949,1215.2402986,1185.652561,58.6843187,58.7673222,58.4675091,70.6982914,70.7412932,70.6511621,47.0109863,47.1378655,46.6344034,531.4183918,540.6171503,597.7336085,294.4220111,301.6813867,325.8614342,236.9963807,238.9357636,271.8721743,417.1614673,426.3882613,471.1156794,260.0538392,264.6297007,286.1731857,157.107628,161.7585606,184.9424937,114.2569245,114.228889,126.6179291,34.3681718,37.051686,39.6882485,79.8887527,77.177203,86.9296806,6.5398516,6.6366735,7.3213786,6.1291706,6.2689509,6.745575,7.1336563,7.1675105,8.1558103,6.4376056,6.5704846,7.2000742,5.8547853,5.9490451,6.3845027,7.7076247,7.9247674,8.9738871,6.9424346,6.89598,7.8110223,9.4969165,10.1779523,11.3904681,6.2224066,5.9715381,6.8309676,8125.8478713,8145.9054528,8164.222032,4803.6191179,4812.310556,4830.743634,3322.2287533,3333.5948968,3333.478398,62.7907399,62.9447604,63.0862957,75.314442,75.4726357,75.7617262,50.6222,50.7773364,50.7755619,4777.133849,1545.48864,3231.645209,12941.35588,6376.232274,6565.123607
1989-03-01,7626.7809863,7624.1387454,7634.64468,4525.2604097,4520.7315381,4521.902037,3101.5205766,3103.4072074,3112.742643,6086.8627822,6084.6352129,6076.300986,4196.0925391,4195.0273965,4188.052714,1890.770243,1889.6078165,1888.248272,1539.9182042,1539.5035325,1558.343694,329.1678706,325.7041416,333.8493232,1210.7503336,1213.7993909,1224.494371,58.8443527,58.8222044,58.9032604,70.8529927,70.7871075,70.8054356,47.1793429,47.2004625,47.3424474,523.383242,516.396449,545.858642,289.4395833,285.0117268,293.2415853,233.9436587,231.3847221,252.6170567,409.7092345,406.7446577,416.3604949,254.8509833,253.3252782,256.915991,154.8582512,153.4193796,159.4445039,113.6740075,109.6517913,129.4981471,34.5885999,31.6864487,36.3255943,79.0854075,77.9653426,93.1725528,6.4217509,6.3435196,6.672678,6.0115809,5.9306482,6.0899863,7.013826,6.9385055,7.506391,6.306545,6.2659198,6.4127861,5.7257744,5.694811,5.779928,7.5702041,7.5094145,7.7865442,6.8743676,6.6489669,7.6724101,9.5087243,8.8660557,9.8130891,6.1314325,6.0355683,7.0710246,8150.1642283,8140.5351944,8180.503322,4814.699993,4805.7432649,4815.143623,3335.4642353,3334.7919295,3365.3597,62.8825109,62.8063367,63.1147012,75.3848116,75.2499153,75.3971092,50.7380193,50.7196481,51.1845606,4780.824497,1571.233354,3209.591144,12961.32782,6386.376976,6574.950843
1989-04-01,7658.9075992,7655.7020531,7678.426956,4541.7369338,4545.1698187,4553.954622,3117.1706654,3110.5322344,3124.472335,6109.4607579,6117.1035749,6107.218873,4209.2362397,4216.1652165,4213.20154,1900.2245181,1900.9383584,1894.017334,1549.4468413,1538.5984782,1571.208083,332.500694,329.0046022,340.7530819,1216.9461473,1209.593876,1230.455001,59.0048384,58.9807922,59.1558687,71.012238,71.0672916,71.2046489,47.3425544,47.240895,47.4526089,515.0542496,506.0239424,514.9946978,284.3062832,275.330353,272.8381563,230.7479664,230.6935894,242.1565415,402.5868968,390.1704471,388.9312625,249.5877868,239.8132993,235.6466875,152.99911,150.3571478,153.284575,112.4673529,115.8534953,126.0634353,34.7184964,35.5170537,37.1914688,77.7488564,80.3364416,88.8719665,6.301158,6.1999624,6.2854656,5.8910845,5.7116553,5.6525765,6.8922812,6.9044597,7.1928493,6.182186,5.9959124,5.987104,5.5976146,5.3818325,5.2968021,7.4516535,7.3298629,7.4871505,6.7673381,7.00253,7.4274171,9.4544341,9.7434688,9.8404564,6.005187,6.2279675,6.7361593,8173.9618488,8161.7259955,8193.421654,4826.043217,4820.5001717,4826.792778,3347.9186318,3341.2258238,3366.628876,62.9728577,62.8792842,63.1234728,75.4575032,75.3722974,75.4706873,50.847078,50.7445307,51.130337,4786.570241,1568.793314,3217.776927,12979.9919,6395.586092,6584.405803
1989-05-01,7688.8503421,7711.1785597,7720.789507,4556.8431247,4564.7024334,4559.850087,3132.0072175,3146.4761263,3160.939421,6127.7285701,6134.4370186,6114.057019,4219.2585191,4225.4382531,4214.065574,1908.470051,1908.9987655,1899.991446,1561.121772,1576.7415411,1606.732488,337.5846056,339.2641803,345.784513,1223.5371664,1237.4773608,1260.947975,59.1499838,59.3231667,59.397105,71.1483425,71.2704692,71.1947077,47.4968338,47.7184486,47.9377943,507.5865729,516.6670011,517.3371743,279.4935301,277.8452079,277.5216373,228.0930428,238.8217932,239.815537,396.3296171,402.8280829,401.9312969,244.6163704,242.4558761,242.0647435,151.7132467,160.3722068,159.8665534,111.2569558,113.8389182,115.4058774,34.8771597,35.3893318,35.4568938,76.379796,78.4495864,79.9489836,6.1927711,6.2794932,6.2797914,5.7790338,5.7375834,5.7370335,6.7882809,7.0546758,7.0518323,6.074894,6.1620276,6.1683858,5.479911,5.4266254,5.4321738,7.3640655,7.7498046,7.7610473,6.6526173,6.7337179,6.7013127,9.3639571,9.4458828,9.3003785,5.8757442,5.9615457,5.962351,8196.436915,8227.8455607,8238.126682,4836.3366548,4842.5476413,4837.371724,3360.1002602,3385.2979194,3400.754958,63.0548248,63.2979576,63.3770517,75.5122192,75.6085742,75.5277606,50.9558608,51.3403434,51.5747599,4760.468971,1567.388175,3193.080796,12998.59565,6404.759899,6593.835754
1989-06-01,7716.2590328,7710.7162635,7711.039122,4569.77031,4564.0762123,4558.689238,3146.4887228,3146.6400512,3152.349884,6141.2050264,6145.0115074,6116.072684,4225.8940826,4220.4954185,4210.745892,1915.3109438,1924.516089,1905.326791,1575.0540064,1565.7047561,1594.966439,343.8762274,343.5807939,347.943346,1231.177779,1222.1239622,1247.023093,59.2759476,59.2338366,59.2363168,71.2492501,71.1574088,71.0734218,47.6473436,47.6520905,47.738559,501.5907531,493.0838595,475.9434734,274.9459886,271.3583675,259.4210607,226.6447645,221.7254919,216.5224127,390.9544695,387.9516609,376.9712386,239.9279306,238.1700406,229.6195707,151.0265388,149.7816203,147.3516679,110.6362836,105.1321986,98.9722348,35.0180579,33.1883269,29.80149,75.6182256,71.9438717,69.1707448,6.1036739,6.0104324,5.8134174,5.6751721,5.6118713,5.3842906,6.7191164,6.582584,6.4271481,5.9850723,5.9383721,5.8057707,5.3725368,5.3417338,5.1711863,7.3088999,7.2208353,7.178507,6.5632628,6.2921878,5.8427283,9.242171,8.8086643,7.8893176,5.7865363,5.5595132,5.2553615,8217.8497859,8203.800123,8186.982596,4844.7162986,4835.4345799,4818.110299,3373.1334873,3368.3655431,3368.872297,63.1291448,63.0217141,62.8925216,75.536051,75.3880915,75.1179929,51.07943,51.0098572,51.0175314,4830.435668,1595.945929,3234.489739,13017.41826,6414.056228,6603.362036
1989-07-01,7741.4979861,7735.4646733,7740.771902,4580.4742075,4581.8894552,4580.966811,3161.0237786,3153.5752181,3159.805091,6151.2976642,6145.2586724,6161.183411,4230.0236053,4229.3769677,4235.97126,1921.2740589,1915.8817046,1925.212151,1590.2003219,1590.2060009,1579.588491,350.4506022,352.5124874,344.9955506,1239.7497197,1237.6935135,1234.59294,59.3847621,59.3388257,59.3795375,71.3142706,71.3349024,71.3205378,47.7986879,47.6873321,47.7815382,496.7142526,497.3710628,482.0797652,270.6709246,270.8228531,263.7373687,226.043328,226.5482097,218.3423965,386.2419939,386.326995,379.5626514,235.6606007,233.5952289,230.3131556,150.5813932,152.7317661,149.2494958,110.4722587,111.0440678,102.5171138,35.0103239,37.2276242,33.4242131,75.4619348,73.8164436,69.0929007,6.0293937,6.0413092,5.8626835,5.5795264,5.5808553,5.4438281,6.6737186,6.702365,6.4633767,5.9080635,5.9147505,5.8030483,5.2771443,5.2340731,5.156706,7.2679488,7.3832917,7.1946134,6.4957982,6.5272043,6.0945706,9.0827167,9.5519099,8.832576,5.7376267,5.6283556,5.2998122,8238.2122386,8232.835736,8222.851667,4851.1451321,4852.7123083,4844.704179,3387.0671066,3380.1234278,3378.147487,63.1950399,63.1541641,63.0775762,75.5283975,75.5513118,75.4266342,51.2167497,51.11312,51.0832405,4813.241615,1578.364056,3234.877559,13036.09328,6423.068235,6613.025047
1989-08-01,7765.1197488,7774.7308735,7715.273013,4589.7604187,4595.3477614,4556.313938,3175.3593302,3179.3831121,3158.959076,6160.4131742,6167.3104704,6096.781027,4233.1357353,4240.3345047,4202.419879,1927.2774389,1926.9759657,1894.361148,1604.7065746,1607.4204031,1618.491987,356.6246834,355.0132566,353.8940587,1248.0818913,1252.4071465,1264.597928,59.4800128,59.5548954,59.0994447,71.3558182,71.4444611,70.8375972,47.9458508,48.0075428,47.6991472,492.611949,491.2947496,468.3418654,266.8727413,267.7145143,259.7332475,225.7392076,223.5802353,208.6086179,382.3452095,381.4356225,369.0372136,232.1623725,234.0670236,229.8816598,150.1828371,147.3685988,139.1555538,110.2667394,109.8591271,99.3046518,34.7103689,33.6474906,29.8515877,75.5563705,76.2116365,69.4530641,5.9654632,5.9435425,5.7229216,5.4950154,5.5050604,5.3930794,6.637244,6.5701629,6.1946377,5.8437923,5.8245596,5.7075099,5.1992581,5.2312476,5.1865077,7.2291557,7.1043452,6.8430986,6.4296475,6.3972769,5.7809318,8.8697316,8.6572907,7.7790036,5.7082341,5.7361553,5.2061776,8257.7316978,8266.0256231,8183.614878,4856.63316,4863.0622756,4816.047185,3401.0985378,3402.9633475,3367.567693,63.2533693,63.318242,62.6869709,75.5048197,75.606653,74.8757033,51.3543653,51.3835241,50.8490624,4871.115261,1616.008839,3255.106422,13054.73014,6432.056024,6622.674115
1989-09-01,7786.8402019,7783.6227636,7841.590327,4597.9806121,4591.2337615,4611.75913,3188.8595898,3192.3890021,3229.831196,6170.1351031,6153.6105914,6168.108539,4236.1250229,4224.6000498,4234.156714,1934.0100802,1929.0105416,1933.951825,1616.7050988,1630.0121722,1673.481788,361.8555891,366.6337117,377.6024159,1254.8495096,1263.3784605,1295.879372,59.5598211,59.5370697,59.9804646,71.3794335,71.2796444,71.5983041,48.0790796,48.1331172,48.6976504,489.8302261,499.5405337,499.7978566,264.2792478,273.6638838,273.4394658,225.5509784,225.87665,226.3583908,380.061789,389.2726074,381.1633617,230.1980294,238.7777712,237.2221666,149.8637595,150.4948361,143.9411951,109.7684371,110.2679264,118.6344949,34.0812183,34.8861125,36.2172992,75.6872188,75.3818138,82.4171957,5.9182038,6.0307942,5.9917827,5.4353172,5.6252753,5.597305,6.605854,6.6079314,6.5493627,5.8022956,5.9495576,5.8199349,5.1540837,5.34971,5.305347,7.1915946,7.2370496,6.9272669,6.3579565,6.3362172,6.619799,8.6077419,8.6885156,8.7519511,5.6884727,5.6307179,5.9796417,8276.670428,8283.1632974,8341.388183,4862.2598598,4864.8976453,4885.198596,3414.4105682,3418.2656521,3456.189587,63.3064243,63.3580641,63.8034273,75.4821265,75.5283203,75.8434959,51.4797572,51.5387633,52.1105599,4732.185659,1555.958341,3176.227318,13073.57384,6441.156937,6632.416906
1989-10-01,7805.8969424,7791.9842919,7806.483846,4604.7457838,4597.2741878,4612.379695,3201.1511587,3194.7101041,3194.104151,6180.7030875,6174.6880541,6183.403727,4238.9284998,4237.3179756,4249.627594,1941.7745877,1937.3700785,1933.776132,1625.1938549,1617.2962378,1623.08012,365.8172839,359.9562122,362.7521008,1259.376571,1257.3400256,1260.328019,59.6182319,59.510668,59.6214072,71.3791946,71.264208,71.4983645,48.1932367,48.0957482,48.0866257,489.2072929,490.6577523,456.4300123,263.5650135,260.7533759,242.5889414,225.6422794,229.9043764,213.8410709,380.1246401,376.1007056,346.6785814,230.252585,226.3199085,210.3819206,149.872055,149.7807971,136.2966608,109.0826528,114.5570467,109.7514309,33.3124284,34.4334674,32.2070208,75.7702244,80.1235793,77.5444101,5.8975424,5.923928,5.5238384,5.4138905,5.3674742,4.9967149,6.5846478,6.7132922,6.2747802,5.7938519,5.7413041,5.3089466,5.1520084,5.0703017,4.7170734,7.1652664,7.1763282,6.5841482,6.2898074,6.6147085,6.3336468,8.3462662,8.7308236,8.1545201,5.6750482,5.990711,5.796099,8295.1042353,8282.6420442,8262.913859,4868.3107972,4858.0275637,4854.968637,3426.7934381,3424.6144805,3407.945222,63.3545961,63.258028,63.1073555,75.4647748,75.3062516,75.2588339,51.5902746,51.5569145,51.305962,4830.510495,1596.059614,3234.450881,13093.42435,6451.02825,6642.396103
1989-11-01,7821.5076084,7844.5891424,7862.356823,4609.363291,4626.156747,4623.512682,3212.1443174,3218.4323954,3238.844141,6190.6102863,6214.4295153,6205.276277,4240.9694703,4255.9005469,4249.379577,1949.640816,1958.5289685,1955.8967,1630.8973221,1630.1596271,1657.080545,368.3938207,370.2562001,374.1331044,1262.5035014,1259.9034269,1282.947441,59.649594,59.8222606,59.9577556,71.3449758,71.6030337,71.5621092,48.2877617,48.3805892,48.6874256,491.1390297,481.7995438,445.317197,265.3897878,257.1228971,239.3644084,225.749242,224.6766466,205.9527886,382.7871614,374.1391727,349.0841501,232.5339782,225.2719528,212.8034947,150.2531833,148.8672199,136.2806554,108.3518683,107.660371,96.2330469,32.8558096,31.8509443,26.5609137,75.4960587,75.8094268,69.6721332,5.9083352,5.7864167,5.3603114,5.4441688,5.2653732,4.9222796,6.5664989,6.5254003,5.9786627,5.8232773,5.6786108,5.3259834,5.1980284,5.0270761,4.7690445,7.1552747,7.0640357,6.5138194,6.229807,6.1951394,5.4886386,8.1883713,7.9210093,6.6287273,5.6424577,5.6755781,5.1509038,8312.6466382,8326.3886862,8307.67402,4874.7530788,4883.2796441,4862.87709,3437.8935594,3443.1090421,3444.79693,63.3951947,63.4964285,63.3537119,75.452751,75.5827474,75.2669594,51.6814217,51.7580062,51.7833792,4805.486638,1597.961942,3207.524695,13113.16066,6460.839032,6652.321625
1989-12-01,7833.7951585,7829.8967471,7935.52534,4611.6111771,4603.6382327,4660.119429,3222.1839814,3226.2585143,3275.405911,6198.3830452,6189.0779845,6288.813153,4241.6702063,4229.9517442,4287.128999,1956.7128389,1959.1262403,2001.684154,1635.4121133,1640.8187626,1646.712187,369.9409708,373.6864886,372.9904303,1265.4711425,1267.132274,1273.721757,59.6555094,59.6195851,60.4238783,71.2748218,71.1451274,72.017994,48.3683549,48.4254217,49.1631132,495.6591088,486.4131667,500.9640184,269.8539543,267.3683856,276.6074149,225.8051544,219.0447811,224.3566035,387.7626622,386.3140552,397.9301251,236.9412647,239.3501531,244.6989915,150.8213975,146.9639021,153.2311336,107.8964465,100.0991114,103.0338933,32.9126896,28.0182324,31.9084234,74.9837569,72.080879,71.1254699,5.9506793,5.8489062,5.9380626,5.5281344,5.488976,5.6030529,6.548894,6.3577793,6.4106237,5.8875506,5.8751486,5.9510304,5.2905073,5.3554259,5.3995649,7.1562964,6.9780443,7.110773,6.1891767,5.7497894,5.8885055,8.1698872,6.9748327,7.8805912,5.5939038,5.3823306,5.2887398,8329.4542673,8316.3099137,8436.489358,4881.4651314,4871.0066183,4936.726844,3447.9891359,3445.3032954,3499.762514,63.4300268,63.3233059,64.2383944,75.4455534,75.2770676,76.2927152,51.7579267,51.7132351,52.5306558,4696.605633,1534.0441,3162.561534,13133.09499,6470.770944,6662.324048
1990-01-01,7844.0433892,7842.0312354,7707.692951,4612.6626542,4617.3768808,4573.979936,3231.380735,3224.6543546,3133.713016,6204.0090985,6208.936382,6187.060002,4241.882985,4246.9527863,4225.456432,1962.1261135,1961.9835957,1961.603571,1640.0342907,1633.0948534,1520.632949,370.7796692,370.4240945,348.5235042,1269.2546215,1262.6707589,1172.109445,59.6467185,59.6295304,58.608044,71.1882514,71.2590439,70.5893076,48.436985,48.3344255,46.9713035,502.2012109,510.3779232,549.2955754,275.9678119,279.8722161,309.9283882,226.233399,230.5057071,239.3671872,394.0787465,403.1036385,445.7589477,242.5364388,246.6335139,272.7460676,151.5423078,156.4701246,173.0128801,108.1224643,107.2742847,103.5366277,33.4313731,33.2387021,37.1823206,74.6910913,74.0355825,66.3543071,6.0170919,6.1105474,6.6524929,5.6450945,5.7148863,6.3459092,6.5430493,6.6713467,7.0963977,5.9726205,6.0965094,6.7205053,5.4084245,5.4885674,6.0634457,7.1696349,7.3860535,8.1051038,6.184941,6.1638811,6.3747425,8.2707718,8.2342744,9.6400724,5.5575973,5.5386572,5.3577916,8346.2446001,8352.4091586,8256.988527,4888.6304661,4897.2490968,4883.908324,3457.614134,3455.1600618,3373.080203,63.4654958,63.5103611,62.7847982,75.4473242,75.5782552,75.3723698,51.8281248,51.7894813,50.5591843,4894.265861,1595.798149,3298.467712,13151.25439,6479.706473,6671.547914
1990-02-01,7854.8008447,7846.5530699,7802.990262,4614.0557443,4606.156468,4596.470567,3240.7451003,3240.3966019,3206.519696,6208.6728887,6201.9350405,6207.51957,4242.742045,4236.4970888,4246.834396,1965.9308437,1965.4379517,1960.685175,1646.127956,1644.6180295,1595.470692,371.3136993,369.6593792,349.6361709,1274.8142567,1274.9586502,1245.834521,59.6435354,59.5822229,59.2514319,71.109979,70.9888805,70.8396039,48.5089596,48.5036666,47.9965824,511.0438343,535.6874594,592.6760014,283.3034543,287.5885645,310.6001659,227.74038,248.0988949,282.0758355,401.7047284,416.3851425,459.052149,248.9750762,253.181627,273.1019884,152.7296522,163.2035155,185.9501606,109.3391059,119.302317,133.6238524,34.3283781,34.4069375,37.4981775,75.0107278,84.8953795,96.1256749,6.1086938,6.3907431,7.0593087,5.7848208,5.8766561,6.3296452,6.5659891,7.1119167,8.085656,6.0768802,6.2914022,6.8858803,5.5429821,5.6391925,6.0421644,7.2087837,7.667027,8.662401,6.2284909,6.7634753,7.7279668,8.4627261,8.5151709,9.686089,5.5570706,6.2429774,7.1630794,8365.844679,8382.2405294,8395.666264,4897.3591987,4893.7450325,4907.070733,3468.4854803,3488.4954968,3488.595531,63.5240235,63.6499262,63.7518735,75.4761384,75.4211204,75.6264926,51.9178821,52.2173189,52.2188162,4773.619286,1581.489777,3192.129509,13169.28555,6488.56051,6680.72504
1990-03-01,7866.6769924,7861.4672037,7874.133266,4616.0300716,4609.5520939,4612.161229,3250.6469208,3251.9151097,3261.972037,6213.6650916,6212.586524,6202.831329,4244.4373243,4242.0177516,4234.581689,1969.2277674,1970.5687723,1968.24964,1653.0119007,1648.8806797,1671.301937,371.5927473,367.5343423,377.5795396,1281.4191534,1281.3463374,1293.722397,59.6514535,59.6128435,59.7088892,71.0441714,70.9428857,70.9830413,48.5899097,48.6087008,48.7590289,522.2631502,518.525422,547.9221243,291.377573,289.4498568,297.6135241,230.8855772,229.0755652,250.3086002,411.0590156,404.4901216,412.848471,256.1143638,252.4565334,255.0464915,154.9446517,152.0335882,157.8019795,111.2041346,114.0353004,135.0736533,35.2632092,36.9933234,42.5670326,75.9409254,77.041977,92.5066207,6.2256154,6.1876596,6.5058005,5.937505,5.9083434,6.0616533,6.6317226,6.5807578,7.1266686,6.2049228,6.1128221,6.2404542,5.6907326,5.6170426,5.6807932,7.2943538,7.1626034,7.4223024,6.3033173,6.4685613,7.4776062,8.6672466,9.1448191,10.1314721,5.5947517,5.6715724,6.6732567,8388.9401425,8379.9926257,8422.05539,4907.4076446,4899.0019507,4909.774753,3481.532498,3480.990675,3512.280637,63.6116716,63.5447781,63.8637365,75.5286912,75.3976369,75.5634348,52.0411333,52.0328571,52.5005705,4765.48397,1587.77895,3177.70502,13187.53936,6497.553703,6689.985657
1990-04-01,7878.3209792,7866.0510081,7887.948389,4618.3764887,4612.3651759,4620.863265,3259.9444905,3253.6858322,3267.085124,6219.5236798,6202.0352838,6190.307752,4246.8809965,4240.2607628,4236.809349,1972.6426832,1961.774521,1953.498403,1658.7972994,1664.0157243,1697.640637,371.4954921,372.1044132,384.053916,1287.3018073,1291.9113112,1313.586721,59.6605576,59.569984,59.735814,70.9880065,70.8964254,71.0270491,48.6629804,48.5701392,48.7701602,535.786447,527.0106311,533.1808201,300.0552734,299.3885351,296.4491775,235.7311736,227.622096,236.7316426,422.4509578,417.1551643,414.8058546,263.9618684,262.4766042,257.8088178,158.4890894,154.6785602,156.9970368,113.3354892,109.8554668,118.3749655,36.0934049,36.9119309,38.6403597,77.2420843,72.9435359,79.7346058,6.3677158,6.2791226,6.3314647,6.100629,6.0953491,6.028683,6.7435082,6.5384074,6.7563933,6.3603218,6.3022082,6.2800715,5.8517194,5.8292675,5.7359448,7.4368508,7.308386,7.4388712,6.3954287,6.1929788,6.5183892,8.8553455,9.0245614,9.1414438,5.6606522,5.3444171,5.7226287,8414.1074262,8393.0616392,8421.129209,4918.431762,4911.753711,4917.312443,3495.6756642,3481.3079282,3503.816767,63.7179346,63.561061,63.7736181,75.6000873,75.4983111,75.583754,52.181869,51.9680201,52.3040259,4783.59316,1588.467146,3195.126014,13204.72237,6505.779589,6698.942781
1990-05-01,7887.770192,7899.3989619,7908.463677,4620.2640141,4628.6789565,4623.541832,3267.5061778,3270.7200053,3284.921844,6225.4434566,6233.0370234,6210.676316,4249.3350959,4251.4465142,4239.585746,1976.1083607,1981.5905092,1971.09057,1662.3267353,1666.3619385,1697.787361,370.9289182,377.2324423,383.9560865,1291.3978171,1289.1294962,1313.831274,59.6559266,59.7450709,59.8136295,70.928783,71.057781,70.9789177,48.711501,48.7593901,48.9711089,551.3160951,549.5364494,548.63668,309.4626626,310.400822,309.5610314,241.8534324,239.1356273,239.0756486,435.9074724,431.0413408,429.3203957,272.7548525,274.1824663,273.4882392,163.1526199,156.8588745,155.8321565,115.4086227,118.4951086,119.3162843,36.7078101,36.2183558,36.0727922,78.7008126,82.2767528,83.2434921,6.5328885,6.5042094,6.4872906,6.2774811,6.2845881,6.2751789,6.8916685,6.8132611,6.7842173,6.5438299,6.4681313,6.4656718,6.0316105,6.0584389,6.0599104,7.6265879,7.3351689,7.3266487,6.4918899,6.6389131,6.5662894,9.0050301,8.7600159,8.5881695,5.7441713,5.9994442,5.9584135,8439.0862871,8448.9354112,8457.100357,4929.7266768,4939.0797786,4933.102864,3509.3596103,3509.8556326,3523.997493,63.8255806,63.9013484,63.9631018,75.6795526,75.8229405,75.7311851,52.3170164,52.3243872,52.5352119,4764.741793,1580.8621,3183.879693,13221.84215,6513.964963,6707.877186
1990-06-01,7891.5908083,7900.1623231,7900.256935,4619.4496711,4627.3772068,4622.486128,3272.1411372,3272.7851163,3277.770807,6227.653447,6233.0850082,6204.684655,4249.2535103,4258.6895155,4248.826947,1978.3999367,1974.3954927,1955.857708,1663.9373614,1667.0773149,1695.57228,370.1961609,368.6876914,373.659181,1293.7412005,1298.3896236,1321.913099,59.6107408,59.6725403,59.673255,70.8311908,70.9472302,70.8722399,48.7175114,48.7245499,48.7987759,568.8463912,558.9025819,539.5823236,320.4814293,309.8257045,296.8099065,248.3649619,249.0768774,242.7724171,451.533964,447.3368036,435.1645279,283.2323269,277.1022307,267.702582,168.3016371,170.2345729,167.4619459,117.3124272,111.5657783,104.4177957,37.2491024,32.7234739,29.1073245,80.0633248,78.8423045,75.3104712,6.7236051,6.6071438,6.3932773,6.4875688,6.2753286,6.033585,7.0548085,7.0723066,6.8958795,6.7603128,6.6962359,6.5538315,6.2489401,6.1092362,5.9271744,7.8400109,7.9377127,7.8867987,6.5859616,6.2725219,5.8010206,9.142112,8.1521085,7.2268483,5.8278542,5.7246933,5.3900086,8460.4371995,8459.064905,8439.839258,4939.9311005,4937.2029114,4919.296035,3520.5060991,3521.8619937,3520.543224,63.907638,63.8941165,63.7488988,75.7452136,75.6974968,75.4229475,52.4153112,52.4327551,52.4131216,4799.352973,1602.984249,3196.368724,13239.19223,6522.280283,6716.911948
1990-07-01,7887.4057867,7898.1056219,7919.444887,4614.3249307,4612.4936216,4628.759245,3273.080856,3285.6120002,3290.685643,6223.2380353,6230.4718097,6258.207305,4245.0989568,4243.2030764,4260.704595,1978.1390785,1987.2687333,1997.50271,1664.1677514,1667.6338122,1661.237582,369.2259739,369.2905453,368.0546491,1294.9417775,1298.343267,1293.182933,59.5063707,59.5873744,59.7483688,70.6697944,70.6409133,70.8900233,48.6694966,48.855451,48.9308936,587.7510393,603.4290184,567.0410707,333.385192,344.8095199,325.2216315,254.3658473,258.6194985,241.8194392,468.6351096,482.7843182,457.838591,295.3989536,304.3505893,290.7511428,173.236156,178.4337289,167.0874482,119.1159297,120.6447002,109.2024797,37.9862384,40.4589306,34.4704887,81.1296913,80.1857696,74.731991,6.9349872,7.0978834,6.6816946,6.7381715,6.9555867,6.5648544,7.2110472,7.2969133,6.8455511,7.0030483,7.1915075,6.8170855,6.5058714,6.6926223,6.3880912,8.052345,8.2390694,7.7191263,6.6795839,6.7464156,6.1680981,9.3283642,9.8740653,8.5635617,5.8957469,5.8167632,5.4632046,8475.156826,8501.5346403,8486.485958,4947.7101227,4957.3031416,4953.980876,3527.4467033,3544.2314987,3532.505082,63.9406464,64.1399536,64.0264186,75.7756903,75.9217139,75.870833,52.4518222,52.700997,52.5266309,4768.176962,1575.512315,3192.664648,13254.66292,6529.493191,6725.169729
1990-08-01,7875.59841,7869.2079215,7807.982887,4604.3620998,4601.3602719,4561.986679,3271.2363103,3267.8476496,3245.996208,6211.5543651,6214.5131804,6141.532693,4236.2536168,4235.7903526,4196.92636,1975.3007483,1978.7228279,1944.606333,1664.0440449,1654.694741,1666.450194,368.1084829,365.5699193,365.0603193,1295.935562,1289.1248217,1301.389875,59.3448762,59.3005013,58.8391239,70.4353079,70.393244,69.7908928,48.5806615,48.5318921,48.2073691,607.2845638,611.5591827,584.565804,347.7130695,345.9913192,336.0043965,259.5714943,265.5678635,248.5614075,486.2125134,491.3964115,475.7303827,308.735659,308.8486219,303.2973302,177.4768545,182.5477895,172.4330525,121.0720504,120.1627713,108.8354213,38.9774106,37.1426973,32.7070663,82.0946398,83.020074,76.128355,7.1589407,7.2111305,6.9652954,7.0215628,6.9934653,6.8600451,7.3516178,7.5158968,7.1128147,7.2593227,7.3278115,7.1892318,6.7928798,6.795889,6.7396057,8.2440868,8.446318,8.1450092,6.7823068,6.7702771,6.1305866,9.5747387,9.2231273,8.2226617,5.9573905,6.0503868,5.5264862,8482.8829738,8480.7671042,8392.548691,4952.0751693,4947.3515911,4897.991075,3530.8078045,3533.4155132,3494.557616,63.9209383,63.9090676,63.2442744,75.7544545,75.6863421,74.9312074,52.4355205,52.4759288,51.8988372,4877.504245,1638.659332,3238.844913,13270.05294,6536.650407,6733.402528
1990-09-01,7858.8522256,7844.1322462,7905.534512,4590.5768375,4593.7590323,4614.091668,3268.2753881,3250.373214,3291.442844,6193.1286614,6195.9867546,6210.795982,4222.6994812,4226.5723307,4235.438968,1970.4291802,1969.4144239,1975.357014,1665.7235643,1648.1454916,1694.73853,367.8773563,367.1867016,378.6527001,1297.846208,1280.95879,1316.08583,59.1465583,59.0420465,59.5042156,70.1425007,70.1985378,70.5092465,48.4756452,48.2128274,48.8220137,626.5481996,624.4922416,625.0224596,362.6377175,360.5570872,361.0938432,263.910482,263.9351544,263.9286164,503.3096305,500.068189,491.1381823,322.5484768,319.6554581,318.3745832,180.7611537,180.4127309,172.7635991,123.2385691,124.4240526,133.8842773,40.0892408,40.9016291,42.71926,83.1493283,83.5224235,91.1650173,7.3838377,7.3741874,7.3268658,7.32126,7.2776359,7.2578971,7.471591,7.5103015,7.4233767,7.5160796,7.4681016,7.3283051,7.096389,7.031224,6.9913838,8.4028433,8.3919645,8.0425465,6.8888305,7.0194173,7.3215907,9.8265988,10.0227392,10.1381354,6.0209701,6.1211853,6.478235,8485.4004252,8468.6244878,8530.556971,4953.214555,4954.3161195,4975.185511,3532.1858702,3514.3083683,3555.37146,63.8620267,63.7425409,64.208701,75.6834854,75.7083131,76.0272242,52.3900127,52.1277809,52.7368702,4755.114356,1568.767082,3186.347273,13285.67133,6543.952593,6741.718734
1990-10-01,7839.3490317,7829.7122201,7848.901359,4574.7569185,4573.5172821,4589.334658,3264.5921132,3256.1949381,3259.566701,6169.2995876,6151.7940259,6165.265445,4205.6092489,4201.7228538,4215.178311,1963.6903388,1950.0711721,1950.087134,1670.0494441,1677.9181942,1683.635914,369.1476696,371.7944282,374.1563467,1300.9017744,1306.1237659,1309.479568,58.9274172,58.8556281,58.9998721,69.8178956,69.7981176,70.0395123,48.359693,48.2345103,48.2844567,646.2072848,647.4131831,603.0830995,377.8952474,377.353827,351.7572049,268.3120374,270.0593561,251.3258946,520.3134917,520.0329807,480.9872332,336.6267394,335.9773065,312.9167319,183.6867523,184.0556742,168.0705013,125.8937931,127.3802024,122.0958663,41.2685079,41.3765204,38.840473,84.6252851,86.003682,83.2553933,7.6153791,7.6371783,7.1354024,7.6301593,7.6219683,7.1190177,7.5946594,7.6585332,7.1584615,7.777931,7.7944614,7.2369688,7.4110359,7.4041319,6.9105602,8.5540054,8.6244018,7.9347495,7.0098982,7.0559085,6.7615727,10.0552829,10.0143828,9.4045453,6.1078046,6.1778598,5.9778347,8485.5563165,8477.1254032,8451.984459,4952.6521658,4950.871109,4941.091863,3532.9041506,3526.2542942,3510.892596,63.7848775,63.7222067,63.5332232,75.585164,75.5570522,75.4078075,52.3343053,52.2349405,52.0073854,4851.267022,1611.401872,3239.86515,13303.25148,6552.493734,6750.757746
1990-11-01,7818.2425227,7809.8581575,7826.922723,4557.9266711,4553.032764,4550.843186,3260.3158516,3256.8253935,3276.079537,6141.0445607,6133.2025544,6125.196024,4185.5046845,4181.0137984,4176.243225,1955.5398762,1952.1887559,1948.952799,1677.197962,1676.6556031,1701.726699,372.4219866,372.0189655,374.5999604,1304.7759754,1304.6366376,1327.126739,58.6962405,58.629355,58.7574603,69.4773537,69.3957675,69.3623947,48.2345318,48.1795721,48.4644066,667.619056,674.120568,625.7790937,393.7097756,404.0498543,377.721568,273.9092804,270.0707137,248.0575257,538.3621568,546.934556,511.9848728,351.2614203,360.9553342,341.6320233,187.1007364,185.9792218,170.3528495,129.2568992,127.1860121,113.7942209,42.4483553,43.0945202,36.0895447,86.8085439,84.0914919,77.7046762,7.8674281,7.9458069,7.4033026,7.9511042,8.1509607,7.6639263,7.7501933,7.6574616,7.0388161,8.0600296,8.187475,7.7138906,7.7425508,7.9471111,7.5617852,8.7322501,8.6980641,8.0381445,7.1552798,7.0508414,6.2678551,10.231716,10.3813828,8.7875498,6.2381079,6.0552883,5.5312456,8485.8615786,8483.9787255,8452.701817,4951.6364467,4957.0826183,4928.564754,3534.2251319,3526.8961072,3524.137063,63.7084575,63.6900428,63.4552441,75.4787476,75.5541571,75.1194976,52.2868649,52.1748404,52.1340247,4868.028314,1632.401323,3235.626991,13320.73013,6560.966077,6759.764054
1990-12-01,7795.8078874,7813.0573314,7915.536125,4540.3114832,4551.6298999,4608.174629,3255.4964041,3261.4274315,3307.361496,6109.6850734,6130.5961744,6229.414603,4162.8612812,4178.5761479,4236.29557,1946.8237922,1952.0200265,1993.119033,1686.122814,1682.461157,1686.121523,377.450202,373.053752,371.8790592,1308.672612,1309.407405,1314.242463,58.4553535,58.5756127,59.343911,69.1254354,69.2834701,70.1441761,48.1012657,48.1829752,48.861586,691.7554362,681.2938278,700.8391514,410.1320033,401.7087241,414.5230738,281.623433,279.5851037,286.3160776,558.4174922,552.8258826,568.6771757,366.3122049,358.2812677,365.9414627,192.1052873,194.5446149,202.735713,133.337944,128.4679452,132.1619757,43.8197984,43.4274564,48.5816111,89.5181457,85.0404888,83.5803646,8.1502242,8.0205517,8.1338049,8.2847528,8.1098579,8.2529967,7.9619421,7.8956259,7.9672166,8.3744587,8.2715992,8.3652471,8.0878378,7.8971243,7.9513823,8.9813771,9.0630681,9.2326559,7.328432,7.094035,7.2685022,10.4018322,10.4272307,11.554377,6.4024272,6.098506,5.9793246,8487.5633236,8494.3511592,8616.375277,4950.4434865,4953.338624,5022.697703,3537.1198371,3541.0125352,3593.677574,63.6423475,63.6833704,64.5982027,75.3696222,75.3981532,76.4539152,52.262365,52.3134494,53.0915009,4722.038046,1546.877828,3175.160218,13338.41332,6569.575531,6768.837792
1991-01-01,7771.7669151,7744.1655478,7641.269189,4521.8237826,4512.2586041,4494.353023,3249.9431325,3231.9069436,3146.916166,6076.2303521,6080.3108637,6104.58245,4138.2135032,4132.1479902,4135.367141,1938.0168489,1948.1628735,1969.215309,1695.536563,1663.8546841,1536.686739,383.6102794,380.1106139,358.9858825,1311.9262836,1283.7440701,1177.700857,58.2036558,57.9935608,57.2230032,68.7625391,68.6115938,68.3393288,47.9578922,47.689577,46.4354647,718.1204637,710.1899535,763.3216342,427.0698628,417.3053175,458.7694724,291.0506008,292.8846359,304.5521618,580.6648844,573.9593405,631.326283,381.7140685,378.870071,415.8138084,198.9508158,195.0892695,215.5124746,137.4555793,136.230613,131.9953512,45.3557943,38.4352465,42.955664,92.099785,97.7953665,89.0396872,8.4585393,8.400285,9.0821986,8.6296028,8.4653597,9.2622275,8.2194611,8.3092753,8.8238434,8.7227583,8.6254288,9.3725481,8.4451368,8.3987709,9.1363937,9.3099591,9.102488,9.8645001,7.4989726,7.5680088,7.9101557,10.5732824,9.183043,10.6870425,6.5596919,7.0787242,7.029039,8489.8873787,8454.3555012,8404.590823,4948.8936454,4929.5639217,4953.122496,3540.9937333,3524.7915796,3451.468328,63.5817425,63.3119446,62.939273,75.2569116,74.9569711,75.3151933,52.25279,52.0113427,50.9293948,4948.901248,1623.402479,3325.498769,13353.49207,6576.524974,6776.967097
1991-02-01,7746.1493713,7758.0558959,7708.780594,4502.4662826,4515.5278452,4501.842334,3243.6830887,3242.5280507,3206.93826,6042.3584187,6043.5173255,6044.310151,4112.4692164,4116.9712233,4123.665058,1929.8892024,1926.5461022,1920.645093,1703.7909526,1714.5385704,1664.470443,389.9970662,398.5566218,378.1772761,1313.7938864,1315.9819485,1286.293167,57.9421918,58.0323198,57.6637275,68.3898645,68.5890401,68.3811627,47.8055419,47.7892664,47.2647343,744.7572231,731.4412063,807.5466346,443.6875193,433.5692774,468.3850336,301.0697038,297.8719289,339.161601,604.0194892,591.2766391,649.6809954,396.9206742,387.0211168,417.0009839,207.098815,204.2555223,232.6800115,140.7377339,140.1645672,157.8656392,46.7668451,46.5481606,51.3840497,93.9708888,93.6164066,106.4815895,8.7712333,8.6158367,9.4823345,8.9703543,8.7605732,9.423815,8.4933907,8.4135106,9.5643556,9.0879498,8.9117558,9.7054355,8.8020926,8.5928458,9.1836964,9.6911547,9.5858535,10.8056146,7.6300106,7.5572508,8.662817,10.70758,10.4577983,11.9619823,6.675184,6.6413533,7.6452843,8490.9065944,8489.4971022,8516.327228,4946.1538019,4949.0971226,4970.227368,3544.7527925,3540.3999796,3546.099861,63.5130714,63.5036944,63.7043909,75.1292218,75.1747819,75.4957418,52.2427203,52.1793845,52.2633909,4852.181767,1613.226545,3238.955222,13368.509,6583.453913,6785.055082
1991-03-01,7719.5628774,7701.68066,7715.386264,4482.7175487,4478.5980381,4480.95929,3236.8453287,3223.082622,3234.426974,6009.9378827,5997.7027261,5987.272707,4087.2275464,4088.1417327,4079.881804,1922.7103364,1909.5609934,1907.390902,1709.6249946,1703.9779339,1728.113557,395.4900023,390.4563054,401.0774856,1314.1349923,1313.5216286,1327.036072,57.6757502,57.5456665,57.6480724,68.0145558,67.9562879,67.9921166,47.6463531,47.4458039,47.6127999,768.6164469,778.9739997,818.6676259,458.8345257,466.2789124,478.398242,309.7819212,312.6950873,340.2693839,626.5478319,631.9396975,644.4272787,411.2634527,416.7952925,421.3213455,215.2843792,215.144405,223.1059332,142.068615,147.0343022,174.2403472,47.571073,49.4836198,57.0768965,94.497542,97.5506824,117.1634507,9.0551391,9.185305,9.5929512,9.285231,9.4295352,9.6463753,8.7345497,8.8437428,9.5188332,9.440958,9.5320329,9.7173768,9.1422535,9.2519671,9.360194,10.0694533,10.1258464,10.4720143,7.6723608,7.9434538,9.1591973,10.7369109,11.2478129,12.4580052,6.7084594,6.9132306,8.1126914,8488.1793243,8480.6546597,8534.05389,4941.5520744,4944.8769504,4959.357532,3546.6272499,3535.7777093,3574.696358,63.4183721,63.3660296,63.7650197,74.9762763,75.0314002,75.2511223,52.206342,52.0488723,52.6217793,4849.544101,1631.052529,3218.491572,13383.59799,6590.410061,6793.187929
1991-04-01,7694.043904,7695.9394288,7717.20651,4463.5437666,4462.1908337,4470.648651,3230.5001374,3233.7485951,3246.557858,5981.2587746,5975.4812663,5963.253069,4064.006238,4055.3173863,4052.051922,1917.2525366,1920.16388,1911.201147,1712.7851294,1720.4581625,1753.953441,399.5375286,406.8734474,418.5967294,1313.2476007,1313.5847151,1335.356711,57.4190606,57.4372282,57.5959511,67.6500139,67.6338958,67.7620919,47.4957204,47.5460092,47.7343446,788.3692428,841.9184923,849.4934822,472.0652469,503.0030495,498.3582794,316.303996,338.9154428,351.1352028,646.932938,680.7226641,677.5991177,424.4123453,447.0687959,440.1377546,222.5205927,233.6538682,237.4613631,141.4363048,161.1958282,171.8943645,47.6529016,55.9342536,58.2205248,93.7834032,105.2615746,113.6738397,9.2941623,9.8610038,9.9162278,9.5644782,10.1305822,10.0293336,8.9180001,9.4863508,9.76001,9.7603233,10.2268901,10.2034965,9.4557212,9.9295968,9.7978444,10.399261,10.8483584,11.0515896,7.6278001,8.5667093,8.9256464,10.6560647,12.085852,12.2102387,6.6653402,7.4188145,7.8448201,8482.4131468,8537.8579211,8566.699992,4935.6090135,4965.1938832,4969.006931,3546.8041333,3572.6640379,3597.693061,63.3024975,63.7207319,63.9359895,74.8046924,75.257966,75.3157607,52.1461106,52.5291043,52.8971076,4832.169824,1628.558947,3203.610878,13398.86982,6597.565878,6801.303939
1991-05-01,7672.23739,7693.8797542,7703.716449,4446.6536564,4464.0143066,4460.384936,3225.5837336,3229.8654476,3243.331512,5959.1475013,5980.7226679,5959.294995,4044.7606648,4063.2279117,4052.891187,1914.3868364,1917.4947562,1906.403808,1713.0898888,1713.1570863,1744.421454,401.8929916,400.7863949,407.4937494,1311.1968972,1312.3706914,1336.927704,57.1912453,57.3567365,57.4300676,67.3208723,67.5884599,67.5335086,47.3669024,47.4325699,47.6303273,803.519744,807.8894951,805.4079362,483.148131,482.0396396,480.8761857,320.371613,325.8498555,324.5317505,664.2412137,670.6493353,667.8978475,436.151333,432.1274943,431.3559771,228.0898807,238.5218409,236.5418704,139.2785303,137.2401598,137.5100887,46.996798,49.9121453,49.5202086,92.2817322,87.3280145,87.9898801,9.480212,9.5026044,9.465227,9.800559,9.7459438,9.7318513,9.0348462,9.1641155,9.0959694,10.0287216,10.0828721,10.0781411,9.7335394,9.6127548,9.6193622,10.6460845,11.06308,11.0381646,7.5189433,7.4167944,7.3068592,10.4695627,11.0743969,10.8356009,6.5752146,6.239058,6.1750856,8475.757134,8501.7692493,8509.124385,4929.8017874,4946.0539462,4941.261122,3545.9553466,3555.7153031,3567.863263,63.1809316,63.3794333,63.4342647,74.6355759,74.8868946,74.8143278,52.0714807,52.2178763,52.3962766,4904.957779,1663.437831,3241.519948,13414.08216,6604.698953,6809.38321
1991-06-01,7656.3111591,7658.7309599,7678.064063,4433.854766,4434.7880649,4449.428159,3222.4563931,3223.9428951,3228.635905,5944.9577066,5945.8913066,5930.488226,4030.8620022,4032.2887171,4033.813437,1914.0957043,1913.6025895,1896.674789,1711.3534525,1712.8396533,1747.575837,402.9927638,402.4993478,415.6147215,1308.3606888,1310.3403055,1331.961116,57.0079545,57.0299958,57.1739579,67.0541208,67.0734226,67.294845,47.2649828,47.2894882,47.3583262,814.3769817,809.324376,757.6829427,491.9976617,490.1287549,456.4840184,322.3793199,319.1956211,301.1989243,678.1039557,678.6608867,638.2341609,446.30037,449.2844629,422.5538368,231.8035857,229.3764239,215.6803241,136.273026,130.6634893,119.4487818,45.6972918,40.844292,33.9301816,90.5757342,89.8191973,85.5186002,9.6140593,9.5573818,8.9818121,9.9880715,9.952021,9.3047735,9.0943374,9.0088383,8.5329467,10.238527,10.2446304,9.7162602,9.9683758,10.0251507,9.4820245,10.8021652,10.7036244,10.2104198,7.3755723,7.0877823,6.397815,10.184601,9.212784,7.5476735,6.4746141,6.4149261,6.0331445,8470.6881408,8468.0553359,8435.747006,4925.8524277,4924.9168197,4905.912177,3544.835713,3543.1385162,3529.834829,63.0717057,63.0565512,62.8159703,74.4947052,74.4863165,74.198883,51.9934418,51.9715182,51.7763769,4993.556023,1705.928832,3287.627191,13429.30303,6611.841009,6817.46202
1991-07-01,7646.1574964,7630.4241019,7582.980614,4425.6143987,4414.1180291,4398.224893,3220.5430976,3216.3060728,3184.755721,5937.0054553,5926.7680161,5900.922159,4022.1529357,4014.7858545,4007.396183,1914.8525196,1911.9821616,1893.525975,1709.1520411,1703.6560858,1682.058456,403.461463,399.3321746,390.82871,1305.6905781,1304.3239111,1291.229746,56.8689097,56.7512166,56.398356,66.8578067,66.6829018,66.4428085,47.1819507,47.1196472,46.6574271,823.2804695,817.3486315,797.37907,499.4410407,494.9288083,484.7995752,323.8394287,322.4198232,312.5794948,689.5985654,686.0303662,675.9121781,455.1779291,451.5101157,444.8662005,234.4206363,234.5202505,231.0459775,133.6819041,131.3182653,121.4668919,44.2631116,43.4186926,39.9333747,89.4187925,87.8995727,81.5335172,9.7206033,9.6753151,9.514855,10.1408207,10.0819736,9.9282643,9.1366952,9.1111839,8.9376475,10.4065154,10.3742822,10.2771659,10.1662786,10.1092744,9.9919134,10.9069727,10.9256924,10.8749425,7.2541481,7.1564088,6.73497,9.8862368,9.8065743,9.2704015,6.4094468,6.3136108,5.939372,8469.4379658,8447.7727334,8380.359684,4925.0554394,4909.0468374,4883.024469,3544.3825264,3538.725896,3497.335216,62.9921243,62.8302403,62.3288563,74.4028681,74.1596591,73.7665461,51.9262983,51.8431741,51.2367908,5065.033316,1736.540531,3328.492784,13445.393,6619.565,6825.828
1991-08-01,7640.1202841,7635.7332693,7620.703211,4420.9659123,4420.365883,4398.615719,3219.1543718,3215.3673864,3222.087492,5932.2190321,5928.6407129,5902.195095,4017.2686124,4015.42611,3993.300491,1914.9504197,1913.2146029,1908.894604,1707.901252,1707.0925564,1718.508116,403.6972999,404.9397729,405.3152285,1304.2039521,1302.1527835,1313.192888,56.7624886,56.7263972,56.6147378,66.7184704,66.7047629,66.3765459,47.1082542,47.050441,47.1487763,832.5780847,828.7132848,796.6144527,506.3743641,508.2616707,495.4711908,326.2037207,320.4516141,301.1432619,700.0614154,697.0181851,677.4126777,463.1316649,465.4351537,458.0857244,236.9297506,231.5830314,219.3269532,132.5166693,131.6950996,119.201775,43.2426992,42.826517,37.3854664,89.2739701,88.8685826,81.8163086,9.8265989,9.7905194,9.4639942,10.2768296,10.3124382,10.123874,9.2008681,9.0630096,8.5473613,10.5553651,10.5199829,10.2956392,10.3368368,10.3871806,10.2908555,11.0103599,10.7974304,10.3056448,7.2003575,7.1620613,6.4864305,9.6752806,9.5644799,8.4448628,6.4065579,6.3887288,5.8649297,8472.6983688,8464.4465541,8417.317664,4927.3402763,4928.6275537,4894.08691,3545.3580925,3535.8190004,3523.230754,62.948151,62.8829662,62.5328424,74.3603577,74.3745973,73.8533678,51.8818332,51.7396065,51.5554028,5043.317336,1732.67509,3310.642246,13460.635,6626.762,6833.873
1991-09-01,7636.5055672,7645.1935414,7713.236218,4418.508837,4423.2187534,4446.146165,3217.9967302,3221.9747881,3267.090052,5927.9511651,5934.3492427,5952.28717,4014.4862736,4015.4896148,4025.199787,1913.4648915,1918.8596279,1927.087383,1708.5544021,1710.8442987,1760.949048,404.0225634,407.7291385,420.9463783,1304.5318387,1303.1151602,1340.002669,56.6766842,56.7324294,57.2373514,66.6156013,66.6752802,67.0208864,47.0400453,47.0917584,47.7511544,843.3239852,852.5727091,854.1322661,513.1715661,513.0523882,514.9691928,330.1524191,339.5203209,339.1630732,710.3686558,712.9846332,703.4434448,470.117763,468.5492429,468.1712428,240.2508928,244.4353904,235.2722021,132.9553294,139.5880759,150.6888212,43.0538031,44.5031454,46.7979501,89.9015263,95.0849305,103.8908711,9.9450582,10.0329038,9.9695988,10.4056128,10.3935212,10.3801092,9.3049194,9.533084,9.4048604,10.7010309,10.7258737,10.5689891,10.4829269,10.4492681,10.4191539,11.1551809,11.2992166,10.8803459,7.2199091,7.5435384,7.8827075,9.6300781,9.8407714,10.0050278,6.4471726,6.8005238,7.1951891,8479.8295524,8497.7662505,8567.368484,4931.6804031,4936.2711416,4961.115358,3548.1491493,3561.4951089,3606.253126,62.9356735,63.0590869,63.5755819,74.352427,74.4089949,74.7834948,51.8661487,52.0541216,52.7082961,4908.510516,1672.855642,3235.654874,13475.879,6633.971,6841.908
1991-10-01,7633.8213637,7616.2390752,7637.961584,4416.3320207,4410.8622079,4426.22451,3217.489343,3205.3768673,3211.737074,5922.2283635,5939.5856328,5955.213006,4011.3427111,4021.041792,4034.22272,1910.8856524,1918.5438407,1920.990286,1711.5930002,1676.6534424,1682.748577,404.9893097,389.8204159,392.0017892,1306.6036905,1286.8330265,1290.746788,56.5988944,56.4662049,56.6272539,66.5182772,66.4326597,66.6640336,46.9823444,46.8038122,46.8966818,855.2393854,845.0813694,789.0317782,519.6462209,518.5788461,484.7555573,335.5931645,326.5025233,304.2762209,720.4531304,716.1407629,665.2059578,476.0172976,476.1639223,444.6592784,244.4358328,239.9768407,220.5466793,134.7862551,128.9406064,123.8258204,43.6289233,42.4149238,40.0962789,91.1573317,86.5256826,83.7295415,10.0746056,9.9875826,9.363147,10.5277251,10.5200334,9.8708517,9.4451273,9.2444415,8.6540122,10.8458178,10.7597687,10.0477925,10.6079587,10.5879951,9.9279079,11.3410382,11.1176531,10.2985231,7.3000308,7.1411736,6.8541778,9.7251784,9.8129236,9.2794395,6.5216679,6.3002974,6.0917413,8489.0607492,8461.3204446,8426.993362,4935.9782416,4929.441054,4910.980067,3553.0825075,3531.8793905,3516.013295,62.9398345,62.7315725,62.4770742,74.3451279,74.2430537,73.96501,51.8827347,51.57129,51.3396187,5061.143638,1728.618933,3332.524705,13488.137,6639.599,6848.538
1991-11-01,7631.3173784,7597.0776397,7614.94176,4413.9113876,4409.3276066,4408.287285,3217.4059907,3187.7500331,3206.654475,5913.9760773,5858.7825003,5853.845014,4006.6380714,3983.4439312,3980.671149,1907.3380059,1875.3385691,1873.173864,1717.3413011,1738.2951394,1761.096746,407.2733162,425.8836753,427.6161362,1310.0679848,1312.4114641,1333.48061,56.521337,56.272986,56.4053089,66.4155177,66.3532631,66.3376079,46.9302239,46.5014137,46.7771829,866.6913002,862.7498492,806.1713059,525.2827784,522.0567291,491.3219057,341.4085218,340.6931202,314.8494002,729.7133877,732.2221424,688.7303544,480.7976495,482.3830628,458.0126167,248.9157382,249.8390796,230.7177377,136.9779126,130.5277068,117.4409514,44.485129,39.6736663,33.3092889,92.4927836,90.8540405,84.1316625,10.1987575,10.1981967,9.5732156,10.6349894,10.5864133,10.0277775,9.5933216,9.6556216,8.9407654,10.9835565,11.1094163,10.5268998,10.7143072,10.8016514,10.3186584,11.5438982,11.7561504,10.9662369,7.3869651,6.984488,6.2517218,9.8471051,8.5217572,7.2266113,6.5945651,6.4744726,5.9347442,8498.0086786,8459.827489,8421.113066,4939.194166,4931.3843356,4899.609191,3558.8145126,3528.4431533,3521.503875,62.9404844,62.6635368,62.3767717,74.3193754,74.2093741,73.7312095,51.9101296,51.4712864,51.3700594,5079.285934,1745.621809,3333.664125,13500.399,6645.231,6855.168
1991-12-01,7628.5936321,7616.9899833,7712.178014,4411.2290164,4406.2486315,4459.130256,3217.3646157,3210.7413518,3253.047758,5903.1708729,5897.6784364,5990.829068,4000.0962322,4001.6170954,4056.436271,1903.0746408,1896.061341,1934.392797,1725.4227591,1719.3115469,1721.348946,411.1327843,404.6315361,402.6939853,1314.2899749,1314.6800108,1318.654961,56.439097,56.3692987,57.0737348,66.3044613,66.2508201,67.0459298,46.8767571,46.7915458,47.4080956,876.2606797,891.3258584,906.0036808,530.1064149,536.7089211,546.2152072,346.1542648,354.6169373,359.7884736,737.9805867,742.0536125,753.4507283,485.1136795,487.0417034,491.4693272,252.8669072,255.0119091,261.9814011,138.280093,149.2722458,152.5529525,44.9927354,49.6672177,54.7458799,93.2873576,99.6050281,97.8070725,10.3030651,10.4759376,10.5127011,10.727999,10.8580524,10.9126375,9.7138328,9.9461796,9.9586156,11.1122385,11.1759572,11.1717003,10.8158523,10.8504951,10.806498,11.7288387,11.8551011,11.9279038,7.4196427,7.988523,8.1409252,9.8641127,10.9327215,11.9678856,6.6275121,7.0427831,6.9050261,8504.8543117,8508.3158417,8618.181695,4941.3354313,4942.9575526,5005.345464,3563.5188805,3565.358289,3612.836231,62.9219907,62.9655281,63.778587,74.272404,74.3205886,75.2586315,51.9201983,51.9595344,52.6514513,4894.475305,1645.513536,3248.961769,13512.657,6650.859,6861.798
1992-01-01,7626.1517953,7630.8039275,7518.94813,4408.7400163,4406.3994194,4382.875246,3217.411779,3224.4045081,3136.072884,5890.1934452,5894.1144998,5905.891429,3991.5724293,3992.0830077,3990.392565,1898.6210159,1902.0314922,1915.498864,1735.9583502,1736.6894276,1613.056701,417.167587,414.3164117,392.4826808,1318.7907631,1322.3730159,1220.57402,56.3563341,56.3961952,55.5695141,66.1923262,66.1635939,65.8103704,46.8230252,46.9287435,45.6431442,883.5181832,880.9627825,948.5523268,534.5767463,531.0605929,581.1363284,348.9414369,349.9021896,367.4159984,745.2680396,740.1891325,809.9397182,489.7409823,486.3091576,531.1386547,255.5270573,253.8799749,278.8010635,138.2501436,140.77365,138.6126086,44.835764,44.7514353,49.9976738,93.4143796,96.0222147,88.6149348,10.3825199,10.3499404,11.2022708,10.8141309,10.7557447,11.7069898,9.7842646,9.7893723,10.4871461,11.2315932,11.1569981,12.0601561,10.9285144,10.8590123,11.7468758,11.8620934,11.7759926,12.7056953,7.3764549,7.4980782,7.9131722,9.7046404,9.7483271,11.299411,6.6147882,6.7697785,6.7686895,8509.6699785,8511.7667099,8467.500457,4943.3167626,4937.4600123,4964.011574,3566.353216,3574.3066976,3503.488883,62.885426,62.9070359,62.5798819,74.2184012,74.1376503,74.5363311,51.9011733,52.0213024,50.9906032,5063.206543,1695.843426,3367.363117,13530.707,6659.855,6870.852
1992-02-01,7624.9900637,7650.2141898,7597.175453,4406.9572286,4417.1983324,4400.350163,3218.0328351,3233.0158574,3196.82529,5876.6919702,5883.9486607,5881.716007,3982.0482466,3972.2038822,3976.753912,1894.6437237,1911.7447784,1904.962095,1748.2980935,1766.2655292,1715.459446,424.908982,444.9944502,423.5962507,1323.3891114,1321.271079,1291.863196,56.2827985,56.4643417,56.0728759,66.0897809,66.2362727,65.9836329,46.7778637,46.9921789,46.4661457,889.6285134,888.3772643,982.7667093,539.5126819,538.4932689,583.165801,350.1158316,349.8839954,399.6009083,752.4507228,749.9000604,825.9210131,495.2746892,491.6294469,531.122905,257.1760335,258.2706134,294.7981081,137.1777906,138.4772039,156.8456962,44.2379926,46.8638219,52.042896,92.939798,91.613382,104.8028002,10.4482486,10.4042601,11.4542347,10.9070244,10.8661578,11.7018949,9.8122546,9.7653859,11.1110554,11.3506491,11.3041477,12.3131441,11.0618487,11.0136157,11.7821078,11.9515602,11.9017872,13.4013747,7.2754996,7.2701264,8.3771439,9.4294528,9.5279117,10.9416764,6.5620208,6.4841383,7.503784,8514.6185771,8538.5914541,8579.942162,4946.4699105,4955.6916013,4983.515964,3568.1486667,3582.8998529,3596.426199,62.849467,63.0212349,63.3264343,74.1806865,74.311026,74.7282547,51.867206,52.0777746,52.2743812,4968.810838,1685.335036,3283.475801,13548.753,6668.851,6879.902
1992-03-01,7627.0879044,7631.1494633,7646.15694,4406.7562864,4408.5256278,4411.477884,3220.3316179,3222.6238355,3234.679056,5864.7211963,5868.5657023,5858.016771,3973.2027665,3972.7820308,3964.838413,1891.5184297,1895.7836715,1893.178358,1762.3667081,1762.583761,1788.14017,433.5535199,435.743597,446.6394715,1328.8131882,1326.840164,1341.500698,56.2362426,56.2486937,56.3593128,66.0140946,66.0170813,66.061291,46.7595746,46.7796288,46.9546225,895.4564769,895.1181646,935.272207,545.108101,545.7018867,557.8116646,350.3483759,349.416278,377.4605425,759.593153,757.6460201,772.4752784,501.5897325,503.3533911,509.0000304,258.0034205,254.292629,263.4752479,135.8633239,137.4721445,162.7969287,43.5183685,42.3484956,48.8116342,92.3449554,95.1236489,113.9852945,10.5069148,10.4983588,10.8987931,11.0081387,11.0148734,11.2251794,9.8118111,9.7819808,10.4497773,11.4667438,11.434075,11.6503462,11.2092289,11.2452673,11.3772555,12.0028285,11.8271444,12.2168552,7.1573688,7.2351631,8.3445504,9.1219729,8.8578113,9.8519579,6.4978663,6.689597,7.831425,8522.5443813,8526.267628,8581.429147,4951.8643874,4954.2275145,4969.289549,3570.6799938,3572.0401135,3612.139598,62.8386456,62.84655,63.2531419,74.1799235,74.1888941,74.414446,51.8466721,51.8517578,52.4338422,4985.373853,1708.566451,3276.807402,13566.803,6677.856,6888.947
1992-04-01,7632.2901005,7624.4845878,7644.08212,4407.5695485,4408.2479009,4416.387089,3224.7205519,3216.2366869,3227.695031,5855.049042,5851.1436091,5838.125415,3965.9761945,3970.2661086,3966.734943,1889.0728475,1880.8775005,1871.390472,1777.2410584,1773.3409787,1805.956705,441.593354,437.9817923,449.6521465,1335.6477044,1335.3591864,1356.304559,56.2176376,56.1558407,56.3001804,65.9596943,65.9634833,66.0852753,46.775598,46.6492695,46.8154648,901.3580845,891.7671213,894.5883631,550.9748372,542.6862389,537.1720225,350.3832473,349.0808824,357.4163406,766.1568271,762.8410221,758.3536982,507.9700034,502.2441379,495.2583161,258.1868237,260.5968843,263.0953821,135.2012574,128.9260992,136.2346649,43.0048338,40.4421011,41.9137064,92.1964236,88.4839981,94.3209585,10.5624003,10.471357,10.4769046,11.1116246,10.9612898,10.844163,9.8006454,9.7910179,9.9694627,11.5712582,11.5337586,11.4963405,11.3539587,11.2295805,11.099486,12.0240149,12.1690405,12.325937,7.06956,6.7774973,7.014482,8.8743282,8.4531943,8.52657,6.457037,6.2144483,6.5020887,8533.648185,8516.2517091,8538.670483,4958.5443858,4950.9341398,4953.559112,3575.1037992,3565.3175693,3585.111371,62.8568273,62.7238824,62.8890011,74.2050848,74.0840508,74.12333,51.8580185,51.7124442,51.9995395,5038.696517,1729.301888,3309.394629,13577.367,6682.861,6894.506
1992-05-01,7639.3209173,7620.8763378,7631.400055,4408.8878982,4403.8964647,4401.408223,3230.4330191,3216.9798732,3229.991831,5847.3600199,5843.5141508,5822.688786,3960.7305444,3951.5573408,3941.658019,1886.6294755,1891.95681,1881.030767,1791.9608974,1777.362187,1808.711268,448.1573537,452.3391238,459.7502038,1343.8035436,1325.0230632,1348.961064,56.2178364,56.0856108,56.1630598,65.9195796,65.8487483,65.8115432,46.8148406,46.62264,46.811218,908.0663737,905.4466117,901.6900915,556.9396337,556.9434899,555.534505,351.12674,348.5031218,346.1555865,771.8187614,775.3641571,771.4967722,513.753354,515.4800886,514.4584619,258.0654073,259.8840684,257.0383103,136.2476123,130.0824546,130.1933193,43.1862796,41.4634013,41.076043,93.0613327,88.6190534,89.1172763,10.6239058,10.6194267,10.5669819,11.2154446,11.2267982,11.2072004,9.8037381,9.7743594,9.679567,11.6603402,11.7144344,11.6996522,11.4818461,11.5396411,11.5449958,12.0327329,12.0772902,12.0219834,7.0660207,6.8197237,6.7147873,8.7894249,8.3967576,8.2016554,6.4766934,6.2688464,6.1969695,8547.387291,8526.3229495,8533.090146,4965.8275318,4960.8399546,4956.942728,3581.5597591,3565.4829949,3576.147418,62.9003057,62.749218,62.7990209,74.2466741,74.1763809,74.1181081,51.9033047,51.673382,51.827938,5054.844854,1730.954272,3323.890582,13587.935,6687.897,6900.038
1992-06-01,7645.5073985,7633.558128,7637.30849,4409.6348224,4404.0272716,4402.9057,3235.8725761,3229.5308565,3234.40279,5840.7208496,5828.7681114,5804.74177,3957.1753931,3949.5091935,3941.278044,1883.5454565,1879.2589179,1863.463726,1804.7865489,1804.7900167,1832.56672,452.4594293,454.5180781,461.6276563,1352.3271196,1350.2719385,1370.939064,56.2154631,56.1352994,56.1628786,65.8757617,65.8014508,65.7846931,46.8527405,46.7668664,46.8374169,915.9433775,925.0995768,894.7916715,562.8886031,567.4321643,547.507088,353.0547743,357.6674125,347.2845836,776.4752296,780.2393534,760.2758973,518.5080219,520.8574774,506.2900666,257.9672077,259.3818761,253.9858308,139.4681479,144.8602233,134.5157742,44.3805812,46.5746869,41.2170214,95.0875667,98.2855364,93.2987528,10.6984599,10.808933,10.4873555,11.3199789,11.4137945,11.059827,9.8373341,9.9706619,9.6961166,11.7342031,11.8056964,11.5807137,11.5850022,11.6513368,11.3835259,12.0460276,12.1283517,11.994894,7.1733476,7.4300621,6.8383392,8.9325699,9.2946237,8.1967699,6.5694764,6.7850629,6.3718306,8561.450776,8558.6577048,8532.100162,4972.5234255,4971.4594359,4950.412788,3588.9273505,3587.1982689,3581.687374,62.9501608,62.938253,62.7429554,74.2847836,74.279568,73.9651059,51.9646797,51.9462515,51.8664482,5066.398838,1742.490212,3323.908626,13598.499,6692.903,6905.596
1992-07-01,7648.0038961,7651.2177263,7668.259482,4408.6994585,4406.9971645,4421.127827,3239.3044376,3244.2205618,3247.131655,5834.3036602,5842.6157554,5868.131398,3954.3046446,3957.1763158,3973.304346,1879.9990156,1885.4394396,1894.827052,1813.7002359,1808.6019709,1800.128084,454.3948139,449.8208487,447.8234815,1359.305422,1358.7811222,1352.304602,56.1877067,56.2141809,56.3393882,65.8094741,65.7878698,65.998813,46.8626407,46.9358373,46.9779536,924.8003302,959.2116358,904.7739405,568.9919109,593.2574085,562.1898038,355.8084192,365.9542273,342.5841368,780.5487178,816.018114,775.0390403,522.5424514,546.5567704,521.5789617,258.0062663,269.4613436,253.4600785,144.2516124,143.1935218,129.7349003,46.4494595,46.7006381,40.610842,97.8021529,96.4928837,89.1240582,10.7876058,11.1401139,10.55372,11.4308395,11.8645441,11.2814363,9.8970028,10.1367454,9.5434891,11.7999416,12.255038,11.6667041,11.6721085,12.1356386,11.6038377,12.0676159,12.5045824,11.7982403,7.367475,7.3365023,6.7224928,9.2742319,9.4055624,8.3144939,6.712075,6.6305646,6.1830364,8572.8042263,8610.4293621,8573.033423,4977.6913695,5000.254573,4983.317631,3595.1128568,3610.1747891,3589.715791,62.9819514,63.2615946,62.9868433,74.3029218,74.6440455,74.39121,52.0100797,52.2302887,51.9342976,5037.798577,1715.481369,3322.317208,13610.832,6698.799,6912.033
1992-08-01,7645.3690443,7671.0734723,7613.399101,4405.5567311,4417.4842811,4381.936129,3239.8123132,3253.5891912,3231.462972,5827.7661509,5838.117958,5769.652127,3951.0252983,3958.2261449,3921.169173,1876.7408525,1879.8918131,1848.482954,1817.6028935,1832.9555143,1843.746974,454.5314328,459.2581362,460.7669563,1363.0714607,1373.6973781,1382.980018,56.1226307,56.3090403,55.8856852,65.7112679,65.8860778,65.3558827,46.8302186,47.0278273,46.7080118,933.9306464,921.3102758,886.2375365,575.2548446,566.2241168,551.9688624,358.6758018,355.086159,334.2686741,784.8204621,771.3069324,749.7798599,526.4393973,518.4036543,510.3786519,258.3810648,252.9032781,239.401208,149.1101843,150.0033434,136.4576767,48.8154473,47.8204625,41.5902106,100.294737,102.1828809,94.8674661,10.8858611,10.7224061,10.4267697,11.5494199,11.3615017,11.1872617,9.9674027,9.8397923,9.3744765,11.868585,11.669804,11.500693,11.7575332,11.5802217,11.5169388,12.1014666,11.8578329,11.4662112,7.5816949,7.5646221,6.8910896,9.6981722,9.4305819,8.2790121,6.8537005,6.9235211,6.4193002,8579.2996907,8592.3837481,8499.636638,4980.8115757,4983.7083979,4933.904992,3598.488115,3608.6753502,3565.731646,62.9783684,63.0718614,62.391057,74.2915059,74.3312207,73.5884108,52.0147369,52.1602916,51.5395774,5123.528362,1770.826008,3352.702354,13623.165,6704.731,6918.434
1992-09-01,7636.6337551,7635.13194,7709.74096,4399.4713041,4397.63378,4422.906319,3237.162451,3237.49816,3286.83464,5820.9124104,5821.3645352,5841.896402,3946.5589015,3947.5715456,3958.122659,1874.3535089,1873.7929896,1883.773744,1815.7213447,1813.7674048,1867.844557,452.9124026,450.0622344,464.7836607,1362.8089421,1363.7051704,1403.060897,56.0126899,55.9945221,56.5416896,65.5695529,65.532422,65.9090269,46.7517479,46.7517199,47.4641729,942.5790553,906.9172223,910.346127,581.5329694,554.8332593,557.4571388,361.046086,352.083963,352.8889882,789.8340845,761.7068741,753.3584516,530.6257437,512.3745188,512.4087592,259.2083408,249.3323554,240.9496924,152.7449708,145.2103482,156.9876754,50.9072257,42.4587406,45.0483795,101.8377451,102.7516076,111.9392958,10.9867779,10.617092,10.5607533,11.6750145,11.2031691,11.1931015,10.0340512,9.8084944,9.6954886,11.9477291,11.5706914,11.4227345,11.8517726,11.4883568,11.4619206,12.1490896,11.7436474,11.340285,7.7595928,7.4125573,7.7531201,10.1042561,8.6206969,8.8359256,6.9530588,7.0067941,7.3887315,8579.2128104,8542.0491623,8620.087087,4981.0042735,4952.4670394,4980.363458,3598.208537,3589.582123,3639.723629,62.9262581,62.6456706,63.2179851,74.2366981,73.8004063,74.2161117,51.9660477,51.8360566,52.5601347,5015.410913,1730.259542,3285.151371,13635.498,6710.623,6924.875
1992-10-01,7624.615706,7644.380823,7665.683759,4391.505645,4400.1838561,4414.76584,3233.110061,3244.196967,3250.91792,5815.5416845,5813.1087324,5828.230564,3941.5391589,3945.3179181,3957.39169,1874.0025256,1867.7908143,1870.838874,1809.0740216,1831.2720906,1837.453195,449.9664862,454.865938,457.3741501,1359.1075354,1376.4061526,1380.079045,55.8775052,56.0196368,56.1757493,65.3987095,65.5242766,65.7414207,46.6519422,46.810121,46.9070968,949.0554593,953.6589648,893.7439917,586.5377827,588.6823858,551.6495813,362.5176766,364.976579,342.0944105,794.7319068,793.9944945,740.2666876,534.3947764,532.2541228,498.1782929,260.3371304,261.7403717,242.0883947,154.3235525,159.6644704,153.4773042,52.1430063,56.428263,53.4712884,102.1805462,103.2362073,100.0060158,11.0694175,11.0915859,10.4416325,11.7824963,11.7999232,11.1076004,10.0821804,10.1124696,9.5211032,12.022678,12.0172861,11.2699551,11.939291,11.8871147,11.1810227,12.1975492,12.2909856,11.4574883,7.8600256,8.0195659,7.7088228,10.384788,11.0363589,10.4672146,6.9924984,6.9771054,6.7567749,8573.6711654,8598.0397878,8559.427751,4978.0434277,4988.8662419,4966.415421,3595.6277376,3609.173546,3593.01233,62.8327215,63.0082511,62.725294,74.1334846,74.2904984,73.9561774,51.8828664,52.0763234,51.8431352,5086.467249,1748.933579,3337.53367,13645.895,6715.349,6930.546
1992-11-01,7613.2640524,7569.3467931,7587.4465,4383.5376144,4347.603459,4346.701772,3229.726438,3221.7433341,3240.744728,5813.8881954,5779.2418065,5774.636411,3937.387038,3909.3650362,3907.171236,1876.5011575,1869.8767703,1867.465175,1799.375857,1790.1049867,1812.81009,446.1505764,438.2384229,439.5305362,1353.2252806,1351.8665638,1373.279554,55.7446914,55.4275487,55.5600862,65.2247573,64.695758,64.6823402,46.559889,46.4481469,46.7220916,951.8796101,948.6428156,888.2382838,589.3057144,593.1665923,558.7865555,362.5738957,355.4762233,329.4517283,798.0963123,797.5181024,752.3544468,536.7529605,540.6085942,514.4551819,261.3433518,256.9095082,237.8992649,153.7832978,151.1247133,135.883837,52.5527539,52.5579982,44.3313736,101.230544,98.5667151,91.5524634,11.1134109,11.1369332,10.4798409,11.8504782,12.0055495,11.3910485,10.0930842,9.9372213,9.2278319,12.0704504,12.1263071,11.5268194,11.9967851,12.1485797,11.6349762,12.2246193,12.079705,11.2996715,7.8735672,7.784999,6.9730723,10.5378791,10.7087167,9.1619887,6.9600288,6.7956739,6.2500316,8565.1436625,8517.9896088,8475.684784,4972.8433287,4940.7700514,4905.488328,3592.3003338,3577.2195574,3570.196457,62.7144004,62.3741119,62.0643292,73.9933195,73.5225433,72.9975235,51.7867714,51.5730778,51.4718252,5180.605216,1814.586672,3366.018543,13656.29,6720.075,6936.215
1992-12-01,7605.9541769,7599.6591996,7693.386617,4377.405133,4373.380114,4424.512832,3228.5490439,3226.2790856,3268.873785,5817.0920467,5811.2133455,5904.326004,3935.5134931,3925.8769028,3980.243534,1881.5785536,1885.3364427,1924.08247,1788.8621302,1788.4458541,1789.060613,441.8916399,447.5032112,444.2692974,1346.9704903,1340.942643,1344.791316,55.6380506,55.6071797,56.2929891,65.0734844,65.03357,65.7939299,46.4973293,46.4755613,47.0891513,950.1294932,960.4523957,969.2024169,589.2948052,587.0893571,590.9585186,360.834688,373.3630386,378.2438983,798.3267589,803.5544722,809.8581487,536.8654203,533.5663612,532.7982003,261.4613387,269.988111,277.0599484,151.8027342,156.8979235,159.3442682,52.4293849,53.5229958,58.1603184,99.3733493,103.3749276,101.1839499,11.1047242,11.220092,11.1883689,11.8649166,11.8353587,11.7827115,10.0528312,10.3722266,10.3710363,12.0676677,12.1478863,12.0618996,12.0040236,11.9648649,11.805745,12.2004886,12.5265641,12.5870978,7.8222024,8.0653057,8.1781908,10.6063433,10.6826739,11.5758141,6.8706587,7.1573544,6.9976266,8556.0836701,8560.1115953,8662.589034,4966.6999382,4960.4694711,5015.47135,3589.3837319,3599.6421243,3647.117684,62.5883098,62.6348697,63.3847035,73.8338036,73.7637777,74.5816733,51.6940443,51.8539728,52.5378731,5004.097966,1709.33265,3294.765316,13666.687,6724.804,6941.883
1993-01-01,7603.9017115,7650.7741715,7533.699516,4374.2840551,4398.0067488,4367.701924,3229.6176564,3252.7674227,3165.997592,5825.2425417,5849.1341787,5848.854018,3937.1223438,3938.2607653,3931.612641,1888.1201979,1910.8734135,1917.241377,1778.6591698,1801.6399927,1684.845498,437.1617114,459.7459836,436.0892835,1341.4974585,1341.8940092,1248.756215,55.5673586,55.9145643,55.0589413,64.9632778,65.3213104,64.8712086,46.4656368,46.8018029,45.5533323,944.434551,929.6451265,998.9218324,587.0384414,575.6203872,626.1030102,357.3961095,354.0247393,372.8188222,795.1649418,795.7219673,866.5075137,534.8858108,536.1155416,581.9647892,260.2791309,259.6064257,284.5427245,149.2696092,133.9231592,132.4143187,52.1526306,39.5048456,44.138221,97.1169786,94.4183136,88.2760977,11.048168,10.8344953,11.707092,11.8322976,11.5734528,12.5375945,9.9636113,9.8155015,10.5351275,12.0108157,11.9750067,12.9033636,11.9607521,11.9819055,12.8936481,12.1150257,11.9607849,12.92328,7.7424857,6.9190798,7.2864825,10.6583082,7.9128252,9.1911064,6.7507302,6.5736617,6.6023908,8548.3362625,8580.419298,8532.621349,4961.3224966,4973.6271361,4993.804934,3587.0137659,3606.7921619,3538.816414,62.4690435,62.7087397,62.3594154,73.6814911,73.8707011,74.1703914,51.6076194,51.8956181,50.9175624,5150.350651,1739.077066,3411.273586,13682.972,6732.882,6950.09
1993-02-01,7606.2212185,7582.0182492,7530.959309,4374.6664956,4358.424148,4343.875217,3231.5547229,3223.5941012,3187.084092,5836.4227653,5821.3418157,5819.346956,3941.8257364,3935.8466572,3940.391579,1894.5970289,1885.4951585,1878.955376,1769.7984532,1760.6764335,1711.612353,432.8407591,422.5774908,403.4836376,1336.957694,1338.0989427,1308.128715,55.5286168,55.3462207,54.9735074,64.9043805,64.656039,64.4402095,46.4469543,46.3272362,45.80254,936.7337553,938.4262433,1039.33238,583.8839085,582.6628461,631.6887396,352.8498468,355.7633972,407.6436406,789.9809557,793.569087,874.817162,532.0607508,533.7052096,577.5087445,257.9202049,259.8638774,297.3084175,146.7527997,144.8571563,164.5152183,51.8231578,48.9576365,54.1799951,94.9296419,95.8995198,110.3352232,10.9649853,11.0138179,12.1271529,11.7752944,11.7921997,12.6958219,9.8440296,9.9393089,11.3400422,11.9217148,11.9966708,13.0683555,11.8925849,11.940911,12.7826801,11.9822597,12.1128386,13.6614145,7.6571289,7.6019209,8.7688716,10.6925967,10.3826064,11.8383877,6.6296865,6.6875609,7.7785004,8542.9549738,8520.4444925,8570.291689,4958.5504041,4941.0869941,4975.563957,3584.4045697,3579.3574984,3594.727732,62.3671676,62.1964213,62.5602893,73.5671261,73.2996841,73.8111405,51.5184453,51.4400186,51.6609088,5128.960311,1765.375044,3363.585268,13699.252,6740.939,6958.313
1993-03-01,7610.130696,7631.5194414,7645.743799,4377.4300984,4393.2060904,4395.79143,3232.7005976,3238.313351,3249.952369,5847.338734,5860.4651457,5849.280153,3947.8708625,3958.036089,3950.587689,1899.4678716,1902.4290567,1898.692464,1762.791962,1771.0542957,1796.463645,429.5592359,435.1700014,445.2037404,1333.232726,1335.8842943,1351.259905,55.5043931,55.6414192,55.745129,64.8836881,65.0940529,65.1323598,46.4196016,46.4839187,46.6509894,930.247083,929.6772148,972.3606533,581.4225694,570.4534268,585.2131526,348.8245136,359.2237879,387.1475007,785.0019707,784.2133435,800.9879782,529.7477717,519.5396396,526.3124908,255.254199,264.6737039,274.6754874,145.2451123,145.4638713,171.3726751,51.6747976,50.9137872,58.9006618,93.5703146,94.5500841,112.4720133,10.8923411,10.8591971,11.2827671,11.7249414,11.4925978,11.7488981,9.7395524,9.9852698,10.6444012,11.8359717,11.8021262,12.0444464,11.8310159,11.6031458,11.7561811,11.8462702,12.2132512,12.6382414,7.6122794,7.5900074,8.7086854,10.7379765,10.4742821,11.6842189,6.55804,6.6098862,7.6839216,8540.377779,8561.1966562,8618.104452,4958.8526678,4963.6595173,4981.004582,3581.5251112,3597.5371389,3637.09987,62.2891386,62.4196971,62.834612,73.5017219,73.5464507,73.8034522,51.4285081,51.6403466,52.2082443,5097.432548,1768.008418,3329.42413,13715.537,6749.013,6966.524
1993-04-01,7613.3575439,7612.2977828,7572.586102,4381.0586805,4378.6004749,4360.832473,3232.2988635,3233.6973079,3211.753629,5855.035813,5857.8940621,5808.242005,3953.0983903,3955.4671669,3926.939252,1901.9374227,1902.4268953,1881.302753,1758.3217309,1754.4037207,1764.344097,427.9602902,423.1333081,433.8932213,1330.3614408,1331.2704126,1330.450876,55.4795809,55.4673237,55.1779629,64.8806735,64.8372638,64.5741595,46.3736971,46.389744,46.0749459,927.2967134,918.4661783,920.8740118,580.436279,582.7268643,578.3835148,346.8604344,335.7393139,342.490497,782.4802608,775.0976351,770.6069073,528.7996643,528.2550473,521.9706,253.6805965,246.8425878,248.6363073,144.8164526,143.3685432,150.2671045,51.6366147,54.471817,56.4129148,93.1798379,88.8967262,93.8541897,10.8574435,10.7665173,10.8421538,11.6988183,11.7453823,11.7100268,9.6911147,9.4059469,9.6360994,11.7887513,11.6854908,11.7134003,11.7985652,11.7816185,11.7325506,11.7683464,11.4849529,11.6734001,7.6093504,7.5545705,7.8484396,10.7666697,11.4051994,11.5056514,6.5456365,6.2595961,6.5894724,8540.6542574,8530.7639611,8493.460114,4961.4949595,4961.3273393,4939.215988,3579.1592979,3569.4366218,3554.244126,62.2369192,62.1597656,61.8879496,73.4765631,73.4661432,73.1387237,51.3500936,51.2061691,50.9882217,5230.471886,1814.000012,3416.471874,13723.932,6753.216,6970.716
1993-05-01,7617.30517,7613.1702361,7620.506789,4385.2734077,4382.2879765,4378.860635,3232.0317623,3230.8822596,3241.646154,5859.1868669,5853.4080909,5831.140528,3956.5664424,3954.7986449,3944.320222,1902.6204245,1898.609446,1886.820307,1758.1183031,1759.7621452,1789.366261,428.7069652,427.4893316,434.5404131,1329.4113378,1332.2728136,1354.825848,55.4638072,55.4397721,55.4931975,64.8907598,64.8515154,64.8007957,46.3326721,46.3215036,46.4758267,928.1832266,920.5445418,915.4072899,580.4382577,579.4280075,577.2050933,347.7449689,341.1165343,338.2021966,783.0377858,774.8868593,770.2137985,528.9663531,526.9702014,525.4358213,254.0714327,247.9166579,244.7779772,145.1454408,145.6576825,145.1934915,51.4719046,52.4578061,51.769272,93.6735362,93.1998764,93.4242194,10.8616756,10.7871492,10.7241859,11.6889239,11.6779761,11.6464374,9.7141524,9.5497382,9.4473889,11.788788,11.6905911,11.6675119,11.7927207,11.7580852,11.7553579,11.7806089,11.5496689,11.4833071,7.6261339,7.6443879,7.5052472,10.7193189,10.9299133,10.6453303,6.5824279,6.5381734,6.4508348,8545.4883965,8533.7147779,8535.914079,4965.7116653,4961.715984,4956.065728,3579.7767312,3571.9987939,3579.848351,62.2221783,62.143258,62.1592735,73.4797522,73.4262108,73.3425952,51.3177572,51.2121277,51.3246677,5196.411921,1801.352272,3395.059649,13732.326,6757.418,6974.908
1993-06-01,7624.3533718,7626.1730658,7627.940278,4390.1036494,4395.5640398,4393.836934,3234.2497224,3230.609026,3234.103344,5861.2341775,5878.4152509,5852.598378,3958.4430571,3968.2055509,3959.162231,1902.7911204,1910.2097,1893.436147,1763.1191943,1747.7578149,1775.3419,431.6605923,427.3584889,434.6747027,1331.458602,1320.3993261,1340.667197,55.4720403,55.5005306,55.5133918,64.9118656,65.0075195,64.9819767,46.3281312,46.2897854,46.3398538,932.3206791,941.6669848,911.1844007,580.3455221,585.9330293,566.410961,351.9751569,355.7339555,344.7734397,786.2994138,793.0218122,773.0567247,529.3799042,534.681121,520.928729,256.9195096,258.3406912,252.1279957,146.0212653,148.6451726,138.127676,50.9656179,51.2519083,45.4822321,95.0556474,97.3932643,92.6454439,10.8958302,10.9907162,10.6707003,11.675917,11.7621876,11.4190051,9.8146427,9.9191281,9.6335655,11.8284384,11.8868215,11.667627,11.7959177,11.8741856,11.6276373,11.8960154,11.9130592,11.7511283,7.6485344,7.8382693,7.2187025,10.5600601,10.708482,9.472368,6.6634909,6.8693591,6.4637289,8556.6740509,8567.8400506,8539.124679,4970.4491715,4981.4970691,4960.247895,3586.2248793,3586.3429816,3578.876784,62.2552687,62.3536425,62.1446624,73.4928271,73.6730861,73.3588247,51.3699037,51.3869198,51.2799404,5201.596321,1801.376105,3400.220216,13740.721,6761.624,6979.097
1993-07-01,7636.8195222,7628.1106229,7646.525974,4396.3837413,4399.5538208,4413.533818,3240.4357809,3228.5568021,3232.992156,5864.0063606,5853.4293427,5880.713267,3960.5147371,3957.2025366,3973.550853,1903.4916235,1896.226806,1907.162414,1772.8131616,1774.6812802,1765.812708,435.8690042,442.3512841,439.9829659,1336.9441574,1332.3299961,1325.829742,55.5189428,55.4610986,55.5949896,64.954177,65.0054776,65.2120386,46.379297,46.2146032,46.2780923,938.3247589,937.783609,885.1702863,579.3880051,578.8835287,548.787822,358.9367538,358.9000803,336.3824643,791.0040687,793.3544658,754.3106376,529.2319369,531.7726934,507.7274443,261.7721318,261.5817724,246.5831933,147.3206902,144.4291432,130.8596487,50.1560682,47.1108353,41.0603776,97.164622,97.3183078,89.7992711,10.9423787,10.9478775,10.3750797,11.6441837,11.6278159,11.0590941,9.9722035,10.0043037,9.4241289,11.8858427,11.935915,11.3686197,11.7875679,11.8461935,11.3299691,12.0896187,12.1225662,11.4490399,7.6724177,7.5258381,6.8994335,10.3196463,9.6250217,8.5356919,6.7752616,6.8071502,6.3434184,8575.144281,8565.8942318,8531.69626,4975.7717463,4978.4373495,4962.32164,3599.3725347,3587.4568824,3569.37462,62.3404735,62.2793674,62.030727,73.5143194,73.5587541,73.3206369,51.5166413,51.3520147,51.0931794,5222.28774,1805.65236,3416.63538,13753.984,6767.974,6986.01
1993-08-01,7654.7623088,7651.7128168,7589.403131,4404.614434,4397.4990062,4360.55057,3250.1478747,3254.2138106,3228.852562,5869.4142295,5868.1563845,5796.775754,3964.4386732,3961.676121,3922.414221,1904.9755563,1906.4802634,1874.361534,1785.3480793,1783.5564323,1792.627377,440.1757608,435.8228851,438.136349,1345.1723184,1347.7335472,1354.491028,55.6037565,55.579098,55.1265044,65.0240581,64.9145852,64.3691632,46.4787184,46.5355436,46.1728755,943.8421528,944.1094065,909.4997134,577.2889022,576.9387743,562.2641697,366.5532505,367.1706321,347.2355437,794.9391508,791.2722669,769.7702299,528.0362538,525.2707718,517.1664276,266.902897,266.0014951,252.6038023,148.9030019,152.8371395,139.7294835,49.2526484,51.6680025,45.0977421,99.6503535,101.169137,94.6317415,10.97669,10.9833519,10.7013779,11.5877179,11.59807,11.4215992,10.1350164,10.1389576,9.709927,11.9282263,11.8819843,11.7226047,11.7537941,11.7066412,11.6489928,12.2890347,12.2441302,11.8762538,7.6982251,7.8928758,7.2310393,10.0632999,10.5987627,9.3324835,6.8970646,6.982466,6.5302777,8598.6044615,8595.8222232,8498.902845,4981.9033363,4974.4377805,4922.814739,3616.7011253,3621.3844427,3576.088106,62.4597721,62.4367455,61.7327604,73.5464084,73.4311854,72.6691413,51.7206108,51.7861159,51.1383743,5268.346155,1851.470261,3416.875894,13767.249,6774.285,6992.964
1993-09-01,7676.8944812,7670.2770337,7747.578881,4414.7941011,4413.033656,4438.939852,3262.1003801,3257.2433778,3308.639029,5878.119863,5862.0482319,5885.652921,3970.4267492,3960.3705298,3971.865936,1907.6931139,1901.6777021,1913.786985,1798.7746181,1808.2288018,1861.92596,444.3673519,452.6631261,467.0739165,1354.4072662,1355.5656757,1394.852044,55.7172919,55.6603197,56.2212702,65.1217223,65.0829252,65.4649869,46.6081613,46.532846,47.2670821,947.1379167,923.1102462,927.4446442,574.2158378,555.9137367,559.6748165,372.9220789,367.1965096,367.7698277,796.3168414,780.4284943,773.5149502,525.6735316,509.109074,509.7904532,270.6433098,271.3194203,263.724497,150.8210752,142.681752,153.929694,48.5423062,46.8046627,49.8843633,102.2787691,95.8770893,104.0453306,10.9825413,10.7420999,10.6909756,11.509615,11.1877565,11.1965985,10.259141,10.1311243,10.0035073,11.9308472,11.7490588,11.6157899,11.6917662,11.3907909,11.3750455,12.4243118,12.485954,12.1112793,7.7360181,7.3135978,7.6359482,9.8481142,9.3709071,9.6495917,7.0213324,6.6056404,6.9414579,8624.0323978,8593.38728,8675.023525,4989.0099389,4968.9473926,4998.614669,3635.0224589,3624.4398873,3676.408856,62.5914204,62.358984,62.9513876,73.5918624,73.2814787,73.7190083,51.9363887,51.7786003,52.5210269,5105.488475,1782.017331,3323.471144,13780.512,6780.632,6999.88
1993-10-01,7701.2616418,7719.2105818,7738.764732,4426.463709,4431.0718262,4444.859603,3274.7979328,3288.1387556,3293.905129,5889.6763623,5902.2283806,5916.593847,3977.6378768,3983.2138424,3994.23905,1912.0384854,1919.0145382,1922.354797,1811.5852795,1816.9822012,1822.170885,448.8258322,447.8579838,450.6205529,1362.7594474,1369.1242174,1371.550332,55.8451451,55.9715301,56.113316,65.2395944,65.3024434,65.5056392,46.746415,46.9341537,47.0164616,946.751722,949.9362717,892.5944961,570.5541498,572.1751319,537.2374013,376.1975722,377.7611398,355.3570948,794.0700911,795.9822941,744.5033587,522.2788551,522.9813602,490.6395526,271.791236,273.000934,253.863806,152.6816309,153.9539776,148.0911374,48.2752947,49.1937718,46.5978487,104.4063362,104.7602058,101.4932887,10.9476209,10.9576673,10.341297,11.417893,11.4360761,10.7833589,10.3039725,10.3047315,9.7377791,11.8806136,11.8835064,11.1768878,11.6064115,11.6058301,10.9398625,12.445624,12.4543343,11.6653633,7.7729574,7.8112107,7.5163169,9.711363,9.8971126,9.3717064,7.1161921,7.1077626,6.8900396,8648.0133638,8669.1468535,8631.359228,4997.0178588,5003.2469581,4982.097004,3650.995505,3665.8998954,3649.262224,62.7104472,62.8594606,62.5854649,73.6487272,73.7348127,73.4231175,52.116483,52.3262314,52.088749,5159.956772,1803.363996,3356.592776,13791.316,6785.461,7005.855
1993-11-01,7724.98664,7729.7187624,7744.926055,4438.1425658,4441.2652017,4438.287333,3286.8440742,3288.4535607,3306.638721,5902.3268594,5908.7758226,5902.913827,3984.4740192,3992.0744416,3988.650988,1917.8528402,1916.701381,1914.262838,1822.6597806,1820.9429397,1842.012228,453.6685466,449.1907601,449.6363449,1368.9912339,1371.7521797,1392.375883,55.9657536,56.0038675,56.1140484,65.3541922,65.4059848,65.3621301,46.8734616,46.8987697,47.1581201,942.3446722,950.4451736,892.8823594,566.3804236,563.9559549,533.5694856,375.9642486,386.4892187,359.3128738,788.2948773,791.6673512,749.1251577,518.004984,515.526653,492.3210736,270.2898933,276.1406981,256.8040841,154.0497949,158.7778224,143.7572017,48.3754396,48.4293019,41.2484121,105.6743553,110.3485205,102.5087897,10.872374,10.9496224,10.3369086,11.3173708,11.2673534,10.7317951,10.2643714,10.5168772,9.8013535,11.7820871,11.8151491,11.261587,11.5048839,11.4368295,10.9869258,12.35248,12.5928219,11.8284739,7.7932437,8.020213,7.2393703,9.6356974,9.7321844,8.4028708,7.1659877,7.4454132,6.8573042,8667.3313122,8680.163936,8637.808414,5004.5229894,5005.2211566,4971.856819,3662.8083228,3674.9427793,3665.951595,62.7928242,62.8900955,62.5832185,73.6944685,73.7112971,73.2199445,52.2350624,52.4107432,52.2825141,5164.307586,1818.447181,3345.860405,13802.116,6790.304,7011.812
1993-12-01,7747.245079,7745.5409835,7842.103563,4449.47424,4449.6168944,4502.437234,3297.770839,3295.9240891,3339.666329,5915.0832909,5927.7080237,6024.214148,3990.6436402,4002.9638088,4059.486172,1924.4396507,1924.7442149,1964.727976,1832.1617881,1817.8329599,1817.889415,458.8305998,446.6530857,442.9510623,1373.3311883,1371.1798742,1374.938353,56.0723733,56.0746097,56.7736841,65.4585175,65.4823914,66.2597172,46.9825287,46.9653044,47.5886099,933.5210933,933.8218652,939.282759,560.8268599,564.5514868,566.189385,372.6942333,369.2703785,373.093374,779.1536394,781.2833052,785.6485754,512.3840493,517.6552532,515.641434,266.76959,263.6280519,270.0071415,154.3674539,152.5385601,153.6341836,48.4428106,46.8962335,50.5479511,105.9246433,105.6423265,103.0862325,10.7539021,10.7591062,10.6962924,11.1934762,11.259125,11.1704694,10.1538695,10.0750555,10.0489502,11.6391703,11.645317,11.5369224,11.3786564,11.4509815,11.2705367,12.1745375,12.0467644,12.0822884,7.7707114,7.7416141,7.7926627,9.5496451,9.5018333,10.2427664,7.160671,7.1533544,6.9745953,8680.7661723,8679.3628488,8781.386322,5010.3010999,5014.1683812,5068.626619,3670.4650724,3665.1944676,3712.759703,62.8289355,62.8351055,63.5737145,73.7091316,73.7905631,74.5919929,52.2922117,52.2272265,52.9050078,5031.533678,1726.508381,3305.025297,13812.92,6795.135,7017.785
1994-01-01,7768.2052841,7766.2330731,7646.79607,4460.0253012,4465.8865826,4433.61709,3308.1799829,3300.3464904,3213.17898,5927.9095255,5919.373337,5911.003925,3996.7346498,3994.3936068,3985.915213,1931.1748757,1924.9797302,1925.088712,1840.2957586,1846.8597361,1735.792145,463.2906514,471.4929759,447.7018764,1377.0051072,1375.3667602,1288.090268,56.1667118,56.1567131,55.2930783,65.54673,65.6393381,65.165043,47.0827738,46.9740166,45.7333565,920.7324715,917.7103216,983.463237,553.4343947,549.19051,596.3812557,367.2980768,368.5198116,387.0819813,767.2875765,760.8405059,827.1390405,505.0443362,499.1951776,540.8610738,262.2432403,261.6453284,286.2779666,153.444895,156.8698156,156.3241965,48.3900585,49.9953324,55.5201819,105.0548365,106.8744832,100.8040147,10.5966057,10.5678985,11.3955236,11.0389717,10.950789,11.8564901,9.9932055,10.0445146,10.7514979,11.4602687,11.3894633,12.2754748,11.2187724,11.1090534,11.9480407,11.9559166,11.9657153,12.9457484,7.6963318,7.8288917,8.2618702,9.4570809,9.5870476,11.0329388,7.0884337,7.2103299,7.2578609,8688.9377555,8683.9433947,8630.259307,5013.4596959,5015.0770926,5029.998345,3675.4780597,3668.866302,3600.260961,62.8239143,62.7925679,62.4043847,73.6802747,73.7113079,73.9306196,52.310244,52.2191797,51.242716,5199.312693,1773.675655,3425.637039,13829.572,6803.674,7025.898
1994-02-01,7789.4873131,7789.7438585,7738.597918,4470.434698,4465.9206302,4450.65264,3319.052615,3323.8232283,3287.945279,5941.2559492,5938.4584195,5937.271887,4003.9380334,3994.7983851,3999.846182,1937.3179158,1943.6600344,1937.425705,1848.2313639,1851.2854389,1801.326031,466.4966647,471.1222451,450.8064578,1381.7346992,1380.1631939,1350.519574,56.2624259,56.2589599,55.8895745,65.6309361,65.5573869,65.3332607,47.1895776,47.2536913,46.7436264,905.4479986,904.0482724,1005.079581,544.114814,544.0620116,591.1252797,361.3331846,359.9862608,413.9543013,753.393383,753.3724581,833.056559,495.772571,496.0131693,538.0568765,257.6208119,257.3592888,294.9996825,152.0546156,150.6758143,172.023022,48.342243,48.0488423,53.0684032,103.7123726,102.626972,118.9546188,10.4135105,10.3987795,11.4949297,10.8507217,10.8595588,11.7245402,9.8178073,9.7721194,11.1822131,11.2536646,11.2580917,12.3045221,11.0178768,11.0450675,11.8569496,11.7370389,11.6927319,13.2143132,7.6016438,7.5264101,8.7173134,9.3897804,9.2549149,10.5320601,6.9818962,6.9212067,8.0950465,8694.9353116,8693.7921308,8743.677499,5014.549512,5009.9826417,5041.777919,3680.3857996,3683.8094891,3701.89958,62.8023557,62.7881625,63.1484438,73.6191446,73.5439336,74.0106717,52.3269353,52.3714964,52.6286773,5102.550501,1770.453081,3332.09742,13846.228,6812.231,7033.997
1994-03-01,7812.3264165,7808.8408029,7824.238563,4481.8318097,4477.5783878,4481.123199,3330.4946068,3331.2624151,3343.115365,5956.0400678,5949.7119203,5937.506007,4013.3655373,4002.6224558,3995.813972,1942.6745305,1947.0894646,1941.692035,1856.2863486,1859.1288826,1886.732556,468.4662724,474.955932,485.309227,1387.8200762,1384.1729506,1401.423329,56.37064,56.329142,56.4402139,65.7313003,65.6461534,65.6981242,47.3057263,47.3049508,47.4732664,889.8359754,901.9285259,945.0006625,533.852532,545.1011528,559.8152341,355.9834434,356.827373,385.1854284,738.8795678,747.8628485,764.171017,485.4386792,490.6505811,496.817759,253.4408886,257.2122674,267.353258,150.9564076,154.0656774,180.8296455,48.4138528,54.4505717,62.9974751,102.5425548,99.6151056,117.8321705,10.2254582,10.3541776,10.776313,10.6436629,10.8527958,11.1053773,9.6564645,9.6751271,10.3313936,11.0364218,11.1661739,11.4026835,10.7903935,10.9196698,11.0585018,11.5404175,11.6686506,12.1026608,7.5205855,7.6527962,8.7460317,9.3665534,10.2852102,11.4894592,6.8803761,6.713567,7.7559153,8702.1623919,8710.7693287,8769.239226,5015.6843417,5022.6795406,5040.938433,3686.4780502,3688.0897882,3728.300793,62.7913424,62.8352114,63.2569845,73.5608715,73.6379272,73.9056224,52.3620489,52.3720093,52.9430179,5093.639774,1779.839567,3313.800207,13862.879,6820.778,7042.101
1994-04-01,7837.3054376,7811.6865803,7827.36176,4495.1212435,4489.0453766,4496.207111,3342.1841941,3322.6412037,3331.154649,5972.3859404,5950.8834733,5935.984215,4025.2206058,4023.8210191,4019.503269,1947.1653346,1927.0624542,1916.480946,1864.9194971,1860.803107,1891.377545,469.9006376,465.2243575,476.7038416,1395.0188595,1395.5787495,1414.673703,56.4970275,56.3088404,56.4218316,65.8631175,65.7676034,65.8725278,47.4273907,47.1476321,47.2684362,875.7926163,874.0564065,876.4264531,523.8483376,521.9958358,517.8832196,351.9442787,352.0605707,358.5432335,724.7329241,728.7187788,724.7202502,475.0743476,479.2777837,473.7882952,249.6585765,249.4409952,250.9319551,151.0596922,145.3376277,151.7062029,48.7739901,42.7180521,44.0949244,102.2857022,102.6195756,107.6112784,10.0514491,10.0631162,10.0694828,10.4373683,10.4169136,10.3285578,9.5271261,9.5806569,9.7174144,10.8215628,10.9096133,10.8805345,10.5565158,10.6432882,10.5443479,11.3645238,11.4606294,11.5774874,7.4931176,7.2446377,7.4253541,9.4035813,8.4100188,8.4667874,6.8313224,6.8495321,7.0690626,8713.0980538,8685.7429868,8703.788213,5018.9695811,5011.0412124,5014.090331,3694.1284728,3674.7017745,3689.697882,62.810381,62.6092856,62.7393607,73.5386134,73.4152016,73.4598732,52.4216693,52.1433031,52.3560949,5169.142787,1811.527669,3357.615118,13872.931,6825.618,7047.313
1994-05-01,7864.039608,7853.3300321,7857.908786,4510.2206924,4508.1807896,4504.037285,3353.8189156,3345.1492425,3353.871501,5989.3700309,5981.8944152,5957.317377,4038.2559311,4043.7656805,4032.27074,1951.1140998,1938.1287347,1925.046637,1874.669577,1871.4356169,1900.59141,471.9647613,464.4151091,471.7665447,1402.7048157,1407.0205078,1428.824865,56.6385319,56.5680425,56.6010236,66.0247708,66.0008692,65.9402073,47.5497786,47.4321526,47.5558289,863.6411569,850.0970879,844.4419787,514.5053417,508.7550146,506.4827827,349.1358152,341.3420734,337.959196,711.1236941,702.8693055,698.0485944,465.1089667,462.7648934,461.1047939,246.0147274,240.1044121,236.9438005,152.5174627,147.2277825,146.3933843,49.3963749,45.9901212,45.3779888,103.1210878,101.2376613,101.0153955,9.8954256,9.7673833,9.7036077,10.2394705,10.1407519,10.1083875,9.4285737,9.259267,9.1542442,10.6130044,10.5144974,10.488508,10.328032,10.2687619,10.2618798,11.1971007,11.0228977,10.9595212,7.5236009,7.29333,7.1516596,9.4745027,9.0105114,8.7747208,6.8481414,6.7122236,6.6030028,8727.6807648,8703.42712,8702.350765,5024.7260341,5016.9358041,5010.520068,3702.9547308,3686.4913159,3691.830697,62.8586643,62.6913467,62.6835936,73.5565746,73.449167,73.3552391,52.4997569,52.2721726,52.3478818,5180.629235,1819.966932,3360.662303,13882.98,6830.487,7052.493
1994-06-01,7890.4126498,7875.4150722,7878.448923,4525.8362977,4524.7891871,4523.426856,3364.5763521,3350.6258851,3355.022067,6005.302378,6016.3204933,5988.641676,4050.3104564,4054.8015754,4044.365524,1954.9919215,1961.5189179,1944.276152,1885.1102718,1859.0945789,1889.807247,475.5258413,469.9876117,479.061332,1409.5844306,1389.1069672,1410.745915,56.7781546,56.6860788,56.7079161,66.1949297,66.1970459,66.1771152,47.659807,47.4747699,47.5370591,852.6100929,857.3812116,828.6124326,505.9597039,508.1974952,491.3961084,346.650389,349.1837164,337.2163242,697.8484278,699.5759485,681.5290916,455.7301671,455.2429095,444.1231657,242.1182607,244.3330391,237.405926,154.7616651,157.8052631,147.083341,50.2295368,52.9545857,47.2729427,104.5321283,104.8506773,99.8103982,9.7518915,9.8179459,9.5165567,10.0552507,10.0973344,9.7988725,9.3405877,9.4378834,9.1331135,10.4107523,10.4167173,10.2175659,10.1137607,10.0939783,9.894715,11.0198506,11.0765837,10.8817838,7.5868324,7.8241497,7.2209741,9.5537847,10.126279,8.9815437,6.9038363,7.0183166,6.6075258,8743.0227426,8732.7962838,8707.061356,5031.7960016,5032.9866823,5014.822964,3711.226741,3699.8096015,3692.238391,62.9134013,62.8573826,62.6721464,73.5951017,73.6319057,73.366173,52.5701698,52.4223281,52.3150522,5185.970644,1820.511036,3365.459609,13893.032,6835.334,7057.698
1994-07-01,7915.5667635,7948.2641909,7966.018243,4540.7605885,4559.6716525,4571.258282,3374.8061751,3388.5925384,3394.759962,6019.4025437,6024.2761751,6053.232366,4059.9640765,4069.0196836,4084.688781,1959.4384671,1955.2564915,1968.543585,1896.1642199,1923.9880158,1912.785877,480.7965119,490.6519688,486.5695005,1415.367708,1433.3360469,1426.216377,56.9085067,57.1485078,57.2761606,66.3543081,66.6353972,66.8047251,47.7615708,47.9605815,48.0478724,841.9083041,847.3182993,798.7352939,497.7656823,492.2620785,466.6081458,344.1426218,355.0562208,332.1271481,684.8888076,684.9681045,651.409566,446.7393101,440.4299407,421.1983934,238.1494975,244.5381639,230.2111725,157.0194966,162.3501948,147.3257279,51.0263722,51.8321378,45.4097523,105.9931243,110.5180569,101.9159756,9.6135964,9.6334529,9.1130377,9.879192,9.7440328,9.262019,9.2537607,9.484229,8.9116503,10.2156779,10.2093183,9.7157995,9.9127737,9.7668225,9.347735,10.8368585,11.1164087,10.4700705,7.6476106,7.7815856,7.1513469,9.5946176,9.554591,8.5360006,6.9669944,7.1585817,6.669316,8757.4750677,8795.5824902,8764.753537,5038.5262708,5051.933731,5037.866427,3718.9487969,3743.6487592,3726.88711,62.9613575,63.2407785,63.0191164,73.6281771,73.8293536,73.623773,52.6320112,52.9858841,52.7486474,5143.333463,1804.850573,3338.48289,13908.087,6842.717,7065.37
1994-08-01,7938.8932883,7932.6078923,7861.693875,4553.9930571,4554.3356023,4517.005446,3384.9002312,3378.27229,3344.688429,6030.9551951,6027.1725785,5955.501296,4066.9388131,4064.9665065,4024.146792,1964.016382,1962.2060721,1931.354504,1907.9380932,1905.4353137,1906.192578,487.054244,489.3690958,492.8586534,1420.8838492,1416.0662179,1413.333925,57.024941,56.9742655,56.4649407,66.4880439,66.4859038,65.9409441,47.8605342,47.7624946,47.2876812,831.1849486,827.3705256,796.0985108,489.5638515,487.5725435,474.6201411,341.6210972,339.7979821,321.4783697,672.7641935,674.434062,655.0024365,438.1005088,436.6272885,429.8518177,234.6636847,237.8067735,225.1506188,158.4207551,152.9364636,141.0960743,51.4633426,50.945255,44.7683234,106.9574125,101.9912086,96.3277509,9.4775089,9.4448923,9.1951675,9.7067181,9.6703972,9.5083282,9.1672921,9.1390952,8.7687873,10.0356855,10.0637668,9.9085102,9.7246767,9.6993933,9.6509194,10.6729346,10.8093357,10.4405325,7.6666623,7.4299728,6.8918506,9.5564832,9.4288177,8.3270233,7.0005579000000004,6.7185343,6.3807509,8770.0782369,8759.9784178,8657.792385,5043.5569086,5041.9081457,4991.625587,3726.5213284,3718.0702721,3666.166799,62.995329,62.916678,62.1827486,73.6356488,73.6036711,72.8696274,52.6908592,52.5666069,51.8327882,5265.349615,1858.451413,3406.898201,13923.142,6850.077,7073.065
1994-09-01,7960.2076393,7981.3703866,8054.408395,4565.558762,4564.6297637,4588.099806,3394.6488773,3416.7406229,3466.308589,6040.8437916,6084.1249942,6104.674194,4072.9133665,4099.605845,4109.271259,1967.9304251,1984.5191492,1995.402935,1919.3638477,1897.2453924,1949.734201,492.6453955,465.0239187,478.8285464,1426.7184522,1432.2214737,1470.905654,57.1268723,57.2625741,57.7865874,66.5975939,66.5644873,66.9067432,47.9543326,48.2539912,48.9540304,820.4982305,823.6700728,829.3238282,481.569003,479.3851039,483.6482121,338.9292275,344.2849689,345.6756161,661.9115598,656.7786423,650.9449982,430.0933218,425.3534053,425.8233633,231.818238,231.425237,225.121635,158.5866707,166.8914305,178.37883,51.4756812,54.0316986,57.8248489,107.1109895,112.8597319,120.5539812,9.3443311,9.3545291,9.3353087,9.5414466,9.5040383,9.5361246,9.0778663,9.1540182,9.0681282,9.8752159,9.743184,9.6356082,9.5512477,9.4001599,9.3895144,10.5383966,10.4436392,10.1382186,7.6318791,8.0852891,8.3820186,9.4603358,10.4096164,10.775083,6.9832399,7.3044531,7.5750574,8780.7058698,8805.0404594,8883.732223,5047.127765,5044.0148676,5071.748018,3733.5781048,3761.0255918,3811.984205,63.015223399999996,63.172019,63.7365954,73.6222186,73.5552019,73.9596252,52.7421989,53.1162637,53.8359427,5054.464777,1785.706982,3268.757795,13938.197,6857.455,7080.742
1994-10-01,7980.4603815,7978.404175,7997.155274,4576.2328877,4576.5656703,4590.228247,3404.2274938,3401.8385047,3406.927027,6050.308083,6045.3295884,6059.43408,4079.7200274,4073.5863942,4083.797416,1970.5880556,1971.7431942,1975.636664,1930.1522985,1933.0745866,1937.721193,496.5128603,502.9792761,506.4308307,1433.6394382,1430.0953105,1431.290363,57.2206846,57.1982287,57.3326578,66.6941816,66.6907449,66.889839,48.0452814,48.0057071,48.0775148,810.317289,798.0132233,750.9426262,473.9501086,467.1382327,439.2515989,336.3671805,330.8749907,311.6910273,652.2770308,647.73073,606.6598138,422.724826,420.0446398,394.7934925,229.5522048,227.6860902,211.8663214,158.0402583,150.2824933,144.2828123,51.2252826,47.0935929,44.4581064,106.8149757,103.1889004,99.8247059,9.2178112,9.0926991,8.5840675,9.3848106,9.2618092,8.7335393,8.9923451,8.8641947,8.3819049,9.7317232,9.6776467,9.1006791,9.3887841,9.3475552,8.8151274,10.4335259,10.3520532,9.6853043,7.5682799,7.2134775,6.9299969,9.3521482,8.5613372,8.0702485,6.9339913,6.7299265,6.519739,8790.7776705,8776.4173984,8748.0979,5050.1829963,5043.703903,5029.479846,3740.5946742,3732.7134954,3718.618054,63.0307391,62.9192904,62.7162642,73.6015474,73.4979883,73.2907122,52.7925716,52.674914,52.4760035,5200.5931,1832.890154,3367.702946,13948.691,6862.37,7086.321
1994-11-01,8002.2419864,7990.081509,8003.253372,4587.4537268,4576.2184011,4572.205076,3414.7882596,3413.8631079,3431.048297,6061.7162359,6073.2196291,6065.569205,4088.8946239,4087.6499192,4083.981819,1972.821612,1985.5697099,1981.587386,1940.5257505,1916.8618799,1937.684167,498.5591029,488.5684818,488.2232564,1441.9666476,1428.2933981,1449.46091,57.3234017,57.2388949,57.3332547,66.7970013,66.6382575,66.579816,48.1486245,48.1373064,48.3796268,800.5755744,804.0818693,755.0441625,466.5428455,472.090896,445.8619685,334.0327289,331.9909733,309.182194,643.497438,641.578245,607.8253359,415.8181924,417.6037105,399.03273,227.6792456,223.9745345,208.7926059,157.0781364,162.5036243,147.2188266,50.7246531,54.4871855,46.8292385,106.3534833,108.0164388,100.3895881,9.0945378,9.1433583,8.620901,9.2311666,9.3514654,8.8851337,8.9103409,8.8628912,8.2663941,9.5969714,9.5546918,9.1081882,9.230737,9.2692608,8.9009912,10.3467011,10.1366848,9.532255,7.4884556,7.8150582,7.0611835,9.2346902,10.0334439,8.7522699,6.8689595,7.030902,6.4773724,8802.8175608,8794.1633783,8758.297535,5053.9965723,5048.3092971,5018.067044,3748.8209885,3745.8540812,3740.230491,63.0582589,62.9991312,62.7421975,73.5902389,73.5127796,73.0723961,52.8584967,52.8185577,52.739262,5200.884465,1849.186956,3351.697509,13959.182,6867.254,7091.928
1994-12-01,8027.3046719,8034.2498771,8135.531279,4600.0330958,4604.3010407,4658.908179,3427.2715761,3429.9488364,3476.6231,6076.9281831,6070.4257666,6171.992446,4100.5764747,4098.2648763,4157.180077,1976.3517084,1972.1608903,2014.81237,1950.3764888,1963.8241106,1963.538832,499.4566211,506.0361644,501.7281023,1450.9198677,1457.7879462,1461.81073,57.445301,57.5120703,58.2370792,66.9145032,66.9992016,67.793814,48.2759606,48.3261344,48.9837496,791.4446388,788.4708232,791.0159059,459.9166345,456.9541222,458.1258502,331.5280043,331.5167011,332.8900557,635.5484816,636.4362066,638.8831367,409.6782514,410.5899276,408.6245113,225.8702302,225.846279,230.2586254,155.8961572,152.0346166,152.1327692,50.2383831,46.3641945,49.501339,105.6577741,105.6704221,102.6314302,8.9745678,8.9368218,8.8613872,9.0893519,9.0284743,8.9529569,8.8200501,8.8134983,8.7383884,9.4681667,9.4893291,9.3803378,9.083262,9.1063018,8.9496715,10.2564699,10.2750474,10.2561846,7.4015184,7.1854805,7.1907554,9.1393196,8.3932231,8.9801696,6.7878255,6.7587615,6.5602572,8818.7493107,8822.7207004,8926.547184,5059.9497303,5061.2551629,5117.034029,3758.7995805,3761.4655375,3809.513155,63.1090671,63.15623,63.8994575,73.6046927,73.6485412,74.4602039,52.9458073,52.9970264,53.6739915,5043.128816,1755.138971,3287.989845,13969.676,6872.173,7097.503
1995-01-01,8056.1445572,8050.3412877,7928.420297,4613.5427375,4613.9976274,4580.036743,3442.6018197,3436.3436604,3348.383554,6096.8500366,6085.707377,6074.124258,4113.6718616,4113.5143044,4104.004097,1983.178175,1972.1930726,1970.120161,1959.2945206,1964.6339107,1854.296039,499.8708759,500.4833229,476.0326463,1459.4236447,1464.1505878,1378.263393,57.5887907,57.5529569,56.6813276,67.0386679,67.0517366,66.5582088,48.4394007,48.3552032,47.1174549,782.7996798,782.1358113,836.3557256,454.6184697,459.7466022,499.7211361,328.1812101,322.3892091,336.6345895,628.5495536,630.8566319,684.9822251,404.8380222,408.8668483,443.5273389,223.7115315,221.9897837,241.4548862,154.2501262,151.2791794,151.3735005,49.7804476,50.879754,56.1937972,104.4696786,100.3994254,95.1797033,8.8562577,8.855226,9.5422373,8.970087,9.0612885,9.8374991,8.7032642,8.5770716,9.135222,9.3459064,9.39255,10.1342127,8.9595471,9.0409639,9.7531451,10.1369602,10.1171962,10.9177795,7.2981721,7.1495932,7.5472802,9.056732,9.2279944,10.5582498,6.6801026,6.4171439,6.4596796,8838.944237,8832.477099,8764.776023,5068.1612072,5073.7442296,5079.757879,3770.7830298,3758.7328695,3685.018144,63.1845799,63.1445495,62.6605456,73.6446578,73.7328862,73.820278,53.0571003,52.8917681,51.8544764,5222.934977,1801.492121,3421.442856,13987.711,6881.25,7106.461
1995-02-01,8087.0551831,8098.9453379,8049.875932,4626.3437306,4646.8200921,4632.225559,3460.7114525,3452.1252458,3417.650373,6120.186968,6141.5971814,6143.147659,4126.5674729,4149.8308755,4156.25356,1993.6194952,1991.766306,1986.894099,1966.868215,1957.3481565,1906.728273,499.7762577,496.9892167,475.9719993,1467.0919573,1460.3589398,1430.756274,57.7423651,57.8258679,57.475516,67.1462651,67.4396734,67.2278617,48.6383452,48.5161681,48.0316582,774.1974722,783.7625884,873.7268519,450.8093181,452.7690657,491.9799498,323.3881541,330.9935227,381.746902,622.4574644,624.6510061,691.3691486,401.3845738,399.7138661,433.4086174,221.0728907,224.93714,257.9605312,151.7400077,159.1115823,182.3577033,49.4247443,53.0551996,58.5713324,102.3152635,106.0563827,123.7863709,8.7368852,8.8234646,9.7911894,8.8791753,8.87854,9.6010972,8.5459736,8.7492237,10.0475648,9.2316519,9.2318666,10.1158453,8.8645942,8.7857992,9.4431486,9.9821037,10.1473718,11.4911909,7.1622495,7.5178176,8.7290665,8.9993908,9.645621,10.9572656,6.5193573,6.7706426,7.9628804,8861.2526553,8882.7079263,8923.602784,5077.1530486,5099.5891579,5124.205509,3784.0996066,3783.1187685,3799.397275,63.2702108,63.4218745,63.7138608,73.689264,74.0107472,74.3680063,53.1833831,53.167951,53.3967292,5082.145216,1766.130491,3316.014725,14005.748,6890.336,7115.412
1995-03-01,8118.1024771,8102.253044,8118.13777,4637.2198926,4636.1772921,4640.246539,3480.8825845,3466.075752,3477.891232,6145.1759553,6122.9909029,6110.00257,4137.9242502,4137.535599,4131.062067,2007.2517051,1985.455304,1978.940503,1972.9265218,1979.2621411,2008.135201,499.2956424,498.6416931,509.1844721,1473.6308794,1480.620448,1498.950729,57.8944082,57.7750885,57.8883584,67.2227313,67.1967016,67.2556812,48.8641578,48.6509722,48.8168181,765.6503488,764.0382084,804.0564894,448.2788375,438.539799,450.7145114,317.3715113,325.4984095,353.3419779,617.1323493,612.5429338,627.0235575,398.9772167,391.1343158,396.0561717,218.1551326,221.408618,230.9673858,148.5179994,151.4952746,177.0329319,49.3016208,47.4054832,54.6583397,99.2163787,104.0897914,122.3745922,8.6185463,8.6173371,9.0118693,8.8148451,8.64166,8.8532304,8.3557209,8.5847829,9.2226695,9.1260605,9.0942002,9.3071267,8.7940463,8.6368475,8.7485272,9.8029326,10.0327263,10.4514485,7.0007958,7.109926,8.1015703,8.9868514,8.6815728,9.6938967,6.3080746,6.5683801,7.5478123,8883.7528258,8866.2912525,8922.19426,5085.4987301,5074.717091,5090.96105,3798.2540958,3791.5741614,3831.23321,63.3546588,63.2232491,63.6218791,73.7211352,73.5528925,73.7883323,53.3193761,53.2197742,53.7764416,5101.58874,1808.45095,3293.13779,14023.783,6899.412,7124.371
1995-04-01,8147.6229724,8160.0018088,8174.623475,4646.4020322,4656.696043,4664.204025,3501.2209402,3503.3057658,3510.41945,6169.4452833,6179.6979032,6163.679562,4147.4344197,4154.2074328,4149.866106,2022.0108636,2025.4904704,2013.813457,1978.1776891,1980.3039056,2010.943913,498.9676125,502.4886102,514.337919,1479.2100766,1477.8152954,1496.605994,58.0355887,58.1223867,58.2265345,67.2747921,67.4189655,67.527665,49.0918174,49.119271,49.2190108,757.6392739,735.4248998,737.7760684,446.6514883,437.8457069,434.7286756,310.9877857,297.579193,303.0473927,612.3675983,596.4869327,593.352763,397.11099,392.6927322,388.2346355,215.2566082,203.7942005,205.1181276,145.2716756,138.9379671,144.4233054,49.5404982,45.1529747,46.4940402,95.7311774,93.7849924,97.9292652,8.5077705,8.2674494,8.2780857,8.7698173,8.5944081,8.5258759,8.1576799,7.8292081,7.9467688,9.0295561,8.8026957,8.7812628,8.7381895,8.6364934,8.5550026,9.621407,9.1416858,9.2440041,6.8413063,6.5560222,6.7006357,9.0318625,8.2449865,8.2901909,6.0783967,5.9674838,6.1415553,8905.2622463,8895.4267086,8912.399543,5093.0535205,5094.5417499,5098.932701,3812.2087259,3800.8849587,3813.466843,63.4322597,63.3607005,63.4815953,73.7418145,73.7580318,73.8216033,53.4522836,53.2915796,53.4679882,5126.944457,1808.1683,3318.776157,14039.344,6907.101,7132.243
1995-05-01,8173.1050383,8166.0801261,8165.2016,4654.3178854,4648.3736514,4642.460701,3518.7871529,3517.7064747,3522.740899,6190.6413174,6191.6027872,6161.964727,4155.4432892,4151.8574426,4138.430649,2035.1980282,2039.7453446,2023.534078,1982.4637209,1974.4773389,2003.236873,498.8745963,496.5162088,504.0300521,1483.5891246,1477.9611301,1499.206821,58.1494642,58.101283,58.0950323,67.3106959,67.2237194,67.1382077,49.2809542,49.266749,49.3372579,751.2255725,756.1503127,750.8307972,445.9836518,453.5846003,451.6986585,305.2419207,302.5657124,299.1321387,608.698266,613.8313491,609.7634086,395.8381966,401.7366022,400.5505545,212.8600693,212.0947469,209.2128541,142.5273065,142.3189637,141.0673886,50.1454552,51.8479981,51.148104,92.3818513,90.4709655,89.9192847,8.4177246,8.4749023,8.4211313,8.7442605,8.890402,8.8669911,7.9822071,7.9200041,7.8268466,8.9523145,9.0197236,9.0045465,8.697291,8.8224071,8.8246797,9.4686196,9.4187304,9.3702,6.7071957,6.7233188,6.5787021,9.1336291,9.4550296,9.2129172,5.8619006,5.7682424,5.6584109,8924.3306108,8922.2304389,8916.032398,5100.3015373,5101.9582517,5094.15936,3824.0290735,3820.2721871,3821.873038,63.494234,63.4812575,63.4371588,73.7605068,73.7833565,73.6705707,53.5558969,53.504291,53.5267115,5138.872602,1820.62264,3318.249962,14054.905,6914.782,7140.123
1995-06-01,8194.7231026,8201.0551308,8205.637713,4661.9733882,4659.150277,4657.370957,3532.7497145,3541.9048538,3548.266756,6207.8593439,6211.9705009,6180.580855,4162.5859864,4159.506317,4147.046842,2045.2733575,2052.4641839,2033.534013,1986.8637587,1989.08463,2025.056857,499.3874017,499.64396,510.3241146,1487.476357,1489.4406699,1514.732743,58.2368688,58.2855972,58.318166,67.3445466,67.3047766,67.2790731,49.4195015,49.5509912,49.6399938,747.7431093,747.4129687,723.4592261,446.0265634,447.5946714,434.1860223,301.7165459,299.8182973,289.2732038,606.3875342,609.5329271,594.2033715,394.9501409,397.8280577,389.3297925,211.4373933,211.7048694,204.873579,141.3555751,137.8800415,129.2558545,51.0764225,49.7666137,44.8562298,90.2791526,88.1134278,84.3996248,8.3617102,8.3524125,8.1022665,8.7319218,8.7647744,8.5275688,7.8685409,7.8042661,7.5379855,8.8988196,8.9354632,8.7708088,8.6658697,8.7294024,8.5823957,9.3692731,9.3502236,9.1526485,6.6419646,6.4824792,5.999865,9.2787973,9.0581827,8.0795781,5.7219989,5.5854457,5.2778386,8942.4662119,8948.4680995,8929.096939,5107.9999516,5106.7449484,5091.556979,3834.4662603,3841.7231511,3837.539959,63.5508028,63.5975248,63.4598523,73.7876243,73.77060349999999,73.5512024,53.6402028,53.7454274,53.6869049,5141.369061,1830.909021,3310.460041,14070.466,6922.466,7148
1995-07-01,8212.7669506,8207.7077123,8229.022081,4669.8946215,4662.2894328,4675.087276,3542.8723291,3545.4182795,3553.934805,6220.6023977,6205.6497571,6238.294014,4169.1129249,4166.2968079,4183.090319,2051.4894728,2039.3529492,2055.203696,1992.1645529,2002.0579552,1990.728067,500.7816966,495.9926249,491.9969576,1491.3828563,1506.0653303,1498.731109,58.2988437,58.2644037,58.4157089,67.383053,67.2730014,67.4576637,49.5033668,49.5405399,49.6595423,746.5626203,755.4180583,708.7947423,445.9766729,453.7732036,427.4838226,300.5859474,301.6448547,281.3109198,605.2111907,612.7254876,579.9785691,394.2510045,398.9147095,379.5500721,210.9601862,213.8107781,200.428497,141.3514296,142.6925707,128.8161732,51.7256684,54.8584941,47.9337505,89.6257612,87.8340766,80.8824227,8.3327956,8.4280649,7.9302894,8.7175116,8.8695787,8.3778122,7.8207158,7.8409125,7.3348865,8.8665063,8.9863855,8.5062391,8.639482,8.738143,8.3186497,9.3244146,9.4893583,8.8856906,6.625281,6.6531081,6.0775411,9.3619871,9.9588604,8.8777596,5.6688977,5.5106411,5.1203931,8959.329571,8963.1257705,8937.816824,5115.8712944,5116.0626364,5102.571099,3843.4582765,3847.0631341,3835.245725,63.5983655,63.626922,63.4472603,73.8181596,73.8205754,73.6259037,53.7033534,53.7554584,53.5903324,5149.185176,1827.830901,3321.354275,14087.002,6930.402,7156.6
1995-08-01,8228.3625212,8236.7765277,8165.918717,4677.8370007,4686.5742012,4647.23398,3550.5255205,3550.2023265,3518.684738,6230.7178639,6236.7600363,6160.870986,4175.4753482,4177.955335,4134.550417,2055.2425156,2058.8047013,2026.320569,1997.6446573,2000.0164913,2005.047732,502.3616524,508.6188662,512.6835626,1495.2830049,1491.3976252,1492.364169,58.3423558,58.4022087,57.899797,67.4218234,67.5459858,66.9789887,49.5509864,49.5479161,49.1080451,747.1698791,747.5090928,718.9452359,445.8193787,439.5761405,427.1996946,301.3505005,307.9329523,291.7455413,604.7722864,599.0300683,581.1098673,393.8567023,389.4837295,382.8452429,210.9155841,209.5463387,198.2646244,142.3975927,148.4790245,137.8353686,51.9626764,50.092411,44.3544517,90.4349164,98.3866135,93.4809169,8.3245188,8.320184,8.0917979,8.7011959,8.5751707,8.4186674,7.8234735,7.9813933,7.6564986,8.8475336,8.7631431,8.619275,8.6195684,8.5273985,8.4749106,9.3071875,9.2378267,8.9124312,6.6539617,6.9108371,6.4322393,9.3740566,8.9657061,7.9625538,5.7030898,6.1886771,5.8947067,8975.5324003,8984.2856205,8884.863953,5123.6563793,5126.1503418,5074.433675,3851.8760209,3858.1352788,3810.430279,63.6400868,63.7023624,62.997421,73.8474333,73.8814458,73.1360713,53.7566215,53.8455404,53.1797521,5218.672047,1863.912325,3354.759721,14103.536,6938.346,7165.19
1995-09-01,8243.1420989,8224.4189739,8300.390696,4685.7883137,4689.2447399,4713.672303,3557.3537852,3535.174234,3586.718392,6239.413386,6241.1814472,6263.640893,4181.6577026,4186.7051295,4197.399082,2057.7556834,2054.4763177,2066.241811,2003.7287129,1983.2375268,2036.749803,504.130611,502.5396104,516.2732212,1499.5981019,1480.6979163,1520.476582,58.3790756,58.2463004,58.7843411,67.4609568,67.5073099,67.858974,49.5855131,49.279004,49.9975103,748.5253206,750.5999102,756.7674555,445.3615499,450.5819667,455.3637203,303.1637707,300.0179435,301.4037352,604.8289165,602.1992098,598.0811879,393.8660235,393.6274474,394.1976639,210.962893,208.5717623,203.8835239,143.696404,148.4007004,158.6862676,51.4955264,56.9545193,61.1660564,92.2008776,91.4461812,97.5202112,8.3246553,8.3632126,8.3554625,8.6795662,8.7664817,8.8094515,7.8529308,7.8227617,7.7519102,8.8370471,8.7997328,8.7161966,8.608108,8.5938617,8.5851978,9.2987687,9.2164088,8.9811572,6.6915676,6.9618146,7.2280068,9.2680173,10.1796456,10.5926387,5.7922438,5.8166539,6.0272191,8991.6674195,8975.0188841,9057.158151,5131.1498635,5139.8267066,5169.036024,3860.5175559,3835.1921775,3888.122128,63.6802357,63.5621371,64.143857,73.8727949,73.9939785,74.4144817,53.8112752,53.4611417,54.1989654,5062.912849,1777.240976,3285.671872,14120.071,6946.277,7173.794
1995-10-01,8257.6261182,8214.2064016,8232.594094,4693.4962899,4660.2643477,4673.68769,3564.1298283,3553.9420539,3558.906405,6247.1788734,6214.7152369,6228.531094,4187.4571245,4157.4814262,4167.00325,2059.7217489,2057.2338108,2061.527845,2010.4472448,1999.4911647,2004.063,506.0391654,502.7829215,506.6844401,1504.4080794,1496.7082431,1497.37856,58.4122134,58.1030654,58.2331304,67.4960577,67.0149571,67.2079858,49.6176261,49.4754949,49.5446051,749.6253326,770.446299,725.7475482,445.085433,457.6226787,430.763811,304.5398997,312.8236203,294.9837372,605.1801701,624.7118289,585.9891524,394.530339,406.9384139,382.9613884,210.6498311,217.773415,203.027764,144.4451625,145.7344701,139.7583959,50.555094,50.6842648,47.8024226,93.8900685,95.0502053,91.9559732,8.3224648,8.5751372,8.1013605,8.6616397,8.9416331,8.4389833,7.871954,8.0900589,7.6541813,8.8317055,9.133979,8.5991256,8.6104631,8.9154466,8.4167992,9.2782095,9.5724274,8.9654572,6.7031264,6.7934332,6.519125,9.0829349,9.1575916,8.6210199,5.8743776,5.9713963,5.7858161,9007.2514508,8984.6527006,8958.341643,5138.5817229,5117.8870264,5104.451501,3868.6697279,3866.7656742,3853.890142,63.7148602,63.5528057,63.3666948,73.8967258,73.5956062,73.4024023,53.8572435,53.8304065,53.6511623,5178.961357,1849.614499,3329.346858,14137.303,6954.066,7183.237
1995-11-01,8270.9065755,8288.0923903,8300.26211,4700.3355225,4705.9167548,4699.952098,3570.5710531,3582.1756355,3600.310012,6253.9916215,6252.7772999,6244.649625,4192.4594978,4186.9254014,4182.224924,2061.5321237,2065.8518985,2062.424701,2016.914954,2035.3150904,2055.612485,507.8760247,518.9913534,517.7271738,1509.0389293,1516.323737,1537.885311,58.4350084,58.5543206,58.6402981,67.5170765,67.5957404,67.5100641,49.6435069,49.8030587,50.0551813,750.9895136,765.2182784,719.9429847,445.9361538,442.7394648,419.216593,305.0533598,322.4788136,300.7263917,606.0397211,617.1880435,585.4024931,396.0973509,393.7889793,376.7007984,209.9423702,223.3990643,208.7016947,144.9497925,148.0302349,134.5404916,49.8388029,48.9504856,42.5157946,95.1109896,99.0797493,92.024697,8.3240763,8.4523586,7.9814481,8.6652276,8.5991266,8.1891537,7.8710764,8.258831,7.7088845,8.8343579,8.9838596,8.5709813,8.632286,8.5966718,8.2629291,9.242559,9.7586096,9.1893474,6.7048502,6.7799735,6.1429723,8.9362521,8.6189258,7.5888136,5.9290587,6.1334366,5.6459986,9021.8960891,9053.3106688,9020.205095,5146.2716763,5148.6562196,5119.168691,3875.6244128,3904.6544491,3901.036404,63.7408449,63.9604906,63.7266039,73.9226417,73.9552455,73.531687,53.8848224,54.286488,54.2361862,5134.330905,1842.685309,3291.645596,14154.536,6961.854,7192.682
1995-12-01,8281.9532615,8289.4858055,8395.661049,4705.7917557,4700.6531082,4757.46585,3576.1615058,3588.8326973,3638.195199,6259.3326946,6254.1585853,6360.14054,4196.2731921,4196.6656255,4257.639984,2063.0595025,2057.4929598,2102.500556,2022.6205669,2035.3272202,2035.520509,509.5185636,503.9874827,499.8258653,1513.1020033,1531.3397375,1535.694643,58.4399819,58.4929586,59.2421612,67.5156303,67.4447336,68.25988,49.6562922,49.8301572,50.5155447,753.0479051,735.0532618,736.0367399,447.7141221,440.3605189,440.0185728,305.333783,294.6927429,296.0181671,607.0631549,598.4894151,599.9495054,397.980309,394.4388787,391.4807837,209.0828459,204.0505364,208.4687218,145.9847502,136.5638467,136.0872345,49.7338131,45.9216402,48.5377892,96.2509371,90.6422065,87.5494453,8.3347848,8.1450505,8.0602398,8.687564,8.5656361,8.4659912,7.8663958,7.5882789,7.5242022,8.8410742,8.7336956,8.6198526,8.6625675,8.5913723,8.4205338,9.2020135,9.0226227,9.0208348,6.7317344,6.2877853,6.2666582,8.8929105,8.3507689,8.851387,5.9807227,5.588361,5.3934862,9035.0011666,9024.5390673,9131.697789,5153.5058778,5141.0136271,5197.484422,3881.4952888,3883.5254401,3934.213366,63.753717,63.6797025,64.4358448,73.9391404,73.7630041,74.5732442,53.8959619,53.9219014,54.6256922,5040.069211,1772.152578,3267.916634,14171.767,6969.637,7202.13
1996-01-01,8290.388338,8291.4969203,8166.718519,4710.3573922,4701.8670233,4666.625839,3580.0309458,3589.629897,3500.09268,6262.7243988,6284.4059654,6265.503622,4198.9995562,4210.4821624,4198.218311,2063.7248426,2073.923803,2067.285311,2027.6639392,2007.090955,1901.214897,511.357836,491.384861,468.4075283,1516.3061032,1515.706094,1432.807369,58.4255542,58.4330351,57.5536787,67.4993383,67.3782668,66.8732568,49.645121,49.7769637,48.5353619,755.5625173,765.4666436,817.7147073,449.4454332,457.1211919,497.2690978,306.1170842,308.3454517,320.4456095,607.6016093,611.5388446,663.8904462,399.1679798,403.9806581,438.9737544,208.4336295,207.5581865,224.9166918,147.9609081,153.9277989,153.8242611,50.2774534,53.1405337,58.2953434,97.6834547,100.7872652,95.5289177,8.3524942,8.4516918,9.1014612,8.7105157,8.8606752,9.6297292,7.8771339,7.9104002,8.3874466,8.8438541,8.8680937,9.5807864,8.681023,8.7546628,9.4663699,9.1733755,9.0975159,9.8122544,6.8008466,7.1229275,7.4852229,8.9519755,9.7590552,11.0679752,6.0522978,6.2349322,6.2505169,9045.9508554,9056.9635639,8984.433226,5159.8028254,5158.9882152,5163.894937,3886.14803,3897.9753487,3820.538289,63.7502938,63.8275422,63.3163959,73.9398834,73.9288633,73.9991771,53.8901177,54.0527528,52.9789424,5205.308774,1814.419063,3390.889711,14189.742,6978.314,7211.428
1996-02-01,8295.9776422,8292.8053308,8246.603478,4714.314994,4717.225335,4703.46696,3581.6626482,3575.5799958,3543.136518,6264.4828108,6255.1982625,6259.603563,4200.7392828,4199.5879177,4207.485273,2063.7435281,2055.6103447,2052.11829,2031.4948314,2037.6070683,1986.999915,513.5757112,517.6374173,495.9816874,1517.9191202,1519.9696511,1491.018227,58.3918146,58.3683255,58.043137,67.4738873,67.5143171,67.3174032,49.6043428,49.5183648,49.0690537,758.5516741,753.2775303,839.7218402,450.3934121,444.9595264,483.737971,308.158262,308.3180039,355.9838692,607.3647199,606.5125597,670.8624007,399.0452822,395.7904445,429.5426799,208.3194376,210.7221152,241.3197208,151.1869542,146.7649707,168.8594395,51.3481299,49.1690819,54.1952911,99.8388243,97.5958888,114.6641485,8.3775937,8.3271129,9.2416,8.7205971,8.6195969,9.3255998,7.9221709,7.9383651,9.1298507,8.8384487,8.8390866,9.6799033,8.6753037,8.6127934,9.2633188,9.1687352,9.2979348,10.522182,6.9266604,6.7188633,7.8325814,9.0893898,8.6747562,9.8505196,6.1714316,6.0335044,7.1411476,9054.5293163,9046.0828611,9086.325318,5164.7084061,5162.1848614,5187.204931,3889.8209102,3883.8979997,3899.120387,63.7309332,63.6702162,63.9534599,73.9201673,73.8827088,74.2408034,53.8721898,53.7882744,53.9990899,5121.389682,1799.795069,3321.594613,14207.715,6987,7220.715
1996-03-01,8299.5220269,8266.3025669,8280.439708,4717.7966671,4685.881793,4689.428625,3581.7253598,3580.420774,3591.011082,6265.0190297,6234.5652422,6220.238569,4201.393832,4170.3683965,4163.745587,2063.6251976,2064.1968457,2056.492983,2034.5029972,2031.7373248,2060.201138,516.402835,515.5133965,525.6830387,1518.1001622,1516.2239283,1534.5181,58.3460706,58.1082674,58.2076449,67.4436274,66.9825733,67.0332737,49.5443744,49.5216025,49.6680794,762.0096034,760.1450128,799.1970913,450.2534532,454.3119,466.9733824,311.7561502,305.8331128,332.223709,606.6017488,606.218006,620.5187444,397.4739721,399.7212733,404.397625,209.1277768,206.4967327,216.1211194,155.4078546,153.9270068,178.6783469,52.7794811,54.5906267,62.5757574,102.6283735,99.3363801,116.1025896,8.4092804,8.4213087,8.8020822,8.7122501,8.8384199,9.0561865,8.0071306,7.8696123,8.4681067,8.8276372,8.8618216,9.0709072,8.6428658,8.7464646,8.8525601,9.2015181,9.0939938,9.5098028,7.0965379,7.042573,7.9807041,9.2728603,9.5755554,10.6374538,6.3322371,6.1487262,7.0338746,9061.5316303,9026.4475797,9079.636799,5168.0501203,5140.193693,5156.402008,3893.4815101,3886.2538868,3923.234791,63.7030377,63.4517338,63.8256293,73.8802605,73.4767576,73.7084482,53.8567552,53.7516488,54.26314,5146.054201,1839.270992,3306.783209,14225.691,6995.673,7230.018
1996-04-01,8301.322715,8296.1838059,8248.036481,4720.5502253,4714.3616409,4695.627699,3580.7724897,3581.822165,3552.408782,6264.1405869,6262.1664884,6207.567788,4200.5380969,4196.5198625,4166.007515,2063.60249,2065.6466259,2041.560273,2037.1821281,2034.0173175,2040.468692,520.0121283,517.8417785,529.6201841,1517.1699998,1516.1755391,1510.848508,58.2910955,58.2562526,57.9181595,67.4063237,67.3188744,67.0513625,49.4729624,49.4876101,49.0812254,765.6210657,778.4585744,782.1743214,449.1002997,458.3314456,455.3725547,316.520766,320.1271288,326.8017666,606.0029477,615.3302856,612.5810908,394.9081086,403.0737548,398.3748275,211.0948392,212.2565308,214.2062633,159.618118,163.1282888,169.5932306,54.1921911,55.2576908,56.9977272,105.4259269,107.870598,112.5955034,8.4440919,8.578394,8.6617504,8.6872468,8.8605962,8.8404685,8.1215537,8.2042873,8.42444,8.8208193,8.9470094,8.9819314,8.593466,8.7632471,8.7279022,9.2801287,9.3180665,9.4959412,7.2659368,7.4245552,7.6736868,9.4377888,9.6419023,9.7163292,6.4973617,6.6420895,6.9355951,9066.9437807,9074.6423803,9030.210802,5169.6505249,5172.6930865,5151.000254,3897.2932558,3901.9492938,3879.210548,63.6672135,63.722631,63.41063,73.8191778,73.8636326,73.5538691,53.8461025,53.9105898,53.596424,5210.636198,1852.030746,3358.605452,14240.847,7003.031,7237.816
1996-05-01,8302.3389801,8301.5449542,8297.125431,4722.2806725,4722.166622,4715.790965,3580.0583076,3579.3783321,3581.334466,6262.3960458,6262.6080208,6230.55112,4197.9015475,4199.5574609,4185.802541,2064.4944983,2063.0505599,2044.748579,2039.9429343,2038.9369334,2066.574311,524.3791251,522.6091611,529.9884239,1515.5638093,1516.3277722,1536.585887,58.2331928,58.2319208,58.2009196,67.3579375,67.3594271,67.2684814,49.4065658,49.4007031,49.4277006,769.3409433,762.7180069,758.0569203,447.7186134,440.5996452,438.8813011,321.6223298,322.1183617,319.1756192,606.2388634,598.6977495,594.9906891,392.3914503,387.0559441,385.9107428,213.8474131,211.6418054,209.0799463,163.1020798,164.0202574,163.0662312,55.3271631,53.5437011,52.9705584,107.7749167,110.4765563,110.0956729,8.4806888,8.4145618,8.3715257,8.6599357,8.5341777,8.5142426,8.2431742,8.2562767,8.18292,8.8261914,8.7257115,8.7171203,8.5482877,8.4388177,8.4412718,9.3860984,9.3041947,9.2766572,7.4034838,7.4454582,7.3135659,9.5439991,9.2933151,9.0864984,6.6390899,6.7910169,6.6859116,9071.6799234,9064.262961,9055.182351,5169.9992859,5162.7662672,5154.672266,3901.6806374,3901.4966938,3900.510085,63.6294045,63.5820736,63.5183769,73.7441319,73.6443683,73.5289113,53.8451121,53.8464118,53.8327952,5200.821649,1855.729734,3345.091915,14256.004,7010.402,7245.602
1996-06-01,8302.587858,8305.3044155,8311.679073,4722.7089336,4726.6719914,4724.386722,3579.8789245,3578.6324241,3587.292351,6260.0277021,6256.1493419,6222.894242,4193.8630212,4196.0137908,4181.479343,2066.164681,2060.1355511,2041.414899,2042.5601559,2049.1550736,2088.784831,528.8459124,530.6582006,542.9073789,1513.7142435,1518.496873,1545.877452,58.1712244,58.1964214,58.2410895,67.2935285,67.3530494,67.3204853,49.3477115,49.3372757,49.4566669,772.7853728,747.2284236,723.8099243,447.1247645,436.8162165,424.3065247,325.6606083,310.4122071,299.5033996,607.6504859,582.6855188,568.7068171,391.0387348,380.5540655,373.2246722,216.6117511,202.1314534,195.4821449,165.1348869,164.5429048,155.1031072,56.0860297,56.262151,51.0818525,109.0488572,108.2807538,104.0212547,8.5151911,8.2543575,8.0107443,8.6487263,8.4597117,8.2410527,8.3384282,7.9817085,7.7056635,8.8479755,8.5202455,8.3736782,8.5288356,8.315272,8.1942684,9.4889604,8.934907,8.7389871,7.4799682,7.4329428,6.9122484,9.588471,9.5859942,8.5997944,6.7199493,6.6561497,6.3047055,9075.3732309,9052.5328391,9035.488998,5169.8336981,5163.4882078,5148.693247,3905.5395328,3889.0446313,3886.795751,63.5856653,63.4323548,63.3129262,73.664576,73.5774932,73.3666714,53.8368593,53.6168135,53.585809,5235.671002,1869.061753,3366.609249,14271.16,7017.755,7253.405
1996-07-01,8301.7252639,8307.4470901,8332.100772,4721.7414551,4725.3284231,4739.161023,3579.9838089,3582.1186669,3592.939749,6257.5739087,6269.4309257,6303.832948,4189.1902148,4194.1119252,4211.360894,2068.3836939,2075.3190006,2092.472054,2044.1513552,2038.0161643,2028.267825,532.5512403,531.216498,527.8001295,1511.600115,1506.7996664,1500.467695,58.1018116,58.1435226,58.3160729,67.2110171,67.2621636,67.4590622,49.2918686,49.3228884,49.471886,775.8209803,778.5425856,727.3223828,447.8645946,442.5226573,415.5190848,327.9563857,336.0199283,311.803298,609.8609007,609.2870787,574.5376214,391.253755,385.51183,365.7011908,218.6071457,223.7752487,208.8364306,165.9600796,169.2555069,152.7847614,56.6108396,57.0108274,49.817894,109.34924,112.2446796,102.9668674,8.5465935,8.5686052,8.028352,8.6634183,8.5629917,8.0610062,8.3920523,8.5760092,7.985245,8.880476,8.8575673,8.3528158,8.5418304,8.4179804,7.9898674,9.5587241,9.7331916,9.0746822,7.5091272,7.6680868,7.005093,9.6087039,9.6919719,8.6247125,6.7459998,6.9327736,6.4216445,9077.5462442,9085.9896757,9059.423155,5169.6060496,5167.8510805,5154.680108,3907.9401946,3918.1385952,3904.743047,63.5315992,63.5925141,63.406576,73.5860877,73.5612033,73.3737226,53.8074151,53.9496121,53.7651662,5228.405845,1870.559892,3357.845953,14287.829,7025.24,7262.589
1996-08-01,8301.0541706,8302.5931727,8265.864857,4720.3541055,4721.6727259,4694.153836,3580.7000651,3580.9204468,3571.711021,6255.3796503,6247.8991336,6208.363741,4184.8803352,4182.3626468,4150.268883,2070.4993151,2065.5364868,2058.094858,2045.6745203,2054.6940391,2057.501115,535.4737703,539.310079,543.8849527,1510.20075,1515.3839601,1513.616163,58.033568,58.0418394,57.7850788,67.1238042,67.1385278,66.7472305,49.2431279,49.2441718,49.1175254,778.1029477,793.3714633,763.6328692,449.4549811,465.7253208,452.1023163,328.6479666,327.6461425,311.5305529,611.8132073,627.6223548,608.929909,392.314103,405.9246658,398.8268017,219.4991043,221.6976889,210.1031073,166.2897405,165.7491085,154.7029602,57.1408782,59.800655,53.2755146,109.1488623,105.9484535,101.4274456,8.5702113,8.7222356,8.4570913,8.693841,8.978014,8.7850722,8.4067206,8.3827699,8.0224356,8.9092184,9.12836,8.9321355,8.5710605,8.8469757,8.7671667,9.5851203,9.6928286,9.2629969,7.5177408,7.464686,6.9931595,9.6421643,9.9815696,8.9214738,6.7402901,6.5346534,6.2801676,9079.1571183,9095.964636,9029.497726,5169.8090866,5187.3980467,5146.256152,3909.3480317,3908.5665893,3883.241574,63.4733699,63.5881474,63.12349,73.5150891,73.760781,73.1757751,53.7628177,53.7499024,53.4016373,5274.999274,1886.475848,3388.523426,14304.497,7032.732,7271.765
1996-09-01,8301.4656978,8295.6630784,8372.97349,4719.0470467,4717.6794322,4742.953745,3582.4186511,3577.9836462,3630.019745,6253.3154572,6250.5630682,6273.93482,4181.7105636,4176.1467946,4187.689082,2071.6048936,2074.4162736,2086.245738,2048.1502406,2045.1000102,2099.03867,537.3364831,541.5326376,555.2646628,1510.8137575,1503.5673726,1543.774007,57.9731391,57.9258915,58.4657247,67.0392622,67.0104169,67.3694159,49.2074917,49.1417278,49.8564163,779.4651112,778.243486,785.3668098,451.0801651,449.6179864,454.3192225,328.3849461,328.6254997,331.0475873,613.0552578,618.9808431,615.404057,393.513585,397.4465585,398.0953372,219.5416729,221.5342846,217.3087198,166.4098533,159.2626429,169.9627527,57.5665801,52.1714278,56.2238853,108.8432732,107.0912151,113.7388675,8.5835376,8.5767192,8.5754273,8.7247402,8.7012214,8.7414924,8.3968662,8.4120394,8.357535,8.928374,9.0105086,8.9327012,8.6009684,8.6900283,8.681074,9.582175,9.6489136,9.4336263,7.5143526,7.2248839,7.4906411,9.676632,8.7874466,9.1945933,6.7201433,6.6489085,6.8620202,9080.930809,9073.9065644,9158.3403,5170.1272117,5167.2974186,5197.272967,3910.8035973,3906.6091459,3961.067333,63.4165199,63.3601102,63.9496833,73.4473529,73.3968383,73.8226141,53.7181313,53.6552266,54.4031812,5162.8257,1842.945033,3319.880667,14321.166,7040.218,7280.948
1996-10-01,8304.731749,8301.7578728,8319.388073,4718.7149021,4708.1719329,4720.948753,3586.0168468,3593.5859399,3598.439321,6251.9263599,6251.530312,6264.611372,4180.4481308,4175.6069703,4184.212812,2071.4782291,2075.9233417,2080.39856,2052.8053891,2050.2275608,2054.776701,538.2667713,532.5649626,536.7359406,1514.5386178,1517.6625982,1518.040761,57.9321526,57.9093075,58.0322878,66.9686254,66.8162446,66.9975675,49.196889,49.2991679,49.3657498,780.5587205,797.0099582,751.8673334,452.5191448,462.4831141,435.5433349,328.0395757,334.526844,316.3239985,613.8123733,624.900877,586.8553239,394.6133311,401.2277428,377.8851348,219.1990422,223.6731342,208.9701891,166.7463472,172.1090812,165.0120095,57.9058137,61.2553713,57.6582002,108.8405334,110.8537099,107.3538094,8.5914559,8.7595373,8.2884595,8.7506994,8.9443815,8.4465045,8.381064,8.516223,8.0802841,8.9402233,9.0875755,8.565397,8.6253121,8.7664897,8.2831438,9.5691805,9.7266254,9.1278519,7.5126137,7.7445099,7.4336809,9.712928,10.3154722,9.7003312,6.7045664,6.8070371,6.6047845,9085.2904695,9098.7678309,9071.255407,5171.2340469,5170.655047,5156.492088,3914.0564225,3928.112784,3914.763319,63.3771745,63.4688884,63.2769742,73.3908369,73.3795956,73.1786013,53.6972935,53.8884265,53.7052898,5264.536593,1889.955912,3374.580681,14335.792,7046.448,7289.344
1996-11-01,8310.8499982,8300.7028678,8314.369852,4719.5075908,4720.2668367,4714.628083,3591.3424075,3580.4360312,3599.741769,6250.1545274,6246.7792555,6240.421392,4180.4311783,4181.8483158,4177.96355,2069.723349,2064.9309397,2062.457843,2060.6954709,2053.9236123,2073.94846,539.0764124,538.4185209,536.6645335,1521.6190584,1515.5050914,1537.283926,57.9095459,57.8429545,57.9381921,66.9120296,66.9285168,66.8485651,49.2089219,49.0624329,49.3269779,781.4857089,768.2357509,722.8594813,453.6015788,447.7816682,423.5947921,327.8841301,320.4540827,299.2646892,614.5037449,607.5807536,576.8213739,395.4348409,392.5788675,375.377088,219.0689039,215.0018861,201.4442859,166.9819641,160.6549973,146.0381074,58.1667379,55.2028007,48.2177042,108.8152262,105.4521966,97.8204033,8.594994,8.4710657,7.9986847,8.7684517,8.6644246,8.2439941,8.3660418,8.2148964,7.6754089,8.9517019,8.86415,8.4612122,8.6417487,8.5820334,8.2439931,9.5713756,9.4301851,8.8981005,7.4957874,7.2544274,6.5783329,9.7392055,9.2993292,8.2440021,6.6740026,6.5055506,5.9825175,9092.3357072,9068.9386187,9037.229334,5173.1091696,5168.0485049,5138.222875,3919.2265376,3900.8901138,3899.006458,63.3548953,63.1963597,62.9753954,73.3430823,73.2775992,72.8547025,53.701622,53.4535899,53.4277783,5313.183667,1914.476125,3398.707542,14350.413,7052.699,7297.714
1996-12-01,8318.6653897,8324.3104443,8431.382046,4720.8358685,4725.2951324,4782.642629,3597.8295212,3599.015312,3648.739417,6247.6861169,6258.7626347,6366.022148,4180.3848891,4185.1280701,4246.996342,2067.3012278,2073.6345646,2119.025806,2070.9792728,2065.5478096,2065.359898,540.4509794,540.1670622,535.646287,1530.5282934,1525.3807474,1529.713611,57.8963197,57.9484013,58.6937637,66.8593513,66.9406334,67.7530436,49.2355612,49.2603831,49.940966,782.7472764,786.3348154,786.889119,454.7809255,451.7064507,451.9669034,327.9663509,334.6283647,334.9222155,615.7832813,609.6027519,611.7425712,396.3874591,390.3584869,387.8030649,219.3958222,219.244265,223.9395064,166.9639951,176.7320635,175.1465478,58.3934664,61.3479638,64.1638386,108.5705287,115.3840997,110.9827092,8.6002833,8.6309454,8.5361898,8.7869899,8.7252523,8.6342047,8.3541366,8.5068296,8.4073962,8.9718952,8.8755143,8.7670278,8.6608516,8.5315186,8.3672028,9.594442,9.5619647,9.5579523,7.4606,7.8818022,7.8172749,9.7510241,10.1989079,10.6973584,6.623794,7.0323362,6.7643663,9101.4126661,9110.6452598,9218.271165,5175.616794,5177.0015831,5234.609532,3925.7958721,3933.6436767,3983.661633,63.344091,63.4223496,64.1715708,73.3002356,73.339708,74.1558078,53.7237136,53.8405029,54.5251079,5146.767835,1824.324468,3322.443367,14365.039,7058.934,7306.105
1997-01-01,8325.9936876,8333.2867301,8235.213736,4722.0583601,4729.7044589,4714.152346,3603.9353274,3603.5822712,3521.06139,6243.8635093,6242.3792484,6264.251398,4179.0276775,4183.9837173,4193.225431,2064.8358318,2058.3955311,2071.025967,2082.1301782,2090.9074817,1970.962338,543.0306827,545.7207416,520.9269147,1539.0994956,1545.1867401,1450.035424,57.8784324,57.9338182,57.2520052,66.8023913,66.9165388,66.6965053,49.2568574,49.2556164,48.1276786,784.2856269,780.9373159,833.1217712,456.1256801,449.1196553,488.3166496,328.1599468,331.8176606,344.8051217,617.7260724,615.6805638,667.8744156,397.5791114,390.2786873,424.0235823,220.146961,225.4018765,243.8508332,166.5595545,165.2567521,165.2473557,58.5465687,58.8409679,64.2930673,108.0129858,106.4157842,100.9542884,8.6087989,8.5683357,9.187152,8.8086031,8.6722323,9.3862481,8.3456764,8.4316122,8.9192195,9.0026672,8.9774744,9.634482,8.6872028,8.5320573,9.1834679,9.6345129,9.8696091,10.5340739,7.4069602,7.3246774,7.73554,9.732178,9.7328307,10.9861367,6.5577176,6.4431837,6.5090237,9110.2793145,9114.224046,9068.335507,5178.1840402,5178.8241141,5202.468995,3932.0952743,3935.3999318,3865.866512,63.330421,63.3629702,63.0439486,73.2551464,73.2707483,73.6052795,53.74199,53.7910709,52.8406524,5315.813493,1865.596005,3450.217488,14384.149,7068.065,7316.084
1997-02-01,8331.4848746,8334.8781963,8291.38755,4722.8765529,4717.2553242,4704.049857,3608.6083217,3617.6228721,3587.337693,6239.2577905,6238.7205915,6245.975424,4176.2863416,4174.806947,4183.964435,2062.9714489,2063.9136445,2062.01099,2092.2270841,2096.1576048,2045.412126,546.5902113,542.4483772,520.0854222,1545.6368728,1553.7092276,1525.326704,57.8491016,57.8679939,57.5660439,66.7398543,66.6544677,66.4678754,49.2605591,49.3800421,48.9666537,785.0662472,794.5400375,886.8586258,457.1345971,462.0261705,502.6202277,327.9316501,332.513867,384.2383981,619.4379513,630.3859235,697.6675667,398.6463197,406.7884983,441.7969404,220.7916316,223.5974252,255.8706263,165.6282959,164.154114,189.1910591,58.4882774,55.2376723,60.8232874,107.1400185,108.9164417,128.3677718,8.6114391,8.7030741,9.6626154,8.8249732,8.9206615,9.6533911,8.330454,8.4177812,9.6747082,9.0314248,9.1771167,10.0475725,8.713709,8.878752,9.550794,9.6678869,9.7747035,11.038986,7.3356468,7.2624547,8.4664275,9.6662298,9.241921,10.4703693,6.4824248,6.5508697,7.7624842,9116.5511218,9129.4182338,9178.246176,5180.01115,5179.2814947,5206.670085,3936.5399718,3950.1367391,3971.576091,63.3001559,63.3843838,63.72339,73.1997091,73.1828632,73.569862,53.7371038,53.9188095,54.2114537,5225.014824,1870.507915,3354.506909,14403.261,7077.178,7326.083
1997-03-01,8333.4760466,8338.0228696,8347.487502,4722.8313605,4725.7346604,4727.658506,3610.6446862,3612.2882092,3619.828996,6233.8163349,6234.8114243,6218.296766,4172.3786955,4176.1870026,4168.241442,2061.4376394,2058.6244217,2050.055324,2099.6597118,2103.2114453,2129.190737,550.452665,549.5476578,559.4170641,1549.2070468,1553.6637875,1569.773672,57.7996361,57.8131215,57.8787462,66.6690162,66.6882105,66.7153592,49.2324474,49.2401739,49.3429646,784.8351726,783.7957132,823.7247357,457.4535856,464.0054946,477.0590438,327.381587,319.7902186,346.6656919,620.4351399,621.6525784,636.8033747,399.3921806,404.6992924,409.4074852,221.0429593,216.953286,227.3958895,164.4000327,162.1431348,186.9213611,58.061405,59.3062022,67.6515586,106.3386276,102.8369326,119.2698025,8.6072427,8.5925378,8.9816342,8.8306645,8.9408233,9.1658969,8.3133419,8.1328545,8.7398501,9.0518293,9.0666644,9.2894832,8.7360498,8.8345195,8.9436191,9.6843303,9.5339871,9.9846657,7.2612939,7.1575168,8.0704799,9.5415058,9.7406301,10.7885415,6.4231769,6.2080826,7.0613814,9118.3112192,9121.8185828,9171.212238,5180.2849461,5189.740155,5204.71755,3938.0262732,3932.0784278,3966.494688,63.2431253,63.2477044,63.5901839,73.1265791,73.2361228,73.4474795,53.6964138,53.5993294,54.0684677,5251.158762,1881.59445,3369.564312,14422.371,7086.312,7336.059
1997-04-01,8333.3208179,8330.9260355,8343.062501,4722.3051728,4719.8223302,4726.92543,3611.015645,3611.1037053,3616.137071,6229.4908871,6226.5667497,6208.410048,4168.7882513,4163.9259367,4158.478174,2060.7026358,2062.640813,2049.931874,2103.8299307,2104.3592858,2134.652452,553.5169215,555.8963935,568.4472551,1550.3130092,1548.4628923,1566.205197,57.7409847,57.7198032,57.8038892,66.5974447,66.5566701,66.6568346,49.1868465,49.1844711,49.2530273,783.2073441,780.7303897,785.1125851,456.6528927,455.9544422,453.4847408,326.5544514,324.7759475,331.6278443,619.9658844,617.8411659,615.5348998,399.2484055,395.7786682,391.1780074,220.7174789,222.0624978,224.3568924,163.2414597,162.8892238,169.5776853,57.4044871,60.175774,62.3067334,105.8369726,102.7134498,107.2709519,8.5910703,8.5684792,8.6009808,8.8174665,8.8093916,8.7538385,8.2932987,8.2516737,8.4003949,9.0513147,9.0269483,9.0202208,8.7400438,8.679919,8.5979685,9.6745653,9.7195332,9.8649255,7.2005434,7.1844451,7.3594075,9.3963784,9.7676502,9.8781355,6.3905427,6.2206227,6.4100676,9116.528162,9111.6564252,9128.175086,5178.9580655,5175.7767723,5180.41017,3937.5700965,3935.8796529,3947.764915,63.1677724,63.1289983,63.2434459,73.037502,72.9863209,73.0516588,53.6349534,53.6080309,53.7699123,5305.217914,1911.02383,3394.194085,14433.393,7091.434,7341.959
1997-05-01,8332.8995748,8334.9049006,8330.18644,4721.8914289,4724.2377734,4718.255854,3611.0081459,3610.6671271,3611.930586,6227.1288517,6235.5391115,6202.974808,4166.8248296,4167.4924502,4153.927969,2060.3040221,2068.0466613,2049.046839,2105.7707231,2099.3657891,2127.211632,555.0665993,556.7453232,564.3278853,1550.7041237,1542.6204659,1562.883747,57.685647,57.7033014,57.6706351,66.5332215,66.5709362,66.4866428,49.1406133,49.1389698,49.1561647,779.4454064,779.0342296,774.9469481,454.2983523,451.7434656,449.7292176,325.1470541,327.290764,325.2177304,617.507573,612.8858709,609.0268716,397.5919556,396.8729622,395.3646484,219.9156174,216.0129086,213.6622232,161.9378334,166.1483588,165.9200765,56.7063967,54.8705034,54.3645692,105.2314367,111.2778554,111.5555073,8.5537302,8.5477225,8.5110993,8.7766943,8.7276875,8.7022159,8.2605242,8.3111799,8.2602357,9.0217732,8.9492967,8.940498,8.7106847,8.6950304,8.6906841,9.6444927,9.4574113,9.4427616,7.1410338,7.3338036,7.2355232,9.2691892,8.9714002,8.7870102,6.3548026,6.7282162,6.6622606,9112.3449812,9113.9391302,9105.133388,5176.1897812,5175.9812391,5167.985072,3936.1551999,3937.9578911,3937.148317,63.0814653,63.0966259,63.035663,72.9344557,72.9366161,72.8239392,53.5653958,53.5931968,53.582179,5339.282612,1928.561929,3410.720683,14444.416,7096.547,7347.869
1997-06-01,8335.9111535,8336.1728285,8345.585772,4723.3011546,4732.74352,4731.940121,3612.6099989,3603.4293085,3613.645651,6228.2779932,6220.8172937,6187.27372,4167.7608921,4170.7232661,4155.807409,2060.5171011,2050.0940276,2031.466311,2107.6331603,2115.3555349,2158.312052,555.5402625,562.0202539,576.1327123,1552.0928978,1553.3352809,1582.17934,57.6567708,57.668075,57.733192,66.4978431,66.6426468,66.631334,49.1185484,49.0011552,49.1400819,773.329918,757.6194001,735.2092682,450.4543976,439.1222734,427.5022884,322.8755204,318.4971267,307.7069798,613.3503465,601.0750545,587.2598261,394.5417987,383.4923869,376.8565157,218.8085477,217.5826676,210.4033104,159.9795715,156.5443457,147.9494421,55.9125988,55.6298866,50.6457727,104.0669727,100.9144591,97.3036694,8.4895098,8.3311712,8.0963095,8.7065265,8.4905968,8.2858234,8.2042106,8.1209358,7.8469602,8.9649761,8.8109724,8.6686385,8.6478655,8.4206023,8.3142391,9.5997054,9.5949598,9.3851716,7.0549777,6.8904597,6.41512,9.1442207,9.0066986,8.0803304,6.2836309,6.1003159,5.793668,9109.2410714,9093.7922287,9080.795041,5173.7555522,5171.8657934,5159.442409,3935.4855193,3921.9264352,3921.352631,63.0056409,62.9091435,62.8192314,72.8396462,72.8260097,72.6510737,53.5084983,53.3322314,53.3244286,5374.642959,1942.231591,3432.411369,14455.438,7101.674,7353.764
1997-07-01,8345.115962,8347.0339725,8374.861974,4727.4427284,4724.8826651,4739.65225,3617.6732336,3622.1513074,3635.209724,6233.4007241,6240.899362,6276.483557,4171.5407981,4174.1931507,4192.034897,2061.8599259,2066.7062114,2084.44866,2111.7152379,2106.1346104,2098.378417,555.9019302,550.6895144,547.617353,1555.8133076,1555.445096,1550.761064,57.6709658,57.6869299,57.8792511,66.5015876,66.4689851,66.6767615,49.1434613,49.2063974,49.3837941,765.813881,784.3694951,731.4210942,446.0912713,464.1377748,435.7254792,319.7226097,320.2317203,295.695615,608.4557848,625.5733346,588.2103264,390.7365055,408.6272065,386.9764213,217.7192793,216.9461281,201.2339051,157.3580962,158.7961605,143.2107678,55.3547657,55.5105683,48.7490579,102.0033304,103.2855922,94.4617099,8.4054415,8.5898022,8.0320487,8.6225638,8.9446126,8.4192015,8.1201541,8.1227957,7.5223286,8.8931386,9.1105486,8.5686316,8.5645058,8.9165006,8.4510912,9.5508539,9.499963,8.8041055,6.9349057,7.0110823,6.3888053,9.0558952,9.1571364,8.1743467,6.1528717,6.2267849,5.7415756,9110.9298429,9131.4034676,9106.283069,5173.5339997,5189.0204399,5175.377729,3937.3958433,3942.3830277,3930.905339,62.96331,63.1077618,62.934153,72.776815,72.99841,72.8064863,53.4866606,53.5566986,53.4007759,5363.257931,1933.024271,3430.233661,14469.541,7108.402,7361.139
1997-08-01,8360.3617824,8333.6397905,8250.306053,4734.8675021,4721.4131384,4681.442159,3625.4942803,3612.2266521,3568.863894,6241.9635538,6222.4925829,6143.809838,4177.8956234,4165.7502323,4120.813922,2064.0679303,2056.7423506,2022.995916,2118.3982287,2111.1472076,2106.496214,556.9718787,555.6629061,560.6282364,1561.42635,1555.4843015,1545.867978,57.7253691,57.538281,56.9629166,66.5504565,66.3575752,65.795799,49.2040185,49.0223112,48.4338259,757.2793542,770.7092971,743.4329501,441.6449642,445.3838592,432.9222825,315.63439,325.3254378,310.5106676,603.1292679,611.9963147,594.3901812,386.6133137,391.7635835,384.9877404,216.5159542,220.2327312,209.4024407,154.1500863,158.7129824,149.042769,55.0316505,53.6202758,47.9345421,99.1184358,105.0927066,101.1082269,8.3056499,8.4652872,8.2661166,8.5317087,8.6201153,8.4648305,8.0087309,8.262124,8.0041425,8.8111189,8.9545294,8.8212012,8.469987,8.5959933,8.5442674,9.4938825,9.6721626,9.3801557,6.7831379,6.992192,6.607856,8.9920479,8.8005508,7.8766799,5.9690312,6.3286861,6.1390217,9117.6411367,9104.3490875,8993.739003,5176.5124663,5166.7969977,5114.364441,3941.1286703,3937.5520899,3879.374561,62.9541177,62.8595199,62.0958303,72.7579531,72.6172673,71.8803487,53.4877049,53.4373733,52.6478335,5489.904997,2000.743559,3489.161439,14483.644,7115.108,7368.536
1997-09-01,8379.8529607,8395.8772461,8473.995632,4745.4655481,4746.1263446,4771.152912,3634.3874126,3649.7509015,3702.842719,6252.9797865,6266.2729895,6290.69097,4186.033515,4191.8642582,4204.336035,2066.9462716,2074.4087313,2086.354935,2126.8731742,2129.6042567,2183.304662,559.4320332,554.2620864,566.8168775,1567.441141,1575.3421702,1616.487784,57.8067037,57.9116,58.4504312,66.6419738,66.6418652,66.9932712,49.2764809,49.4820557,50.2018561,748.1840928,736.8427121,744.6723833,437.2263377,436.6784635,442.768659,310.957755,300.1642486,301.9037243,596.9956083,590.5872584,588.4290927,382.1240082,379.4001548,380.8074068,214.8716001,211.1871037,207.621686,151.1884845,146.2554537,156.2432906,55.1023296,57.2783088,61.9612523,96.0861549,88.9771449,94.2820383,8.1965497,8.0681628,8.077874,8.4362788,8.425524,8.4920468,7.8816363,7.5992581,7.5386477,8.7152957,8.6130858,8.5538425,8.3649481,8.2996764,8.3052452,9.416685,9.2399146,9.0507324,6.6367161,6.4263827,6.6783538,8.9665172,9.3662347,9.8542315,5.7760492,5.3461583,5.5110885,9128.0370534,9132.7199582,9218.668015,5182.6918858,5182.8048082,5213.921571,3945.3451676,3949.91515,4004.746444,62.9678988,62.9940635,63.5869009,72.7820724,72.773406,73.2103263,53.4925707,53.5515783,54.294962,5279.078985,1907.917429,3371.161556,14497.747,7121.839,7375.908
1997-10-01,8400.1292508,8388.9354832,8405.240341,4758.0424481,4754.8770511,4766.431632,3642.0868027,3634.0584321,3638.808709,6264.3335613,6256.7648207,6267.198149,4194.6930009,4193.9177174,4200.815815,2069.6405604,2062.8471033,2066.382334,2135.7956895,2132.1706624,2138.042192,563.3494472,560.9593337,565.6158171,1572.4462423,1571.2113287,1572.426375,57.8900194,57.8100543,57.9224147,66.7577759,66.7090883,66.8711946,49.3295067,49.219142,49.283479,739.189856,732.7735292,692.0659114,432.9662456,428.3116747,403.4458891,306.2236104,304.4618545,288.6200223,590.5395317,589.313723,554.4933171,377.5158393,375.5921724,354.031214,213.0236923,213.7215506,200.462103,148.6503243,143.4598062,137.5725944,55.4504062,52.7195023,49.4146751,93.1999181,90.7403039,88.1579193,8.0880189,8.0332921,7.6073718,8.3406958,8.2634783,7.8037804,7.755814,7.7303615,7.348829,8.6148864,8.6080479,8.1283846,8.2567497,8.2195286,7.7726258,9.3322394,9.3878808,8.8432228,6.5070623,6.3041785,6.0455133,8.9609598,8.5907317,8.0345082,5.5954212,5.4598643,5.3088494,9139.3191068,9121.7090124,9097.306253,5191.0086937,5183.1887258,5169.877521,3948.3104131,3938.5202866,3927.428732,62.9841928,62.8597626,62.6915977,72.8325144,72.7181356,72.5313845,53.4770903,53.3427276,53.1925053,5413.898747,1957.902479,3455.996268,14511.205,7127.78,7383.425
1997-11-01,8418.5088431,8447.2568038,8462.084729,4770.7315391,4789.4951955,4783.912643,3647.7773039,3657.7616083,3678.172086,6274.9717117,6288.8420523,6283.811929,4202.9900747,4211.3061266,4207.537767,2071.981637,2077.5359258,2076.274162,2143.5371314,2158.4147515,2178.272799,567.7414645,578.1890689,576.3748761,1575.7956669,1580.2256825,1601.897923,57.9557263,58.1580187,58.2601066,66.8697034,67.1390144,67.0607583,49.351673,49.4896351,49.7657895,731.5478621,733.2803958,690.7709965,429.2123386,430.7844443,408.2572623,302.3355235,302.4959515,282.5137342,584.8921782,585.1207974,556.4788128,373.6528717,374.5125255,358.7800077,211.2393066,210.6082718,197.6988051,146.6556839,148.1595985,134.2921836,55.5594669,56.2719188,49.4772546,91.096217,91.8876797,84.8149291,7.9950091,7.9873365,7.5470544,8.2541725,8.2521335,7.8629411,7.6538453,7.6382899,7.1329499,8.5262942,8.5121321,8.1353094,8.164344,8.1667539,7.8570968,9.2518119,9.2043269,8.6939822,6.4036392,6.4233611,5.8070664,8.9137468,8.8692481,7.9055822,5.4650345,5.495302,5.0284154,9150.0567052,9180.5371996,9152.855725,5199.9438777,5220.2796399,5192.169906,3950.1128274,3960.2575598,3960.68582,62.9919374,63.2065375,63.015955,72.8858251,73.1777391,72.7836976,53.4420443,53.5824153,53.5882097,5371.808275,1941.529094,3430.27918,14524.664,7133.699,7390.965
1997-12-01,8433.5876641,8432.7882102,8540.480651,4781.7745794,4781.5891431,4839.900082,3651.8130847,3651.1990671,3700.580568,6283.8053401,6270.774075,6379.363123,4210.1164964,4197.62321,4260.603091,2073.6888437,2073.150865,2118.760032,2149.782324,2162.0141352,2161.117528,571.658083,583.9659331,579.2969916,1578.124241,1578.0482021,1581.820536,57.9935422,58.0046598,58.7454188,66.9516444,66.9724124,67.7891334,49.3477533,49.3506515,50.018106,725.6142245,724.4005434,720.4636632,426.2369326,424.4998724,421.3177116,299.3772919,299.9006711,299.1459515,580.8761648,578.2672379,575.7409155,371.0998727,367.143513,361.7075377,209.776292,211.1237249,214.0333778,144.7380597,146.1333055,144.7227477,55.1370599,57.3563594,59.6101739,89.6009999,88.7769461,85.1125737,7.9222429,7.9107307,7.7795918,8.1842548,8.1539111,8.0079884,7.5768886,7.5903088,7.4791601,8.4618079,8.4430391,8.2779627,8.100466,8.0429852,7.8252538,9.1867526,9.2424845,9.1749821,6.3079875,6.3311946,6.2763561,8.7966635,8.9434532,9.3300212,5.3726476,5.3261103,5.1059382,9159.2018886,9157.1887536,9260.944314,5208.0115119,5206.0890155,5261.217794,3951.1903766,3951.0997381,3999.72652,62.9832264,62.9874254,63.7011047,72.9195676,72.9180885,73.6902392,53.3933045,53.4041948,54.0614483,5277.177686,1878.422206,3398.75548,14538.122,7139.64,7398.482
1998-01-01,8445.2131313,8439.0628319,8334.725487,4789.6094105,4791.9428865,4771.510097,3655.6037208,3647.1199454,3563.21539,6289.5131811,6292.0431581,6306.12598,4214.8815783,4222.8996564,4228.518805,2074.6316028,2069.1435017,2077.607175,2155.6999502,2147.0196738,2028.599507,574.7278322,569.0432301,542.9912921,1580.972118,1577.9764436,1485.608215,58.0039615,57.9660466,57.2493766,66.9831909,67.0217644,66.7359843,49.3384065,49.2268646,48.094366,721.5836962,720.5114024,770.0699041,424.3926964,414.693579,451.1575585,297.1909998,305.8178234,318.9123456,578.9471874,579.7849888,630.3207797,370.1640152,367.5779256,400.0912181,208.7831723,212.2070632,230.2295616,142.6365088,140.7264136,139.7491244,54.2286812,47.1156534,51.0663404,88.4078275,93.6107602,88.6827841,7.8717104,7.8662106,8.4578496,8.1394807,7.9647116,8.6384505,7.5185033,7.7364695,8.2148854,8.4290679,8.4371288,9.0870845,8.0732897,8.0074005,8.643874,9.1434624,9.3018174,9.97599,6.2060761,6.1513126,6.4449564,8.622008,7.6466727,8.596193,5.2958482,5.6001123,5.6331888,9166.7968274,9159.5742342,9104.795391,5214.0021068,5206.6364655,5222.667655,3952.7947206,3952.9377688,3882.127736,62.9599895,62.9150793,62.5388156,72.9183674,72.8218117,73.0460294,53.3494896,53.3546292,52.3988735,5453.835609,1927.163345,3526.672264,14558.631,7149.831,7408.8
1998-02-01,8454.8528824,8453.2416275,8412.996584,4794.0055991,4793.3545916,4781.529814,3660.8472832,3659.887036,3631.46677,6292.8837227,6289.2736866,6301.092896,4217.2030743,4213.4103396,4225.081788,2075.6806484,2075.863347,2076.011108,2161.9691596,2163.967941,2111.903688,576.8025248,579.944252,556.448026,1585.1666349,1584.023689,1555.455662,58.000332,57.9817656,57.7057202,66.9651329,66.9461155,66.7809654,49.3491755,49.3304803,48.9474124,719.7587826,712.4246239,794.682036,423.749222,418.5279278,455.3306367,296.0095606,293.896696,339.3513993,579.2490174,572.4298317,634.054726,370.9066656,364.0552227,395.5378063,208.3423518,208.374609,238.5169197,140.5097652,139.9947922,160.62731,52.8425564,54.4727052,59.7928304,87.6672088,85.5220871,100.8344796,7.8451144,7.7727533,8.6306448,8.1212942,8.030264,8.6947254,7.4809267,7.4333023,8.5461329,8.4289556,8.3423866,9.1426277,8.0840844,7.9532051,8.5602764,9.1217274,9.1222812,10.3052077,6.1025429,6.0762611,7.0682121,8.3924354,8.5862625,9.7028345,5.2406406,5.1224763,6.087972,9174.6116649,9165.6662514,9207.67862,5217.7548211,5211.8825194,5236.860451,3956.8568438,3953.783732,3970.818169,62.9378808,62.8683688,63.1565366,72.8842797,72.7914621,73.140315,53.3394615,53.2918225,53.5214244,5371.45938,1923.158549,3448.300831,14579.138,7160.019,7419.119
1998-03-01,8464.9809526,8456.3032215,8459.959189,4796.1746034,4791.6217707,4791.462444,3668.8063492,3664.6814508,3668.496745,6295.5819907,6295.3046949,6275.943585,4217.8956552,4216.7926354,4207.484337,2077.6863355,2078.5120594,2068.459249,2169.3989619,2160.9985266,2184.015603,578.2789482,574.8291352,583.9781068,1591.1200137,1586.1693914,1600.037497,58.0032909,57.9212855,57.946327,66.9193042,66.8267423,66.8245203,49.3996446,49.3265426,49.3778964,718.9053048,723.726628,757.876651,423.7024383,426.7560746,437.6005605,295.2028665,296.9705534,320.2760904,580.6227563,590.3762792,604.8155125,372.4674135,376.641807,380.6784934,208.1553428,213.7344722,224.1370191,138.2825485,133.3503488,153.0611385,51.2350248,50.1142675,56.9220672,87.0475237,83.2360812,96.1390713,7.8278986,7.8837067,8.2218502,8.1170961,8.1779451,8.3686228,7.4470782,7.4961292,8.0294392,8.4439422,8.5739708,8.7899533,8.1141166,8.1995686,8.29697,9.1062887,9.3242358,9.7765587,5.9922718,5.8121217,6.549256,8.1388225,8.019009,8.8815809,5.187058,4.9859715,5.6679872,9183.8862575,9180.0298495,9217.83584,5219.8770417,5218.3778452,5229.063004,3964.0092157,3961.6520042,3988.772836,62.9293355,62.8784371,63.1373885,72.8310724,72.7785306,72.927552,53.3744841,53.3237607,53.6888065,5381.81116,1941.152996,3440.658164,14599.647,7170.216,7429.431
1998-04-01,8477.453206,8488.6765484,8499.940711,4797.5223879,4804.0664028,4810.718745,3679.930818,3684.6101456,3689.221966,6299.5824428,6313.1932842,6292.742611,4217.9486941,4225.7948574,4218.929984,2081.6337487,2087.3984268,2073.812628,2177.8707632,2175.4832642,2207.198099,579.5736939,578.2715454,591.7887615,1598.2970693,1597.2117188,1615.409338,58.0277114,58.097653,58.1747465,66.8685594,66.9504132,67.0431216,49.4970551,49.5543689,49.6163934,718.7113985,698.5932637,702.9068089,424.0037011,401.7039512,400.0853028,294.7076974,296.8893125,302.8215061,582.4932683,558.0219726,556.0290398,374.2873369,353.553831,349.9364731,208.2059314,204.4681417,206.0925667,136.2181302,140.5712911,146.8777691,49.7163642,48.1501203,50.1488297,86.501766,92.4211708,96.7289394,7.8153386,7.6039267,7.6379274,8.1203023,7.7165131,7.6779955,7.4147044,7.4567212,7.5856265,8.4639183,8.121154,8.1186681,8.1504377,7.7206139,7.659153,9.0925986,8.921468,9.0395235,5.8864692,6.0694292,6.2392963,7.9003893,7.686535,7.8121036,5.1342489,5.4698965,5.6495986,9196.1646044,9187.2698122,9202.84752,5221.526089,5205.7703541,5210.804048,3974.6385154,3981.4994581,3992.043472,62.9472523,62.87892,62.9855359,72.7783841,72.5486384,72.618789,53.4610326,53.5472371,53.6890437,5408.20148,1964.754952,3443.446528,14611.049,7175.559,7435.49
1998-05-01,8492.2940335,8486.6814207,8482.540018,4799.3200083,4800.9559603,4795.107887,3692.9740252,3685.7254604,3687.432132,6305.7206471,6281.0864935,6248.342957,4218.3111804,4210.7558693,4196.929084,2087.4094667,2070.3306242,2051.413873,2186.5733865,2205.5949271,2234.197061,581.0088279,590.2000909,598.1788021,1605.5645586,1615.3948362,1636.018259,58.0734819,58.0386946,58.0103724,66.8307963,66.8572363,66.7757971,49.623928,49.5290221,49.5519565,718.4747937,714.4858765,711.1953804,423.8744096,421.7543554,419.1892049,294.6003841,292.7315211,292.0061754,583.5731198,584.2225448,580.1696427,375.3876576,372.1561306,369.698617,208.1854622,212.0664142,210.4710256,134.9016739,130.2633317,131.0257377,48.486752,49.5982248,49.4905879,86.4149219,80.6651069,81.5351498,7.8003781,7.7651656,7.735652,8.1152332,8.0753925,8.0392275,7.3879595,7.357916,7.3378742,8.4707249,8.5097778,8.4962814,8.1717951,8.1205166,8.0956592,9.0689111,9.2913902,9.3051165,5.8110327,5.5766796,5.5396785,7.702477,7.7521656,7.641335,5.1073268,4.7560292,4.7471682,9210.7688272,9201.1672972,9193.735399,5223.1944179,5222.7103157,5214.297091,3987.5744093,3978.4569815,3979.438307,62.9866812,62.9249187,62.8740935,72.7332709,72.7305104,72.6133494,53.582588,53.4627676,53.4759548,5428.718601,1966.609909,3462.108693,14622.454,7180.907,7441.547
1998-06-01,8508.9175339,8506.6417577,8516.778015,4802.7184645,4801.9691912,4801.824827,3706.1990694,3704.6725666,3714.953187,6313.9619262,6303.8617906,6268.879289,4219.959981,4216.9714888,4200.935311,2094.0019451,2086.8903018,2067.943978,2194.9556077,2202.7799671,2247.898726,582.7584834,584.9977023,600.8895162,1612.1971242,1617.7822648,1647.009209,58.1340586,58.129872,58.1991378,66.8191712,66.821525,66.8195161,49.7546629,49.7432066,49.8812461,717.4734786,722.8880825,702.7840789,422.9872647,430.2023729,419.9072739,294.4862139,292.6857096,282.8768051,582.6659641,583.8146132,571.2442311,375.0467387,381.7980245,375.8015885,207.6192253,202.0165887,195.4426425,134.8075145,139.0734693,131.5398479,47.940526,48.4043484,44.1056853,86.8669885,90.6691209,87.4341626,7.7763177,7.8323392,7.622749,8.0943568,8.2222528,8.0415323,7.3608943,7.3219784,7.0757587,8.4485632,8.4762201,8.351373,8.1620498,8.3021779,8.211125,9.0205646,8.8258981,8.634965,5.7863185,5.9386069,5.5281884,7.6011735,7.6419627,6.8381416,5.1126375,5.307094,5.0410503,9226.3910124,9229.5298402,9219.562093,5225.7057292,5232.171564,5221.732101,4000.6852832,3997.3582762,3997.829992,63.0359331,63.0697052,63.0015909,72.7041004,72.8079813,72.6627115,53.7080561,53.6731425,53.6794763,5414.293906,1964.528899,3449.765008,14633.856,7186.261,7447.595
1998-07-01,8525.4777592,8518.9167708,8541.872332,4807.7703781,4796.2425006,4811.028952,3717.7073811,3722.6742702,3730.843379,6322.6544416,6329.8329305,6365.220982,4222.5538534,4216.8522168,4234.750438,2100.1005882,2112.9807137,2130.470544,2202.8233176,2189.0838403,2176.65135,585.2165247,579.3902837,576.2785139,1617.6067929,1609.6935565,1600.372836,58.1938055,58.1525717,58.3092729,66.8308202,66.6745418,66.8800944,49.8612904,49.9303257,50.0398938,714.614995,738.2630231,686.71768,420.8912814,439.9721459,412.6331136,293.7237136,298.2908772,274.0845664,578.9146964,602.7918184,564.628546,372.8550421,393.6248868,371.8021869,206.0596543,209.1669316,192.8263592,135.7002986,135.4712047,122.0891339,48.0362393,46.3472591,40.8309268,87.6640593,89.1239456,81.2582072,7.7338509,7.9750317,7.4411983,8.0496943,8.4024849,7.8993072,7.3221677,7.41839,6.8436828,8.3881605,8.6950014,8.147775,8.1136423,8.5376172,8.071159,8.9351837,9.0074777,8.2996865,5.8028193,5.8278338,5.3111317,7.5856344,7.4068209,6.6164807,5.1407704,5.2462342,4.8321068,9240.0927542,9257.1797939,9228.590012,5228.6616596,5236.2146464,5223.662066,4011.4310947,4020.9651475,4004.927946,63.0716748,63.192167,62.997005,72.6814552,72.7907758,72.6162772,53.8006653,53.9311487,53.7160499,5420.661988,1969.851934,3450.810054,14649.252,7193.514,7455.738
1998-08-01,8541.5906075,8531.177687,8455.233464,4814.5040114,4797.1415919,4757.034443,3727.086596,3734.0360951,3698.199022,6331.0837954,6336.6573306,6257.023574,4225.4341701,4223.9017261,4178.624438,2105.6496254,2112.7556045,2078.399137,2210.506812,2194.5203564,2198.20989,589.0698414,573.2398658,578.4100051,1621.4369707,1621.2804906,1619.799885,58.2478821,58.1751355,57.6572627,66.8634154,66.6196014,66.0626192,49.9365952,50.0282843,49.5481423,709.2967732,717.2685121,690.2203426,417.4080756,430.8255623,416.6618931,291.8886976,286.4429498,273.5584495,572.4004511,574.3889255,556.2040241,368.8869181,371.969599,363.9810521,203.513533,202.4193265,192.222972,136.8963221,142.8795865,134.0163185,48.5211575,58.8559633,52.680841,88.3751646,84.0236233,81.3354775,7.6673377,7.755557,7.5471415,7.9781172,8.2407856,8.0534663,7.2627642,7.1245975,6.887592,8.2914718,8.3111718,8.1635908,8.0291932,8.0935599,8.0126054,8.8133024,8.7431547,8.4656523,5.8318199,6.1127573,5.746283,7.6100757,9.3112406,8.3475844,5.1687061,4.9271929,4.7812466,9250.8873807,9248.4461991,9145.453807,5231.912087,5227.9671542,5173.696336,4018.9752937,4020.4790449,3971.757471,63.0848073,63.0662765,62.3639589,72.6603426,72.6026283,71.8489503,53.8474053,53.8660215,53.2132542,5519.192193,2027.099664,3492.092529,14664.646,7200.796,7463.85
1998-09-01,8556.3163786,8575.0110574,8653.182243,4822.0869116,4842.0152557,4867.28625,3734.229467,3732.9958017,3785.895993,6338.4643394,6356.9975918,6381.366214,4227.8064084,4247.4494488,4260.574268,2110.657931,2109.5481431,2120.791946,2217.8520391,2218.0134655,2271.81603,594.2805032,594.5658069,606.7119823,1623.571536,1623.4476586,1665.104047,58.2893198,58.4127147,58.9452145,66.9046239,67.175125,67.5257192,49.9788728,49.959834,50.6678136,701.7136355,708.722619,716.0703934,412.8595254,413.5219506,418.9755448,288.85411,295.2006685,297.0948486,563.9102801,570.6368823,568.8957837,363.7675569,365.4327713,366.864865,200.1427232,205.204111,202.0309187,137.8033553,138.0857367,147.1746097,49.0919685,48.0891792,52.1106798,88.7113868,89.9965575,95.06393,7.5795135,7.6340257,7.6427696,7.8866046,7.8683098,7.9257434,7.1799182,7.3283583,7.2764025,8.1698011,8.2371101,8.1852423,7.9225024,7.9220052,7.9280322,8.6611852,8.8650572,8.6976464,5.8498945,5.8607777,6.0841331,7.6304117,7.4828921,7.9096672,5.1808837,5.2523774,5.4008442,9258.030014,9283.7336764,9369.252636,5234.946437,5255.5372063,5286.261795,4023.083577,4028.1964701,4082.990842,63.0696959,63.2405117,63.8230642,72.632893,72.9120728,73.3383268,53.844892,53.9105956,54.6439256,5310.789363,1921.786205,3389.003158,14680.042,7208.048,7471.994
1998-10-01,8568.5472724,8585.4502814,8601.021357,4829.6894027,4837.7365881,4848.328184,3738.8578697,3747.7136934,3752.693173,6344.2276801,6351.7473712,6360.720387,4229.7487876,4241.045316,4246.763849,2114.4788925,2110.7020552,2113.956539,2224.3195923,2233.7029102,2240.30097,599.9406151,596.691272,601.564335,1624.3789772,1637.0116382,1638.736635,58.3100888,58.4226857,58.5286446,66.9420305,67.0502969,67.1970949,49.9843314,50.1009876,50.1675553,692.803454,677.4721648,640.4187194,407.454781,396.3993765,373.8797056,285.3486731,281.0727883,266.5390138,554.164537,535.9432342,504.535653,357.898391,346.2232915,326.9274952,196.266146,189.7199427,177.6081577,138.638917,141.5289306,135.8830664,49.55639,50.1760851,46.9522104,89.0825271,91.3528456,88.930856,7.4805876,7.3138059,6.9298585,7.7800948,7.5733489,7.1594183,7.0908059,6.9766117,6.6315903,8.0332419,7.7811746,7.3491163,7.8013495,7.5474824,7.1480008,8.4936305,8.24718,7.750519,5.8671753,5.9585312,5.7185413,7.6299644,7.7567811,7.2399402,5.1989804,5.2855081,5.1474521,9261.3507264,9262.9224463,9241.440076,5237.1441836,5234.1359646,5222.207889,4024.2065428,4028.7864817,4019.232187,63.0247072,63.032781,62.8865967,72.5895677,72.5443323,72.379011,53.7991227,53.8584849,53.7307592,5453.964924,1992.878111,3461.086813,14695.405,7215.086,7480.319
1998-11-01,8578.0865962,8564.6691267,8554.294864,4836.6188454,4837.1924289,4822.150785,3741.4677508,3727.4766978,3732.144079,6348.5140413,6328.8806044,6324.070326,4231.5237867,4227.4178466,4223.497771,2116.9902545,2101.4627578,2100.572555,2229.572555,2235.7885223,2230.224538,605.0950587,609.7745823,598.6530141,1624.4774963,1626.01394,1631.571524,58.308525,58.2203801,58.1498586,66.9651607,66.9773751,66.7691035,49.9597008,49.7750421,49.8373682,683.3728891,707.1009919,665.3496727,401.382592,410.5058206,389.1073916,281.990297,296.5951713,276.2422811,543.9380831,552.5353587,525.6763511,351.5199411,357.2334055,342.250814,192.418142,195.3019532,183.4255371,139.434806,154.5656331,139.6733216,49.862651,53.2724151,46.8565776,89.572155,101.2932181,92.816744,7.3786738,7.6263861,7.2166521,7.6628958,7.8225881,7.4666689,7.0086551,7.3705237,6.8916082,7.8917934,8.0293847,7.6743911,7.6700106,7.7919429,7.4960504,8.3319235,8.5033505,8.0308971,5.8857903,6.4662231,5.8936431,7.61311,8.0344855,7.2588507,5.225762,5.8642273,5.3825896,9261.4594853,9271.7701185,9219.644537,5238.0014375,5247.6982495,5211.258177,4023.4580478,4024.071869,4008.38636,62.9536711,63.0270677,62.6727316,72.522483,72.6613752,72.1568138,53.7251084,53.7356402,53.526183,5491.130463,2010.870823,3480.25964,14710.775,7222.129,7488.646
1998-12-01,8585.1987338,8586.0287849,8696.544725,4842.7654073,4832.5454252,4892.957184,3742.4333265,3753.4833597,3803.587542,6351.8606562,6347.5373423,6460.381536,4233.9863557,4219.015375,4284.299885,2117.8743005,2128.5219673,2176.081651,2233.3380775,2238.4914426,2236.16319,608.7790516,613.5300502,608.6572988,1624.559026,1624.9613924,1627.505891,58.2865078,58.3046878,59.0551625,66.9721995,66.8478413,67.6835077,49.9103714,50.0666984,50.7350246,674.538113,664.5633905,659.091475,395.3125866,391.6012121,387.2899901,279.2255264,272.9621785,271.8014849,534.1258887,529.2857643,525.3095575,345.200078,343.2598697,337.0631633,188.9258107,186.0258946,188.2463943,140.4122243,135.2776262,133.7819174,50.1125086,48.3413424,50.2268268,90.2997157,86.9362839,83.5550907,7.2846359,7.1840092,7.04486,7.5469015,7.4959843,7.3346943,6.9430436,6.7792343,6.6693384,7.7567083,7.696661,7.5197937,7.5384587,7.5238746,7.2935876,8.1899515,8.0372455,7.9619406,5.9152062,5.6988537,5.6449374,7.6055776,7.3037365,7.6230136,5.2657233,5.0783575,4.8832328,9259.7368468,9250.5921755,9355.6362,5238.0779939,5224.1466373,5280.247174,4021.6588529,4026.4455382,4075.389027,62.8660723,62.817503,63.5308198,72.4391076,72.2647993,73.0408292,53.6342186,53.7076671,54.360511,5370.5018,1948.924826,3421.576973,14726.138,7229.172,7496.966
1999-01-01,8591.2247828,8586.544329,8477.42116,4848.6413713,4846.4762166,4819.763737,3742.5834115,3740.0681124,3657.657424,6355.8830964,6364.5732052,6373.096415,4238.1779071,4236.2131338,4237.861171,2117.7051893,2128.3600714,2135.235244,2235.3416864,2221.9711238,2104.324745,610.4634642,610.2630828,581.9025653,1624.8782222,1611.708041,1522.42218,58.2548171,58.2270843,57.4870982,66.9719506,66.9472976,66.578302,49.8489033,49.8183609,48.7206362,666.8535075,658.1204254,702.5281191,389.5657663,381.7173682,415.4453431,277.2877411,276.4030571,287.082776,524.9941898,525.1828597,570.8151952,339.08265,336.92209,367.2889769,185.9115398,188.2607697,203.5262184,141.8593177,132.9375657,131.7129239,50.4831163,44.7952782,48.1563663,91.3762014,88.1422874,83.5565576,7.2029366,7.1189215,7.652854,7.4370058,7.301133,7.9356017,6.8979261,6.8817389,7.2776092,7.6297566,7.6226626,8.2203695,7.4079823,7.3674202,7.9756135,8.0704198,8.1265249,8.7023077,5.9674936,5.6451261,5.8904609,7.6380025,6.8383645,7.6431527,5.3241641,5.185297,5.2028433,9258.0782902,9244.6647543,9179.949279,5238.2071376,5228.1935848,5235.20908,4019.8711526,4016.4711695,3944.7402,62.7765739,62.6899313,62.2510827,72.3528352,72.2201897,72.317099,53.5422051,53.500098,52.5446289,5566.700721,2004.03192,3562.6688,14746.65,7239.241,7507.409
1999-02-01,8597.9530285,8594.249571,8556.474181,4854.7994091,4856.0596242,4845.409717,3743.1536193,3738.1899468,3711.064464,6361.2280188,6361.6904693,6377.318526,4244.0999208,4249.3722186,4262.799164,2117.128098,2112.3182507,2114.519362,2236.7250096,2232.5591016,2179.155655,610.6994883,606.6874056,582.6105527,1626.0255214,1625.871696,1596.545103,58.2284253,58.1983795,57.9425729,66.9754367,66.9865727,66.8396633,49.7940117,49.7241229,49.363309,659.6077249,658.3614362,735.7690122,383.9218776,383.9202472,418.5843148,275.6858473,274.441189,317.1846973,516.2419782,512.7410287,568.4922358,332.8647514,333.2187384,363.0434343,183.3772268,179.5222903,205.4488016,143.3657466,145.6204075,167.2767763,51.0571262,50.7015088,55.5408805,92.3086205,94.9188987,111.7358958,7.1250704,7.1154125,7.918099,7.3285418,7.3267504,7.9518387,6.8598373,6.8394323,7.8740089,7.5062774,7.4586681,8.1846779,7.2726091,7.2714048,7.848158,7.9711716,7.8331056,8.8556733,6.0235412,6.1231882,7.1289833,7.7153934,7.7125591,8.7034014,5.3719831,5.5160052,6.5408382,9257.5607533,9252.6110071,9292.243194,5238.7212867,5239.9798714,5263.994032,4018.8394666,4012.6311357,4028.249162,62.6955257,62.6566593,62.9250398,72.2719142,72.2825335,72.6137952,53.461375,53.3746457,53.5823913,5474.919806,1985.308968,3489.610838,14767.163,7249.303,7517.86
1999-03-01,8607.0937159,8620.9718,8618.891695,4861.9326259,4880.2807155,4879.024188,3745.16109,3740.6910846,3739.867507,6368.3969457,6379.6744679,6358.397205,4251.7157389,4270.9276508,4261.028229,2116.6812068,2108.7468171,2097.368976,2238.6967702,2241.2973321,2260.49449,610.2168869,609.3530646,617.9959585,1628.4798833,1631.9442674,1642.498531,58.2217927,58.2983586,58.2842921,66.9960002,67.2272849,67.2099759,49.7614078,49.6883903,49.6774505,652.3182154,650.1764585,683.5448656,378.473432,371.529795,381.3512961,273.8447834,278.6466635,302.1935696,507.5594342,500.196563,512.2945947,326.7050163,318.0726447,320.9485169,180.8544178,182.1239183,191.3460778,144.7587812,149.9798955,171.250271,51.7684157,53.4571503,60.4027792,92.9903655,96.5227452,110.8474918,7.0449206,7.0129011,7.3480196,7.2222158,7.0743184,7.2495071,6.8137443,6.9326511,7.4762247,7.3816558,7.2704352,7.4562302,7.1357578,6.9311969,7.0045863,7.8716698,7.9499867,8.360415,6.0734836,6.2719577,7.0422798,7.820176,8.0652273,8.9037281,5.4017992,5.5842978,6.3220545,9259.4119313,9271.1482586,9302.43656,5240.4060579,5251.8105105,5260.375484,4019.0058734,4019.3377481,4042.061077,62.6343316,62.6951043,62.9066879,72.2112526,72.3452158,72.4632008,53.3999434,53.3897128,53.6915516,5485.23844,1998.999516,3486.238923,14787.675,7259.375,7528.3
1999-04-01,8618.9173708,8622.7750605,8631.905028,4869.9602518,4870.9505174,4876.3132,3748.957119,3751.824543,3755.591828,6377.8493131,6381.0146888,6356.554938,4260.9848252,4262.1196401,4253.092668,2116.8644879,2118.8950488,2103.46227,2241.0680577,2241.7603716,2275.35009,608.9754266,608.8308774,623.2205321,1632.0926312,1632.9294943,1652.129558,58.2381721,58.2594507,58.321137,67.0345952,67.0422574,67.1160677,49.7566602,49.7909537,49.8409499,645.728726,647.0006217,652.7793847,373.8805165,374.8377188,375.0370229,271.8482096,272.1629029,277.7423618,499.5794793,504.6869852,503.6718783,321.3157893,323.5437674,321.1242663,178.26369,181.1432178,182.547612,146.1492468,142.3136365,149.1075064,52.5647272,51.2939514,53.9127566,93.5845196,91.0196851,95.1947498,6.9698154,6.9796794,7.0307116,7.1298984,7.1454985,7.1417256,6.7610388,6.7635127,6.8861728,7.2640444,7.3294925,7.3419129,7.0121063,7.0555498,7.0203113,7.7670472,7.875661,7.9854253,6.1221593,5.9693464,6.1501388,7.9458105,7.7703412,7.961912,5.4230607,5.2797197,5.4480298,9264.6460969,9269.7756822,9284.684413,5243.8407683,5245.7882362,5251.350223,4020.8053286,4023.9874459,4033.33419,62.6013722,62.6308857,62.731616,72.1810292,72.2014079,72.2779614,53.3646659,53.4028632,53.526905,5515.961587,2014.142777,3501.81881,14800.646,7265.493,7535.153
1999-05-01,8633.6176572,8610.7246602,8606.520123,4878.1253748,4861.5860778,4856.174321,3755.4922824,3749.1385824,3750.345801,6389.8546725,6361.3723899,6327.783138,4270.9685573,4251.6489774,4237.588769,2118.8861152,2109.7234125,2090.194369,2243.7629847,2249.3522703,2278.736985,607.1568174,609.9371004,618.5855525,1636.6061673,1639.4151699,1660.151432,58.2782064,58.127099,58.0987161,67.080328,66.8572082,66.782785,49.7915952,49.7100124,49.726019,640.7886848,650.6329298,649.0186814,370.8166091,378.3671226,375.8515821,269.9720757,272.2658072,273.1670993,493.3983465,496.9766387,493.5694644,317.3965478,321.2021619,318.648958,176.0017986,175.7744768,174.9205064,147.3903383,153.6562911,155.4492169,53.4200613,57.1649607,57.2026241,93.970277,96.4913304,98.2465929,6.9092151,7.0252436,7.0122193,7.0645972,7.2208111,7.183672,6.706607,6.770416,6.7892686,7.1680984,7.2463014,7.2356539,6.9174214,7.0241115,6.993686,7.6692983,7.6908615,7.722368,6.1639853,6.3943297,6.3860857,8.0868803,8.5691477,8.464579,5.4299986,5.5585557,5.5872784,9274.406342,9261.3575901,9255.538804,5248.9419839,5239.9532004,5232.025903,4025.4643581,4021.4043897,4023.512901,62.6036256,62.519227,62.479947,72.1795204,72.0605655,71.9515482,53.3709769,53.3199981,53.347955,5558.076196,2039.570097,3518.506099,14813.615,7271.596,7542.019
1999-06-01,8650.5476687,8661.957711,8673.209473,4885.7344546,4895.6852819,4897.753551,3764.8132141,3766.2724291,3775.455922,6403.9983601,6404.5976226,6368.188704,4280.8783639,4272.5058883,4256.351609,2123.1199963,2132.0917344,2111.837095,2246.5493085,2257.3600884,2305.020769,604.8560908,623.1793936,641.401942,1641.6932178,1634.1806947,1663.618827,58.3350961,58.4217952,58.4976843,67.1209816,67.2695383,67.2979576,49.8646475,49.8918637,50.0135175,637.9405986,617.3845844,600.5734614,369.326173,356.926701,348.5769043,268.6144256,260.4578834,251.9965571,489.6856846,487.9399228,477.8439372,315.0843858,312.773664,308.2525705,174.6012988,175.1662588,169.5913667,148.254914,129.4446616,122.7295242,54.2417872,44.153037,40.3243339,94.0131268,85.2916246,82.4051904,6.8680778,6.6533227,6.4760354,7.0280097,6.7952231,6.6442041,6.6597061,6.4682227,6.2569716,7.1033961,7.0792494,6.9798665,6.8556775,6.8212562,6.7531063,7.5988894,7.5919667,7.4335606,6.1906904,5.4233452,5.0552779,8.2297014,6.6163482,5.915033,5.4164189,4.9603372,4.7195909,9288.4882672,9279.3422954,9273.782935,5255.0606276,5252.6119829,5246.330456,4033.4276396,4026.7303125,4027.452479,62.637058,62.5858326,62.5483367,72.1948421,72.173917,72.0876052,53.4224239,53.3421529,53.3517195,5552.803065,2031.384544,3521.418521,14826.586,7277.715,7548.871
1999-07-01,8669.6380867,8680.0247734,8706.657946,4892.466578,4895.8734341,4911.50006,3777.1715087,3784.1513394,3795.157886,6420.0324874,6423.8614115,6460.82555,4290.4385903,4289.8775318,4308.87043,2129.5938971,2133.9838797,2151.95512,2249.6055994,2256.1633619,2245.832396,602.0279877,605.9959023,602.6296293,1647.5776117,1650.1674596,1643.202766,58.405763,58.4782965,58.6577271,67.1493352,67.1993077,67.4137941,49.9767561,50.0711055,50.2167419,636.4222546,620.8861342,575.4814914,368.9314915,360.6807791,337.3188126,267.4907631,260.2053551,238.1626788,487.9310406,476.3048781,445.538255,313.9902283,308.8140284,291.7341834,173.9408123,167.4908498,153.8040716,148.491214,144.5812561,129.9432364,54.9412632,51.8667507,45.5846291,93.5499508,92.7145054,84.3586073,6.8387936,6.6755411,6.1998798,7.0120429,6.861544,6.4265661,6.6134264,6.4337885,5.9048785,7.0633123,6.9028029,6.4511263,6.819309,6.7152586,6.341214,7.5510393,7.2775446,6.6704308,6.1920442,6.0223505,5.4695079,8.3628363,7.8841306,7.0323398,5.3729522,5.319609,4.8831033,9306.0603414,9300.9109077,9282.139437,5261.3980696,5256.5542132,5248.818872,4044.6622718,4044.3566945,4033.320565,62.6932231,62.6612757,62.5348102,72.2129374,72.1499052,72.0437322,53.5159972,53.5140888,53.368061,5561.016563,2036.782128,3524.234435,14843.156,7285.601,7557.555
1999-08-01,8690.2109405,8688.1321734,8603.623589,4898.5777233,4902.8595229,4862.097649,3791.6332172,3785.2726506,3741.52594,6436.0634619,6437.9750839,6356.902475,4298.8233445,4306.5889406,4260.891991,2137.2401174,2131.3861433,2096.010484,2254.1474786,2250.1570895,2246.721114,599.7543788,596.2705822,601.2056585,1654.3930998,1653.8865073,1645.515456,58.4838003,58.4676511,57.8989422,67.166937,67.2225359,66.6636546,50.1138556,50.0283912,49.450209,635.9652301,644.5113475,619.6948093,369.5152535,376.7943147,363.3023557,266.4499766,267.7170328,256.3924536,487.7413798,484.958853,468.8461308,313.9468277,312.9970153,305.8896342,173.7945521,171.9618377,162.9564966,148.2238503,159.5524944,150.8486785,55.5684258,63.7972994,57.4127215,92.6554245,95.7551951,93.435957,6.8191424,6.9059891,6.7187837,7.0142128,7.1367239,6.9526229,6.5659072,6.605421,6.4131488,7.0444126,7.0051059,6.868787,6.8060366,6.7754344,6.6981445,7.5202053,7.4657342,7.2137618,6.1698976,6.6212333,6.2917325,8.4795501,9.6652634,8.7171454,5.3035404,5.472846,5.3731206,9326.1761706,9332.6435209,9223.318399,5268.0929769,5279.6538375,5225.400005,4058.0831938,4052.9896834,3997.918393,62.7637498,62.8049545,62.0692402,72.233552,72.3887189,71.6448509,53.6355136,53.5666971,52.8388425,5636.406601,2068.075995,3568.330606,14859.725,7293.476,7566.249
1999-09-01,8711.8160888,8701.6148906,8777.065178,4904.6060219,4901.6867885,4925.195992,3807.2100669,3799.9281022,3851.869185,6450.3566398,6444.7598493,6466.873856,4305.1206773,4308.0395837,4320.541139,2145.2359625,2136.7202656,2146.332717,2261.459449,2256.8550414,2310.191322,599.4853446,593.6472048,604.6548534,1661.9741044,1663.2078366,1705.536469,58.5656855,58.493159,59.0003437,67.1805837,67.1338413,67.4558249,50.2624505,50.1645309,50.8502281,635.2481134,659.137338,668.8212084,370.0698457,379.0308281,386.304722,265.1782676,280.1065099,282.5164864,487.523871,502.4097465,501.6565239,313.8851555,318.2126915,320.4124512,173.6387155,184.197055,181.2440727,147.7242424,156.7275915,167.1646844,56.1846903,60.8181365,65.8922708,91.5395521,95.9094549,101.2724137,6.7962314,7.0414997,7.0805553,7.0159732,7.1776386,7.2729864,6.5116154,6.8652974,6.8333365,7.0269857,7.2318624,7.1988855,6.7955133,6.878412,6.9040219,7.4880595,7.9363902,7.7868139,6.1317135,6.4935664,6.7477054,8.5690496,9.2927971,9.8266428,5.2203501,5.4521353,5.6050429,9347.0642022,9360.7522286,9445.886386,5274.6758677,5280.7176165,5311.500714,4072.3883345,4080.0346121,4134.385672,62.8361775,62.9239487,63.4962293,72.249596,72.3250737,72.7466811,53.7633106,53.8623408,54.5798532,5430.408614,1989.864286,3440.544328,14876.295,7301.365,7574.93
1999-10-01,8733.4130033,8741.5001416,8755.2617,4910.900702,4909.4412317,4919.099621,3822.5123013,3832.0589099,3836.162078,6462.336515,6468.3215809,6474.746032,4309.1392227,4304.0264238,4308.312001,2153.1972923,2164.295157,2166.434032,2271.0764882,2273.1785607,2280.515667,601.7614793,605.4148078,610.7876207,1669.3150089,1667.7637529,1669.728046,58.6438419,58.6958262,58.7882298,67.193956,67.1704049,67.3025498,50.4039987,50.528556,50.5826594,633.5137584,635.4302555,600.3002602,369.6187305,368.7978981,348.0504819,263.8950278,266.6323574,252.2497783,486.4343732,490.7351843,461.5104024,312.9544755,312.3950773,295.1705434,173.4798977,178.3401069,166.339859,147.0793852,144.6950712,138.7898578,56.664255,56.4028207,52.8799386,90.4151302,88.2922504,85.9099193,6.7633043,6.7765274,6.4165067,6.9996661,6.9871389,6.6079469,6.4578738,6.5053047,6.169872,7.0002937,7.0517485,6.6535949,6.770838,6.7670397,6.4118967,7.4561223,7.6127987,7.1305607,6.0822955,5.9843934,5.7367644,8.6060207,8.5224114,7.9678354,5.1380111,5.0278721,4.8933733,9366.9267616,9376.930397,9355.56196,5280.5194325,5278.2391297,5267.150103,4086.4073291,4098.6912673,4088.411857,62.8978123,62.9624971,62.8190162,72.2513062,72.2162549,72.0645361,53.8837428,54.0443026,53.9087609,5537.32004,2041.784897,3495.535143,14892.882,7308.935,7583.947
1999-11-01,8754.662361,8751.3858165,8763.667477,4918.0324501,4917.5579093,4911.188075,3836.629911,3833.8279071,3852.479402,6472.6256336,6473.3774244,6467.293215,4311.573597,4315.8329318,4310.757006,2161.0520366,2157.5444926,2156.536209,2282.0367274,2278.008392,2296.374262,606.4588531,601.7249775,600.4310691,1675.5778744,1676.2834146,1695.943193,58.7155216,58.696827,58.7792019,67.2136427,67.2119999,67.1249386,50.5265947,50.4917292,50.7373704,630.6301823,602.4299676,565.6957447,367.5069985,345.0586747,326.7199563,263.1231838,257.371293,238.9757884,483.8800696,468.8331382,445.7423614,310.5136857,297.2335931,284.6922103,173.3663839,171.5995452,161.0501511,146.7501127,133.5968294,119.9533833,56.9933128,47.8250816,42.0277461,89.7567999,85.7717478,77.9256373,6.719345,6.4404729,6.0636051,6.9530651,6.5567892,6.2376039,6.4180251,6.2908522,5.8408507,6.955792,6.7533696,6.4478529,6.7180403,6.4432973,6.1950899,7.4265343,7.3674939,6.9490464,6.0421158,5.5397471,4.9642847,8.5904178,7.3628015,6.5417028,5.084407,4.8677107,4.3929763,9385.2925434,9353.8157841,9329.363222,5285.5394486,5262.616584,5237.908032,4099.7530948,4091.1992001,4091.45519,62.9450143,62.7374131,62.5734062,72.2362781,71.928179,71.5904684,53.9918022,53.8813236,53.884695,5580.106778,2078.579968,3501.52681,14909.47,7316.488,7592.982
1999-12-01,8775.4230937,8785.7825772,8900.677203,4925.9412902,4922.7643347,4986.555394,3849.4818036,3863.0182425,3914.12181,6481.7866831,6488.6730523,6606.935225,4313.1467825,4311.1052573,4379.134399,2168.6399007,2177.5677949,2227.800826,2293.6364106,2297.109525,2293.741978,612.7945077,611.6590774,607.4209943,1680.8419029,1685.4504476,1686.320984,58.779671,58.8620463,59.631805,67.2380522,67.2136635,68.0846438,50.6295645,50.8157881,51.4880262,626.7509397,629.3789891,625.7150634,363.4393513,369.7375415,366.1793792,263.3115885,259.6414476,259.5356842,479.9273808,487.4911111,484.4515509,306.2836971,314.4880558,308.5611221,173.6436837,173.0030553,175.8904289,146.8235589,141.887878,141.2635125,57.1556542,55.2494857,57.6182572,89.6679047,86.6383922,83.6452553,6.6660215,6.6847391,6.5682269,6.8711136,6.9860635,6.8409775,6.4022567,6.2979112,6.2184232,6.8938106,6.9879535,6.8315488,6.6303346,6.7988696,6.5823627,7.4134355,7.3600443,7.3175134,6.0162248,5.8174674,5.8013632,8.5313293,8.2844169,8.6638882,5.0645246,4.8890547,4.7258108,9402.1740335,9415.1615663,9526.392267,5289.3806414,5292.5018762,5352.734773,4112.793392,4122.6596901,4173.657494,62.9777836,63.0786923,63.8239038,72.1989222,72.2619276,73.084326,54.0927193,54.2312223,54.9020692,5399.664733,1971.318227,3428.346506,14926.057,7324.053,7602.004
2000-01-01,8795.8607875,8739.8136703,8628.197875,4934.6765362,4914.7424389,4883.144798,3861.1842512,3825.0712314,3745.053077,6491.2040347,6456.2752031,6458.724642,4315.2147578,4286.1287333,4283.796907,2175.9892769,2170.1464698,2174.927735,2304.6567528,2283.5384672,2169.473234,619.4617785,628.6137056,599.3478913,1685.1949743,1654.9247616,1570.125342,58.839077,58.4683447,57.7216479,67.2695039,67.0035576,66.5727813,50.7160978,50.2446406,49.1935534,622.2522981,634.3364641,674.7543041,357.9677099,361.6522471,394.0207296,264.2845882,272.684217,280.7335745,475.1422256,473.3118019,516.1598088,300.9633967,304.5894263,333.5740742,174.178829,168.7223756,182.5857346,147.1100725,161.0246621,158.5944954,57.0043133,57.0628208,60.4466554,90.1057592,103.9618413,98.14784,6.6069742,6.766869,7.2531202,6.7634946,6.8541546,7.4665221,6.406171,6.6544776,6.9733843,6.820537,6.8303032,7.4002632,6.5197526,6.6348971,7.2243291,7.4113349,7.2138451,7.7448438,6.0001657,6.5870527,6.8122801,8.4267806,8.3221196,9.161436,5.0755209,5.910662,5.8831995,9418.1130856,9374.1501344,9302.952179,5292.6442462,5276.394686,5277.165528,4125.4688394,4097.7554484,4025.786651,63.0015747,62.7119824,62.2356763,72.1493192,71.934027,71.944536,54.1874377,53.8265139,52.8811599,5644.988821,2057.881472,3587.107349,14947.941,7335.047,7612.894
2000-02-01,8818.3597984,8788.9743764,8754.40422,4945.1458968,4944.5728206,4934.863764,3873.2139016,3844.4015559,3819.540456,6503.31631,6475.8155986,6496.902455,4319.5919428,4319.8062295,4335.064747,2183.7243672,2156.0093691,2161.837708,2315.0434885,2313.1587779,2257.501766,625.553954,624.7665911,599.7990173,1689.4895344,1688.3921868,1657.702748,58.9126374,58.7112857,58.4803534,67.3239694,67.3095292,67.1773616,50.8079807,50.4263236,50.1002251,617.1186827,623.0038942,699.2381039,352.0881074,347.799269,380.9008661,265.0305753,275.2046252,318.3372378,469.623982,460.3099054,512.7026316,295.4180389,288.5490907,315.9465022,174.2059431,171.7608147,196.7561294,147.4947007,162.6939888,186.5354723,56.6700685,59.2501782,64.9543639,90.8246322,103.4438106,121.5811084,6.5404069,6.6192662,7.3964942,6.6466406,6.5717085,7.1654953,6.4044204,6.6803625,7.6932491,6.7349491,6.6364126,7.314287,6.4012438,6.2614332,6.7930711,7.388087,7.3787703,8.3420946,5.9895396,6.5712304,7.632268,8.3066656,8.6620944,9.7711972,5.101607,5.7730624,6.8331485,9435.4784812,9411.9782706,9453.642324,5297.2340042,5292.3720895,5315.764631,4138.2444769,4119.6061811,4137.877694,63.0354096,62.8730181,63.1513385,72.1173505,72.0440544,72.3624927,54.2845943,54.0361332,54.2757973,5516.178676,2030.257369,3485.921306,14969.821,7346.022,7623.799
2000-03-01,8844.165086,8837.0633067,8830.676211,4956.9717294,4951.4911642,4950.089742,3887.1933566,3885.5721425,3880.586469,6519.4363522,6521.4699977,6498.207156,4326.48272,4325.9828189,4316.423172,2192.9536322,2195.4871789,2181.783983,2324.7287338,2315.593309,2332.469056,630.4890094,625.5083453,633.6665695,1694.2397244,1690.0849637,1698.802486,59.0117589,58.9463527,58.9037485,67.4004817,67.3030828,67.284034,50.9287002,50.8935799,50.8282771,610.8797366,620.9413827,652.8376317,346.7623399,347.8567416,356.6062106,264.1173967,273.0846411,296.2314211,463.5432864,475.5580943,487.3589919,290.5142949,293.2408257,295.2176146,173.0289915,182.3172686,192.1413773,147.3364503,145.3832884,165.4786398,56.248045,54.6159159,61.388596,91.0884052,90.7673725,104.0900438,6.4608867,6.5652471,6.8839213,6.5380793,6.5641424,6.7199292,6.3622651,6.5666549,7.0922752,6.6381876,6.7965726,6.976657,6.2922782,6.3482708,6.4015744,7.3131979,7.6674627,8.0938255,5.9600552,5.9075445,6.6245839,8.1906233,8.0302849,8.8321905,5.102054,5.09685,5.7735024,9455.0448226,9458.0046894,9483.513843,5303.7340693,5299.3479058,5306.695952,4151.3107533,4158.6567836,4176.817891,63.0877895,63.0882524,63.2584075,72.1154468,72.0313212,72.1311995,54.3890775,54.4704675,54.7083434,5508.191157,2050.309048,3457.88211,14991.705,7357.005,7634.7
2000-04-01,8874.008486,8873.985658,8882.189323,4969.7730759,4970.0799651,4975.173871,3904.2354101,3903.9056929,3907.015452,6540.2466817,6534.8399284,6506.907667,4335.415118,4330.4878834,4320.23916,2204.8315637,2204.352045,2186.668507,2333.7618043,2339.1457296,2375.281656,634.3579579,639.5920816,654.9347115,1699.4038464,1699.5536479,1720.346945,59.1429253,59.1379287,59.1925995,67.4964247,67.4944948,67.5636709,51.0936759,51.085591,51.1262846,602.8510139,604.3859672,612.1574975,342.478324,338.8927951,341.1915315,260.3726899,265.4931721,270.965966,456.8192867,456.2662069,456.6322558,286.8146345,281.5712451,280.4576425,170.0046522,174.6949618,176.1746133,146.0317272,148.1197603,155.5252417,55.6636894,57.32155,60.733889,90.3680377,90.7982102,94.7913528,6.3612953,6.3764747,6.4475999,6.4469525,6.3833968,6.4177592,6.2520334,6.3676607,6.4855714,6.5287263,6.5263808,6.5574731,6.2051142,6.1051092,6.0959819,7.1585843,7.3430647,7.4560436,5.8888664,5.9551246,6.1452828,8.0669483,8.2250579,8.4863146,5.0491372,5.0715288,5.2222661,9476.8594999,9478.3716251,9494.346821,5312.2513998,5308.9727602,5316.365403,4164.6081001,4169.398865,4177.981418,63.1607683,63.1656718,63.2721336,72.1477563,72.0967141,72.1971074,54.501103,54.5597722,54.6720814,5511.227179,2047.316597,3463.910582,15005.574,7363.682,7641.892
2000-05-01,8906.2870616,8869.8813978,8864.999781,4982.9749217,4964.9245155,4959.784604,3923.3121399,3904.9568823,3905.215177,6564.104801,6525.3117758,6490.430122,4345.3761328,4328.9230129,4314.35905,2218.7286682,2196.3887629,2176.071071,2342.1822606,2344.569622,2374.569659,637.5987888,636.0015026,645.4255536,1704.5834718,1708.5681194,1729.144106,59.2949332,59.0560061,59.0235041,67.6039,67.3631912,67.2934538,51.2886043,51.0514743,51.0548512,593.2392926,607.9672505,607.3043193,339.4924995,341.9788553,339.7701843,253.7467932,265.9883953,267.534135,449.6998574,469.7837312,466.7672537,284.6474466,289.0179895,286.5065247,165.0524108,180.7657417,180.260729,143.5394353,138.1835193,140.5370656,54.8450529,52.9608658,53.2636596,88.6943824,85.2226536,87.273406,6.2449355,6.4146124,6.4113685,6.3784796,6.4440377,6.4112968,6.0747717,6.377173,6.4114596,6.4116393,6.7159016,6.7091277,6.1478617,6.2585899,6.2272309,6.9239752,7.6042908,7.6500571,5.7745578,5.5657374,5.5877178,7.9205055,7.6870477,7.6233694,4.9459364,4.7509807,4.8046997,9499.5263543,9477.8486483,9472.3041,5322.4674212,5306.9033708,5299.554788,4177.0589331,4170.9452775,4172.749312,63.2445122,63.103875,63.0669592,72.2097865,72.003098,71.9033937,54.6057808,54.528875,54.5524601,5547.1359,2070.827212,3476.308688,15019.44,7370.382,7649.058
2000-06-01,8935.8614739,8910.1664683,8921.98407,4994.3869418,4978.9646647,4980.803499,3941.4745321,3931.2018037,3941.180571,6586.4401892,6589.2284826,6551.682882,4354.0851498,4361.3718616,4344.640357,2232.3550394,2227.8566211,2207.042525,2349.4212847,2320.9379857,2370.301189,640.3017921,617.5928031,636.163142,1709.1194927,1703.3451826,1734.138047,59.4312815,59.2694959,59.3481054,67.690701,67.4926063,67.5175327,51.4729047,51.3462623,51.4765971,584.1246439,580.347294,564.3245278,337.9901511,335.5896715,327.3312013,246.1344927,244.7576225,236.9933265,443.4494733,433.9738757,425.4078255,284.1353598,282.2456972,278.4784237,159.3141135,151.7281785,146.9294018,140.6751705,146.3734183,138.9167023,53.8547913,53.3439743,48.8527776,86.8203792,93.029444,90.0639247,6.135772,6.1150251,5.9488316,6.3384518,6.3145402,6.1665956,5.8776856,5.8611111,5.6721748,6.3080574,6.1791453,6.0972093,6.1259563,6.0781426,6.0236052,6.6612104,6.3762459,6.2417653,5.6493864,5.9325069,5.5362551,7.7583059,7.9506708,7.1316266,4.8342587,5.1787329,4.9371685,9519.9861178,9490.5137623,9486.308598,5332.377093,5314.5543362,5308.1347,4187.6090248,4175.9594262,4178.173898,63.3162205,63.1299055,63.1019332,72.2716016,72.041709,71.9546873,54.6872493,54.5430937,54.5720173,5547.000402,2068.9173,3478.083102,15033.309,7377.052,7656.257
2000-07-01,8957.8436241,8991.96538,9020.015797,5002.110262,5015.0336382,5030.611895,3955.7333622,3976.9317418,3989.403903,6602.8001414,6624.4709288,6661.410486,4359.5278562,4369.5877384,4388.190014,2243.2722851,2254.8831904,2273.220472,2355.0434827,2367.4944512,2358.605311,642.5824057,645.4458998,642.4218804,1712.461077,1722.0485514,1716.183431,59.5168188,59.7455157,59.9318917,67.728043,67.905692,68.1166282,51.6052849,51.883273,52.0459856,577.8741431,569.3083411,525.5750459,338.0028782,335.1318699,311.654172,239.8712649,234.1764712,213.9208739,439.7152151,432.315792,402.9785566,285.0804593,280.4627136,263.78553,154.6347558,151.8530785,139.1930266,138.158928,136.992549,122.5964893,52.9224189,54.6691563,47.868642,85.2365091,82.3233928,74.7278473,6.0601012,5.9543149,5.5059457,6.3295078,6.2639533,5.8337449,5.7172037,5.5609227,5.0893254,6.2437239,6.1262414,5.7043653,6.1378795,6.0313908,5.670398,6.4487386,6.3095022,5.769866,5.5414245,5.4698846,4.9410124,7.6092095,7.808596,6.9345646,4.7414265,4.5624403,4.1726158,9535.7177672,9561.2737211,9545.590843,5340.1131402,5350.1655081,5342.266067,4195.6046271,4211.108213,4203.324777,63.356273,63.5281838,63.4239817,72.3045662,72.4435203,72.3365585,54.7345719,54.9383523,54.8368092,5504.853157,2043.025933,3461.827223,15050.444,7385.292,7665.152
2000-08-01,8968.4014755,8989.0062421,8911.58789,5004.6560375,4995.0580906,4954.735779,3963.7454381,3993.9481515,3956.852111,6609.555333,6604.1688049,6522.160538,4360.5107344,4353.1381833,4308.796749,2249.0445986,2251.0306216,2213.363789,2358.8461425,2384.8374372,2389.427352,644.145303,641.9199073,645.9390303,1714.7008395,1742.9175299,1743.488322,59.52413,59.6579334,59.1441259,67.6934483,67.5598999,67.0145266,51.653583,52.0448273,51.5614317,575.1275968,579.0132974,556.1381076,339.0349426,343.8487041,330.8452009,236.0926543,235.1645933,225.2929067,438.8565673,443.0633637,426.4288504,286.8298317,291.1433103,283.2252777,152.0267356,151.9200534,143.2035727,136.2710295,135.9499337,129.7092572,52.2051108,52.7053939,47.6199232,84.0659186,83.2445399,82.089334,6.0263619,6.051548,5.874041,6.3445836,6.4404328,6.2593914,5.6214704,5.560613,5.387018,6.2263184,6.287055,6.1369125,6.1719133,6.2688558,6.1677683,6.3316209,6.3222294,6.0767867,5.4615082,5.3931536,5.1489569,7.4969598,7.5876007,6.8660239,4.6735308,4.5584421,4.4966224,9543.5290723,9568.0195395,9467.725998,5343.69098,5338.9067947,5285.58098,4199.8380923,4229.1127448,4182.145018,63.3413063,63.5007093,62.8350845,72.2792669,72.2105734,71.4893232,54.7302264,55.1092388,54.497206,5599.853002,2107.94402,3491.908982,15067.579,7393.525,7674.054
2000-09-01,8968.0186224,8985.6072961,9061.343432,5002.3244437,5012.1393218,5035.568214,3965.6941786,3973.4679743,4025.775217,6606.4168607,6628.8889579,6649.30793,4356.9275805,4364.8092562,4376.723007,2249.4892802,2264.0797018,2272.584923,2361.6017617,2356.7183382,2412.035502,645.3968633,647.3300656,658.8452078,1716.2048984,1709.3882725,1753.190294,59.4554527,59.5676345,60.0697065,67.5897402,67.7155163,68.0320477,51.6194438,51.717965,52.3987869,575.8784156,569.810318,578.0955765,340.8298282,335.9192253,342.0282552,235.0485874,233.8910927,236.0673214,440.774123,434.7850209,434.401196,289.0930037,284.7303985,286.5546451,151.6811193,150.0546225,147.8465509,135.1042926,135.0252971,143.6943805,51.7368245,51.1888268,55.4736101,83.3674681,83.8364703,88.2207705,6.0339965,5.9632173,5.9971911,6.3788132,6.2811434,6.360244,5.5954054,5.5590951,5.5390906,6.2546073,6.1552249,6.1323974,6.2223789,6.1238406,6.1449192,6.3169661,6.21567,6.1082725,5.4113015,5.4189081,5.6224401,7.4213634,7.328195,7.7659455,4.6326266,4.6751792,4.790933,9543.8970379,9555.4176141,9639.439008,5343.1542719,5348.0585471,5377.596469,4200.742766,4207.359067,4261.842539,63.2733653,63.3450367,63.9020336,72.1949192,72.2538865,72.6529528,54.6789529,54.7622506,55.4713979,5445.274992,2024.162531,3421.112461,15084.714,7401.759,7682.955
2000-10-01,8959.9161296,8960.4525303,8973.118411,4996.4986544,4997.5199454,5007.771795,3963.4174752,3962.9325849,3965.346617,6595.3048191,6588.6365437,6593.198559,4349.3861595,4346.6057401,4350.254134,2245.9186596,2242.0308037,2242.944425,2364.6113105,2371.8159866,2379.919852,647.1124949,650.9142054,657.5176602,1717.4988156,1720.9017812,1722.402192,59.3309336,59.3331852,59.4170545,67.4338677,67.4452443,67.5836007,51.5260221,51.5189788,51.5503618,579.3601174,572.9525116,541.0934644,343.159011,339.5049475,320.5513237,236.2011064,233.4475641,220.5421407,444.2957603,439.2390914,412.7695921,291.5781145,289.7142385,273.7736149,152.7176458,149.5248528,138.9959772,135.0643572,133.7134202,128.3238723,51.5808965,49.790709,46.7777088,83.4834606,83.9227113,81.5461635,6.073418,6.0099462,5.6872127,6.4266107,6.3613147,6.0159888,5.6243466,5.56307,5.2687052,6.3113774,6.2499554,5.8916852,6.2827054,6.2487973,5.9206741,6.3668529,6.2522004,5.8354095,5.4032753,5.3367332,5.1160847,7.3824795,7.1058027,6.6417743,4.6354404,4.6499098,4.5204267,9539.276247,9533.4050419,9514.211876,5339.6576654,5337.0248929,5328.323118,4199.6185816,4196.3801489,4185.888757,63.1673508,63.1270892,62.9999984,72.0652188,72.0271158,71.9096789,54.5967315,54.5538475,54.4174572,5587.712124,2081.420882,3506.291243,15101.924,7409.744,7692.18
2000-11-01,8949.5915673,8902.8814841,8912.719473,4989.4228565,4980.8593486,4973.989623,3960.1687109,3922.0221354,3938.72985,6580.5094701,6573.5360575,6568.456564,4339.7908277,4337.2911535,4332.290062,2240.7186423,2236.244904,2236.166502,2369.0820972,2329.3454266,2344.262909,649.6320287,643.5681951,641.6995609,1719.4500685,1685.7772314,1702.563348,59.1858607,58.8848678,58.9499376,67.254369,67.1478732,67.0552612,51.4149439,50.9261857,51.14313,584.7723043,594.7557163,557.3731459,345.8296471,347.8014665,328.7539752,238.9426572,246.9542498,228.6191707,447.9613202,456.0441338,433.4353805,294.0405563,296.1894702,283.5503521,153.9207639,159.8546636,149.8850284,136.810984,138.7115825,123.9377654,51.7890908,51.6119963,45.2036231,85.0218933,87.0995861,78.7341423,6.1333122,6.262144,5.8856145,6.4819734,6.5269958,6.1996959,5.6903148,5.9236183,5.4859617,6.3735247,6.4875017,6.1902609,6.345517,6.3923753,6.1429843,6.427722,6.6714533,6.281718,5.4595699,5.6202747,5.0213812,7.3834519,7.4242616,6.5807852,4.7117326,4.9128955,4.4200445,9534.3638716,9497.6372004,9470.092619,5335.2525035,5328.6608152,5302.743598,4199.1113681,4168.9763852,4167.349021,63.0531045,62.818663,62.6364793,71.9159411,71.8366482,71.4872535,54.5171409,54.1328066,54.1116758,5649.040381,2115.003402,3534.036979,15119.133,7417.747,7701.386
2000-12-01,8943.1762843,8944.4052397,9059.553065,4983.6253742,4989.6605413,5054.150232,3959.5509101,3954.7446984,4005.402834,6567.5805554,6568.0127062,6688.642329,4330.5810114,4338.8195869,4407.576297,2236.999544,2229.1931193,2281.066033,2375.5957289,2376.3925335,2370.910736,653.0443628,650.8409544,646.573935,1722.5513661,1725.5515791,1724.336801,59.0603298,59.0922473,59.8529847,67.0843876,67.1942272,68.06269,51.3327358,51.2896144,51.9466065,592.0180701,595.6960794,592.1527919,348.9264714,353.0094017,349.3942127,243.0915986,242.6866776,242.7585792,451.5148691,457.6486557,454.1293773,296.5677659,297.9573558,291.8690412,154.9471032,159.6912999,162.2603361,140.5032009,138.0474236,138.0234146,52.3587055,55.0520459,57.5251715,88.1444954,82.9953777,80.4982431,6.2087677,6.2441274,6.1352138,6.5433301,6.6073593,6.466019,5.7842559,5.7817902,5.7144387,6.4326646,6.5139584,6.3578873,6.4092983,6.4259584,6.2107125,6.4778662,6.6847646,6.6409604,5.5841684,5.4901857,5.5012769,7.4225231,7.7989222,8.170039,4.8679901,4.589064,4.4601441,9535.1943544,9540.1013191,9651.705857,5332.5518457,5342.6699431,5403.544444,4202.6425087,4197.431376,4248.161413,62.9699902,63.0277823,63.7651106,71.7812732,71.9480964,72.7678747,54.4842439,54.4370504,55.0949751,5484.637143,2022.183556,3462.453587,15136.343,7425.728,7710.615
2001-01-01,8944.6128804,8957.8966776,8834.949496,4980.7275971,4998.1261335,4954.471682,3963.8852833,3959.7705441,3880.477814,6559.7694385,6547.5633158,6534.014304,4323.0442709,4315.9657351,4303.874815,2236.7251677,2231.5975807,2230.139488,2384.8434418,2410.3333618,2300.935193,657.6833262,682.1603984,650.5968671,1727.1601157,1728.1729634,1650.338326,58.9821842,59.0776336,58.2667927,66.9478677,67.1904215,66.6035693,51.311136,51.2646338,50.2380812,601.1683807,585.7641171,625.7377819,352.3889406,345.1023933,377.4900364,248.7794401,240.6617238,248.2477455,455.1775753,443.7841634,486.5754381,298.9524759,293.1825999,323.1125257,156.2250994,150.6015635,163.4629124,145.9908054,141.9799536,139.1623438,53.4364647,51.9197933,54.3775106,92.5543407,90.0601603,84.7848331,6.2977389,6.1377298,6.6140838,6.6075612,6.4586868,7.0797589,5.9055125,5.7294514,6.0126967,6.4886816,6.3476199,6.9306918,6.4680374,6.3608845,6.9832161,6.528556,6.3219552,6.8291589,5.7684855,5.5627948,5.7031468,7.5144111,7.0727686,7.7134024,5.0862013,4.953169,4.886387,9545.781261,9543.6607946,9460.687278,5333.1165376,5343.2285267,5331.961719,4212.6647234,4200.4322679,4128.725559,62.946383,62.9407679,62.3935547,71.6844624,71.8296752,71.6782141,54.5315006,54.3803283,53.4519871,5702.236722,2106.786281,3595.450441,15162.924,7438.748,7724.176
2001-02-01,8953.3120061,8954.1070511,8920.935432,4980.5382394,4985.0632424,4974.037992,3972.7737666,3969.0438087,3946.897441,6555.6143604,6556.2604655,6580.897343,4316.8653902,4314.5190311,4329.978436,2238.7489702,2241.7414344,2250.918907,2397.6976457,2397.8465856,2340.038089,663.6728493,670.5442113,644.0595559,1734.0247964,1727.3023743,1695.978534,58.9512496,58.9493128,58.7309277,66.8467752,66.89759,66.7496355,51.3481001,51.2947525,51.0085394,611.9774595,622.6841091,700.3642791,356.6110515,362.3626462,399.2162232,255.366408,260.3214629,301.1480559,459.8109354,469.2980839,524.591027,301.5198703,307.1832141,338.4307489,158.2910651,162.1148698,186.1602782,152.1665241,153.3860252,175.7732521,55.0911812,55.1794321,60.7854743,97.0753428,98.2065931,114.9877778,6.397898,6.502012,7.2793105,6.6816765,6.776394,7.4296917,6.0396864,6.1550953,7.0890968,6.5542845,6.6798687,7.382899,6.528686,6.6465384,7.2493806,6.6036054,6.7439501,7.6386635,5.9676325,6.0122321,6.9867422,7.6647104,7.603367,8.6239488,5.3014765,5.3796829,6.3495261,9565.2894656,9576.7911602,9621.299711,5337.149291,5347.4258886,5373.254215,4228.1401746,4229.3652716,4248.045497,62.9806899,63.0487501,63.3417719,71.6330648,71.7603544,72.1069604,54.6487109,54.6590703,54.9004881,5568.202288,2078.528785,3489.673503,15189.502,7451.783,7737.719
2001-03-01,8966.9503892,8963.9961201,8956.0495,4982.727571,4970.7834811,4970.290322,3984.2228182,3993.212639,3985.759178,6551.8392291,6576.8148523,6552.555947,4311.3390087,4304.9942653,4296.007157,2240.5002203,2271.8205871,2256.54879,2415.1111601,2387.1812678,2403.493553,671.3885623,665.7892158,674.2831648,1743.7225979,1721.392052,1729.210388,58.9566861,58.9113251,58.8590999,66.7820418,66.5896672,66.5830608,51.4216036,51.5167759,51.4206182,623.9933449,618.9518444,650.1974321,361.6859789,360.0126893,367.938116,262.307366,258.9391551,282.2593161,466.0784638,459.2864712,469.0304652,304.5004967,303.7405079,304.9480958,161.5779671,155.5459633,164.0823694,157.9148811,159.6653733,181.1669669,57.1854822,56.2721814,62.9900202,100.7293989,103.3931918,118.1769467,6.5060682,6.4588877,6.7684855,6.7675522,6.7534507,6.8925135,6.1769811,6.0896028,6.6133574,6.6412643,6.5275705,6.6798361,6.5968606,6.59054,6.6279301,6.7265907,6.408013,6.7784953,6.1373215,6.2691397,7.0093138,7.8489596,7.7932682,8.5436472,5.4612101,5.6660471,6.3969772,9590.943734,9582.9479646,9606.246932,5344.4135499,5330.7961704,5338.228438,4246.5301842,4252.1517942,4268.018494,63.0593719,62.9790726,63.1321933,71.6296133,71.4124734,71.5120376,54.807023,54.857372,55.0620696,5609.836068,2126.568562,3483.267506,15216.083,7464.797,7751.286
2001-04-01,8983.0296311,9014.9177006,9023.643403,4986.9580227,4993.7419116,4999.589867,3996.0716084,4021.175789,4024.053536,6545.6177211,6558.1429141,6528.057984,4306.0228628,4316.0433243,4305.78495,2239.5948584,2242.0995898,2222.273034,2437.41191,2456.7747865,2495.585419,680.93516,677.6985874,693.804917,1756.47675,1779.0761992,1801.780502,58.9849801,59.1858701,59.2431572,66.7523922,66.832305,66.9105695,51.5063131,51.8226882,51.859775,649.6045033,655.9234223,663.6269368,373.6724937,376.2019373,378.3419152,275.9320096,279.721485,285.2850216,479.8758704,483.0610497,483.8253083,311.7379829,316.1882795,315.634426,168.1378875,166.8727702,168.1908823,169.7286329,172.8623726,179.8016285,61.9345108,60.0136579,62.7074892,107.7941221,112.8487148,117.0941393,6.7437888,6.7824858,6.850505,6.9706818,7.0056959,7.0350821,6.4590772,6.5037937,6.620158,6.8304933,6.8604894,6.9000765,6.7508473,6.8258305,6.8298157,6.9832455,6.9271351,7.0359097,6.5101451,6.5736207,6.7205838,8.3371974,8.1351039,8.2890232,5.7821062,5.9647565,6.1022298,9632.6341344,9670.8411229,9687.27034,5360.6305164,5369.9438489,5377.931782,4272.003618,4300.897274,4309.338558,63.2504574,63.4922209,63.6000841,71.7541454,71.8670952,71.9739994,55.0628661,55.4275839,55.5363705,5544.26666,2094.116218,3450.150442,15231.537,7472.048,7759.489
2001-05-01,8997.467179,9007.8525361,9004.629114,4992.005809,4997.7182919,4993.841952,4005.4613699,4010.1342441,4010.787162,6535.5426397,6553.1989535,6518.444043,4300.7193295,4307.6382059,4293.533213,2234.8233102,2245.5607475,2224.91083,2461.9245393,2454.6535826,2486.185071,691.2864796,690.080086,700.308739,1770.6380597,1764.5734966,1785.876332,59.0096718,59.0795309,59.0583896,66.7414141,66.820526,66.7686985,51.5658873,51.6259073,51.6343129,658.9409551,666.8911619,664.2287742,378.7736551,377.0544954,375.4017752,280.1673,289.8366665,288.826999,487.8708963,494.048664,489.6757041,314.8817951,311.3021824,308.6555731,172.9891012,182.7464816,181.020131,171.0700588,172.8424978,174.5530701,63.89186,65.752313,66.7462021,107.1781989,107.0901849,107.8068681,6.8238723,6.8931145,6.8697749,7.0524895,7.0152639,6.9917067,6.5373676,6.7404332,6.7175097,6.9463501,7.0105194,6.9872622,6.8221189,6.7396882,6.7067126,7.1844925,7.5256738,7.5239121,6.4971671,6.578221,6.560325,8.4604995,8.6993245,8.7016195,5.7075978,5.7216575,5.6929727,9656.4081341,9674.7436979,9668.857888,5370.7794641,5374.7727873,5369.243727,4285.6286699,4299.9709106,4299.614161,63.3313202,63.4534499,63.4148468,71.8054886,71.8618225,71.7878978,55.1727316,55.357224,55.3526313,5578.136112,2110.072273,3468.063839,15246.994,7479.316,7767.678
2001-06-01,9009.5665266,9004.835366,9021.857545,4997.6459706,4992.5632943,4996.582211,4011.920556,4012.2720717,4025.275334,6524.0198951,6520.3087624,6483.910453,4296.2727506,4292.2662644,4275.418026,2227.7471445,2228.042498,2208.492426,2485.5466315,2484.5266036,2537.947092,701.3732201,700.2970299,721.1641848,1784.1734114,1784.2295737,1816.782907,59.0237798,58.9999413,59.1114711,66.7427515,66.6869514,66.7406331,51.592465,51.5989387,51.7661643,665.9414331,670.8019905,651.5124036,383.4900046,384.5557588,374.4268482,282.4514285,286.2462317,277.0855553,495.9336778,498.2303349,487.987784,318.2165349,317.4951294,313.2202809,177.7171429,180.7352055,174.7675031,170.0077552,172.5716556,163.5246195,65.2734697,67.0606294,61.2065673,104.7342855,105.5110262,102.3180522,6.8827542,6.9328972,6.7351131,7.1265622,7.1517062,6.9712571,6.5772464,6.6591837,6.4403141,7.064629,7.0987755,6.9993532,6.8960293,6.8874526,6.8259963,7.3880599,7.5031916,7.3331281,6.4019685,6.4947412,6.0531679,8.5141527,8.7391621,7.8232177,5.5447011,5.5833603,5.3315617,9675.5079597,9675.6373565,9673.369948,5381.1359752,5377.119053,5371.009059,4294.3719844,4298.5183035,4302.360889,63.3865181,63.3950553,63.3801992,71.8641984,71.8235615,71.7419487,55.2247317,55.2801451,55.3295619,5589.078052,2115.557941,3473.520111,15262.448,7486.567,7775.881
2001-07-01,9020.2235822,9024.4544185,9048.861765,5004.3936949,5013.0464485,5028.395863,4015.8298873,4011.40797,4020.465902,6514.5503349,6492.498674,6526.827504,4294.2540109,4287.5464133,4305.188014,2220.296324,2204.9522606,2221.63949,2505.6732473,2531.9557445,2522.034261,710.139684,725.5000352,723.2078488,1795.5335633,1806.4557093,1798.826412,59.0298536,59.0611879,59.2209235,66.7592339,66.8794718,67.0842497,51.5881477,51.5327205,51.6490836,670.3757438,666.7692433,611.8670512,387.1148084,389.2291345,359.5376582,283.2609354,277.5401088,252.329393,502.8203346,501.5956329,465.3820802,321.3971222,321.2044154,300.9810138,181.4232123,180.3912175,164.4010664,167.5554093,165.1736104,146.484971,65.7176862,68.024719,58.5566444,101.8377231,97.1488914,87.9283266,6.9177945,6.8801347,6.3335496,7.1800834,7.2049108,6.6730159,6.5888567,6.4710531,5.9054875,7.1653666,7.1717025,6.6557227,6.9632022,6.9694463,6.5343024,7.5538884,7.5624839,6.8901204,6.2679041,6.1240522,5.4893729,8.4703309,8.572476,7.4903177,5.367306,5.1034176,4.6602945,9690.5993261,9691.2236618,9660.728816,5391.5085033,5402.275583,5387.933521,4299.0908228,4288.9480788,4272.795295,63.4169047,63.4249069,63.2253312,71.9233935,72.0722103,71.8808716,55.2269739,55.0981512,54.8906437,5619.110184,2107.709479,3511.400705,15279.839,7495.643,7784.196
2001-08-01,9029.8891238,9046.9837614,8971.895396,5011.5683909,5019.4911597,4980.031713,4018.3207329,4027.4926018,3991.863683,6509.9915616,6510.8916521,6431.837766,4295.5438553,4295.0873816,4252.74881,2214.4477064,2215.8042706,2179.088956,2519.8975622,2536.0921093,2540.057631,716.0245357,724.4037781,727.2829032,1803.8730265,1811.6883312,1812.774727,59.027899,59.1413472,58.6504845,66.7785915,66.8848127,66.3590148,51.5648167,51.6839317,51.2267136,673.6944014,668.535574,638.1365602,389.4500889,383.3476829,367.1415372,284.2443125,285.1878912,270.9950231,508.1734549,509.1090489,487.1720465,324.0400634,324.0317354,313.4579364,184.1333915,185.0773135,173.7141101,165.5209465,159.4265252,150.9645137,65.4100255,59.3159474,53.6836007,100.110921,100.1105777,97.2809129,6.9427382,6.88111,6.6403167,7.2106787,7.0953011,6.8660864,6.606392,6.6127758,6.3571195,7.2408308,7.2522649,7.041066,7.0144859,7.0150115,6.8647338,7.6767632,7.7087231,7.3832831,6.1636928,5.9145028,5.609932,8.3705058,7.5685153,6.8739953,5.2579709,5.2364596,5.0930931,9703.5835252,9715.5193355,9610.031957,5401.0184798,5402.8388425,5347.17325,4302.5650454,4312.680493,4262.858706,63.4318031,63.5116539,62.8220688,71.9679706,71.9929276,71.2511826,55.2123618,55.3436855,54.7043334,5687.191044,2157.50675,3529.684294,15297.223,7504.68,7792.543
2001-09-01,9040.2511021,9026.584966,9105.922387,5018.9212688,5017.3384362,5048.462641,4021.3298333,4009.2465298,4057.459746,6511.7347834,6506.7831047,6603.758873,4300.7348186,4300.9221367,4343.554397,2210.9999647,2205.860968,2260.204476,2528.5163187,2519.8018613,2502.163514,718.1864502,716.4162995,704.9082445,1810.3298685,1803.3855617,1797.25527,59.0275474,58.9409891,59.4590395,66.7963896,66.7753887,67.1896184,51.5458387,51.3949299,52.0129799,676.5719068,662.9529385,671.2451108,390.4423419,384.3730079,390.8086106,286.1295649,278.5799306,280.4365002,511.8477834,504.5250279,502.9871636,325.6942135,322.2479091,323.6466661,186.1535699,182.2771188,179.3404975,164.7241234,158.4279106,168.2579472,64.7481284,62.1250988,67.1619445,99.975995,96.3028118,101.0960027,6.9628922,6.8419459,6.8654353,7.2178979,7.1157634,7.1849443,6.6426526,6.4969964,6.4648042,7.2875599,7.1958758,7.0776015,7.0398619,6.9702803,6.9344916,7.765609,7.6326038,7.3513913,6.1162056,5.9153965,6.3008012,8.2699283,7.9796783,8.6989429,5.2335072,5.0694005,5.3254634,9716.8230089,9689.5379045,9777.167498,5409.3636107,5401.7114441,5439.271252,4307.4593982,4287.8264604,4337.896246,63.4451658,63.26988,63.8420759,71.992753,71.8909808,72.3908615,55.2134783,54.9660737,55.6079233,5537.446502,2074.482748,3462.963754,15314.614,7513.754,7800.86
2001-10-01,9052.05804,9045.9802332,9058.656494,5026.2035889,5024.1484904,5035.307552,4025.8544511,4021.8317428,4023.348943,6518.3938607,6526.8094877,6527.997228,4308.6949724,4310.6861288,4312.811302,2209.6988883,2216.1233589,2215.185926,2533.6641793,2519.1707455,2530.659266,717.5086165,713.4623616,722.4962498,1816.1555628,1805.7083839,1808.163017,59.0329195,58.9933431,59.0760113,66.8087924,66.7800612,66.9283854,51.543264,51.4927998,51.512225,677.8516746,701.1778803,657.9212055,389.9200843,401.9200457,378.0430274,287.9315903,299.2578346,279.8781781,513.0149162,531.9397206,498.6827128,325.8971677,335.0696966,316.2586619,187.1177485,196.870024,182.4240508,164.8367584,169.2381597,159.2384927,64.0229166,66.8503491,61.7843655,100.8138417,102.3878106,97.4541273,6.96668,7.1936648,6.7711207,7.1992463,7.4072055,6.9835312,6.6746841,6.925518,6.5039137,7.2960474,7.5358921,7.0969891,7.0318414,7.2123829,6.832013,7.806928,8.1587469,7.6085791,6.1084566,6.2951049,5.9198716,8.1919812,8.5671229,7.8778392,5.2590219,5.3659669,5.1140455,9729.9097146,9747.1581135,9716.5777,5416.1236732,5426.0685362,5413.350579,4313.7860414,4321.0895774,4303.227121,63.4535234,63.5660733,63.3666432,71.9916485,72.1223089,71.9532641,55.22967,55.3242937,55.095595,5617.3223,2110.075421,3507.246879,15333.9,7523.426,7810.474
2001-11-01,9065.1780249,9078.6693299,9055.644025,5033.561219,5036.8673662,5017.342788,4031.6168058,4041.8019637,4038.301237,6526.8526933,6529.8845021,6525.566565,4317.5875556,4316.0243246,4311.234792,2209.2651376,2213.8601775,2214.331774,2538.3253316,2548.7848279,2530.07746,715.9736634,720.8430416,706.1079965,1822.3516682,1827.9417862,1823.969463,59.0430166,59.1321562,58.9821853,66.8176371,66.863515,66.6043297,51.5535248,51.6846077,51.6398421,675.936169,671.0831796,626.3067243,387.9933743,389.6424617,367.3963546,287.9427947,281.440718,258.9103697,511.136524,507.5415267,481.6859537,324.4254721,326.9048427,312.3456857,186.7110519,180.636684,169.340268,164.7996449,163.5416529,144.6207706,63.5679022,62.737619,55.0506689,101.2317428,100.8040339,89.5701017,6.9390026,6.8830791,6.4688072,7.1564967,7.1803512,6.8229183,6.666022,6.5099449,6.0250784,7.2625363,7.2120336,6.8741058,6.9888962,7.0409182,6.7554937,7.7926923,7.5438263,7.1041765,6.0966343,6.0295711,5.4069939,8.1545238,8.0065298,7.2324827,5.2626646,5.2264032,4.6808597,9741.1141938,9749.7525096,9681.950749,5421.5545933,5426.5098279,5384.739143,4319.5596005,4323.2426817,4297.211607,63.4455017,63.5031266,63.061513,71.9680266,72.0359491,71.4814507,55.2355379,55.2835354,54.9506627,5671.234251,2148.318857,3522.915393,15353.185,7533.058,7820.127
2001-12-01,9077.6710569,9064.9666355,9177.1309,5040.4849261,5037.9187547,5102.696699,4037.1861308,4027.0478808,4074.434201,6533.8527635,6538.6413575,6658.419693,4325.4125688,4335.9750088,4404.816945,2208.4401948,2202.6663487,2253.602748,2543.8182933,2526.325278,2518.711207,715.0723573,701.9437459,697.8797542,1828.7459361,1824.3815321,1820.831453,59.0458525,58.9688322,59.6984759,66.8166399,66.7917685,67.6505822,51.5590692,51.4326693,52.0378781,669.5695371,667.8188199,660.0317297,384.8244701,378.0463417,373.1188505,284.745067,289.7724781,286.9128792,505.6410954,500.1628431,494.6323154,321.197879,316.0947483,308.9377777,184.4432164,184.0680947,185.6945376,163.9284417,167.6559768,165.3994143,63.6265911,61.9515934,64.1810727,100.3018506,105.7043834,101.2183416,6.869324,6.8615385,6.7095742,7.0931341,6.9802212,6.8139412,6.5883758,6.7126369,6.5785381,7.1829183,7.1057928,6.9149828,6.9125201,6.7947121,6.5539638,7.7079901,7.7121313,7.6126243,6.0540537,6.2233535,6.1621683,8.1708844,8.1099583,8.4220407,5.1995524,5.4766673,5.2661665,9747.240594,9732.7854554,9837.16263,5425.3093962,5415.9650965,5475.81555,4321.9311978,4316.8203589,4361.347081,63.4010779,63.3130839,63.9920715,71.9178709,71.803835,72.5973209,55.1955601,55.1335868,55.7022734,5535.30837,2066.90845,3468.399919,15372.471,7542.724,7829.747
2002-01-01,9089.5647698,9083.222389,8993.401124,5047.8593058,5035.7391318,5017.303583,4041.7054639,4047.4832573,3976.097542,6538.4895681,6537.1247709,6575.434768,4331.7140734,4326.7729403,4340.97411,2206.7754947,2210.3518306,2234.460658,2551.0752017,2546.0976181,2417.966356,716.1452325,708.9661915,676.3294724,1834.9299692,1837.1314267,1741.636884,59.043877,59.0039943,58.4205215,66.8200336,66.6622249,66.4181784,51.5509698,51.6251532,50.7146372,659.3092239,674.8320806,734.8169928,380.8298215,384.5704105,422.5187153,278.4794023,290.2616701,312.2982775,497.3602651,506.0983384,560.5542012,316.8561197,317.2956738,349.9769299,180.5041454,188.8026646,210.5772713,161.9489588,168.7337422,174.2627916,63.9737018,67.2747367,72.5417854,97.975257,101.4590055,101.7210063,6.7629269,6.9156417,7.5534593,7.0151341,7.0949898,7.7671419,6.4460066,6.6915338,7.2824033,7.0689437,7.1856071,7.855312,6.816206,6.8322779,7.4606818,7.5610809,7.8695501,8.6124337,5.969315,6.2152569,6.7225072,8.2005062,8.666734,9.6868166,5.0688081,5.2336483,5.5182451,9748.8739936,9758.0544696,9728.218117,5428.6891274,5420.3095423,5439.822298,4320.1848663,4337.7449274,4288.395819,63.3266094,63.3876575,63.1938426,71.8611927,71.7531001,72.0114065,55.1029068,55.3274053,54.6979635,5666.031883,2114.289702,3551.742181,15394.25,7554.112,7840.138
2002-02-01,9101.4112949,9126.9074836,9092.309936,5056.4881543,5070.8709978,5059.198892,4044.9231406,4056.0364858,4033.111044,6542.0804443,6542.3130858,6571.309598,4337.0128308,4337.4756656,4355.005386,2205.0676135,2204.8374202,2216.304211,2559.3308506,2584.5943978,2521.000339,719.4753235,733.3953322,704.1935059,1839.8555271,1851.1990656,1816.806833,59.0437972,59.204007,58.9795812,66.8421689,67.0257014,66.871422,51.5285462,51.6661744,51.3741479,646.9371311,638.3021823,719.8741529,376.280714,372.910585,412.001229,270.6564171,265.3915973,307.8729239,487.5286785,485.7064378,542.9654509,311.9418279,312.0922416,344.1818054,175.5868506,173.6141961,198.7836455,159.4084526,152.5957445,176.908702,64.3388861,60.8183433,67.8194237,95.0695664,91.7774012,109.0892784,6.6363768,6.5364923,7.3365333,6.9261315,6.8502121,7.530363,6.2716123,6.1412939,7.0922382,6.9353597,6.9110001,7.6320559,6.7099348,6.7122848,7.3242838,7.3755706,7.299463,8.2309074,5.8633225,5.5749048,6.5572523,8.2084358,7.6576802,8.7847523,4.9133461,4.7235467,5.6643387,9748.348426,9765.2096659,9812.184089,5432.7688684,5443.7815828,5471.200121,4315.5795577,4321.4280831,4340.983968,63.2406875,63.3445165,63.649228,71.8162573,71.9547548,72.3171672,54.9764564,55.0467575,55.2958622,5603.845911,2094.361879,3509.484032,15416.03,7565.562,7850.468
2002-03-01,9113.3065847,9132.3658207,9128.533155,5066.4604335,5068.7699228,5070.07009,4046.8461512,4063.5958979,4058.463065,6546.25214,6566.4261792,6542.405633,4341.8585245,4338.4719913,4330.135252,2204.3936155,2227.954188,2212.270381,2567.0544447,2565.9396414,2586.127522,724.601909,730.2979315,739.9348382,1842.4525358,1835.6417099,1846.192684,59.0490304,59.1558415,59.131015,66.8880048,66.8971804,66.9143399,51.4939828,51.6940833,51.6287872,634.8513156,627.6059552,660.003707,371.2744932,372.3793703,381.326523,263.5768224,255.2265849,278.677184,477.7085998,472.9642913,482.5207602,306.7216446,307.6588977,308.0748479,170.9869552,165.3053936,174.4459122,157.1427159,154.6416639,177.4829469,64.5528486,64.7204727,73.2516751,92.5898673,89.9211913,104.2312718,6.512526,6.4304075,6.7426186,6.8277417,6.8437632,6.9950244,6.1148714,5.9096336,6.4253671,6.8011286,6.7188245,6.8686949,6.5981791,6.6218302,6.6421064,7.1982973,6.9071234,7.3090343,5.7684047,5.6841405,6.4221405,8.1799987,8.1407515,9.0079796,4.7849012,4.6698652,5.3440316,9748.1579003,9759.9717759,9788.536862,5437.7349267,5441.1492932,5451.396613,4310.4229737,4318.8224828,4337.140249,63.162505,63.2212238,63.4062571,71.7896142,71.8118106,71.9470539,54.8478589,54.9408885,55.1739137,5649.272138,2125.559387,3523.712751,15437.809,7576.956,7860.853
2002-04-01,9125.784204,9119.6438248,9129.534371,5076.9229805,5073.4008408,5080.76732,4048.8612235,4046.242984,4048.767052,6551.4817078,6544.7455607,6513.554778,4346.3362982,4346.2399749,4336.027695,2205.1454096,2198.5055857,2177.527083,2574.3024963,2574.8982641,2615.979594,730.5866823,727.1608659,744.739625,1843.715814,1847.7373983,1871.239969,59.0642485,59.0205024,59.0845121,66.9480755,66.8959935,66.9931251,51.4655025,51.4289224,51.461004,625.4897519,617.9008146,625.6959254,366.3599279,365.9799405,369.1166215,259.129824,251.9208742,256.5793039,469.4275352,466.258222,467.7494048,301.6311073,299.1872518,299.3707136,167.7964279,167.0709703,168.3786912,156.0622166,151.6425926,157.9465206,64.7288206,66.7926887,69.7459079,91.333396,84.8499039,88.2006127,6.4144414,6.3455505,6.4139534,6.7304958,6.7283383,6.7729263,6.0150966,5.8611277,5.9595508,6.6861359,6.6503776,6.700029,6.4895272,6.440468,6.4583599,7.0712407,7.0625899,7.1775556,5.7158011,5.5617209,5.69397,8.1387601,8.4126695,8.5631856,4.7199521,4.3904823,4.501316,9751.2739559,9737.5446394,9755.230297,5443.2829084,5439.3807813,5449.883941,4307.9910475,4298.1638581,4305.346355,63.1125671,63.0194323,63.1338904,71.7791695,71.7216701,71.8601609,54.7593291,54.6309098,54.7222014,5696.423703,2134.129059,3562.294645,15451.654,7584.013,7867.641
2002-05-01,9140.2290076,9134.9975859,9134.673081,5086.9791111,5088.5796296,5084.454126,4053.2498965,4046.4179563,4050.218955,6558.012032,6589.881932,6556.965842,4350.35202,4379.0797122,4365.158276,2207.660012,2210.8022198,2191.807566,2582.2169756,2545.1156539,2577.70724,736.6270911,709.4999174,719.2958508,1845.5898845,1835.6157365,1858.411389,59.0974989,59.0669437,59.0648454,67.0098233,67.0336273,66.9792807,51.4709317,51.386909,51.4351792,620.0867265,621.7613248,620.852256,361.5677721,362.4300334,362.2589799,258.5189544,259.3312913,258.5932761,463.4089763,459.4323964,456.5998954,296.8715702,295.907118,294.5716401,166.5374061,163.5252784,162.0282553,156.6777502,162.3289284,164.2523606,64.6962019,66.5229155,67.6873399,91.9815483,95.8060129,96.5650208,6.3531421,6.3726216,6.3641089,6.6360404,6.6488606,6.650965,5.9956589,6.0229074,6.0014979,6.5999315,6.5174055,6.5102391,6.3881491,6.3295819,6.3216462,7.0144717,6.8872251,6.8835835,5.7204736,5.995651,5.9903275,8.0736705,8.5722884,8.6008622,4.7472597,4.960388,4.9394469,9760.3157341,9756.7589107,9755.525337,5448.5468832,5451.009663,5446.713106,4311.7688509,4305.7492477,4308.812231,63.1067611,63.0872558,63.0792795,71.7726879,71.8080441,71.7514441,54.7537817,54.6802498,54.7191478,5709.973663,2144.371894,3565.601769,15465.499,7591.085,7874.414
2002-06-01,9156.6931373,9161.1459688,9180.807296,5095.7893807,5105.282148,5109.185409,4060.9037566,4055.8638208,4071.621888,6565.0550862,6544.8325216,6509.390473,4353.6393415,4357.003044,4338.957195,2211.4157447,2187.8294776,2170.433278,2591.6380511,2616.3134472,2671.416824,742.1500392,748.279104,770.2282141,1849.488012,1868.0343432,1901.18861,59.1462433,59.1830375,59.3100541,67.0589861,67.1911827,67.242554,51.5189289,51.4625096,51.6624546,617.5183872,636.4399852,619.6796046,356.4878227,356.6969482,348.1827445,261.0305644,279.743037,271.4968601,459.0705108,481.3732684,472.8610857,292.1117138,295.4408679,292.402955,166.958797,185.9324005,180.4581307,158.4478764,155.0667168,146.818519,64.376109,61.2560804,55.7797896,94.0717674,93.8106364,91.0387294,6.3178333,6.4958857,6.3229471,6.538329,6.530544,6.3800487,6.0396699,6.4522233,6.2511959,6.535625,6.8511126,6.7723296,6.2877178,6.3502295,6.3135439,7.0198698,7.832816,7.6761576,5.7615609,5.5952885,5.2095904,7.9818998,7.5668213,6.7529357,4.8401788,4.7817558,4.5696958,9774.2115245,9797.585954,9800.486901,5452.2772034,5461.9790962,5457.368153,4321.9343211,4335.6068577,4343.118748,63.1350078,63.2945812,63.3133219,71.7502538,71.8857107,71.8250256,54.8305107,55.0120072,55.1073212,5678.857099,2140.774847,3538.082252,15479.344,7598.143,7881.201
2002-07-01,9175.161152,9167.0682431,9194.531289,5103.1824311,5100.7894399,5116.370699,4071.9787209,4066.2788032,4078.160591,6572.8723226,6572.8676407,6604.092275,4356.417274,4357.0562155,4373.87704,2216.4550487,2215.8114252,2230.215235,2602.2888293,2594.2006024,2590.439014,746.7651571,743.7332244,742.4936587,1855.5236722,1850.467378,1847.945356,59.2073096,59.1571116,59.3343367,67.0898648,67.0602552,67.2651026,51.6087521,51.5380284,51.6886241,617.1990192,603.8320941,552.9831509,351.6195978,341.755271,314.94134,265.5794214,262.0768231,238.0418109,456.3821968,450.1377546,416.6560696,287.5409876,286.4158465,267.3298016,168.8412092,163.7219081,149.326268,160.8168224,153.6943395,136.3270813,64.0786102,55.3394245,47.6115384,96.7382122,98.354915,88.7155429,6.3028627,6.1799023,5.6730683,6.4460561,6.2793287,5.7986236,6.1227864,6.0548819,5.5150753,6.4926116,6.4094747,5.934639,6.191722,6.1681398,5.75992,7.0784167,6.8804209,6.2754219,5.8201474,5.5931665,4.9995884,7.9027074,6.925456,6.0259746,4.9551862,5.0468899,4.5808506,9792.3601712,9770.9003372,9747.51444,5454.8020289,5442.544711,5431.312039,4337.5581423,4328.3556263,4316.202402,63.1900945,63.0537732,62.9028588,71.7124922,71.5533236,71.4056473,54.9747379,54.8597197,54.7056837,5748.62456,2174.965961,3573.658598,15496.139,7606.278,7889.861
2002-08-01,9197.4260879,9224.2125016,9150.286149,5110.2647133,5111.6485806,5072.803242,4087.1613745,4112.563921,4077.482907,6582.7900805,6614.2854832,6537.060228,4359.6838823,4358.3684404,4317.971642,2223.1061983,2255.9170428,2219.088586,2614.6360073,2609.9270184,2613.225921,750.580831,753.2801402,754.8315997,1864.0551763,1856.6468783,1858.394321,59.2898144,59.4614384,58.9848918,67.1142089,67.1311085,66.620954,51.7470532,52.0676179,51.6234704,617.5248582,625.3613337,595.163735,347.5921791,355.2471078,338.6583279,269.9326791,270.1142259,256.505407,454.6887194,458.5410609,437.1361968,283.6229926,280.9725907,271.2731169,171.0657267,177.5684702,165.8630798,162.8361388,166.8202727,158.0275382,63.9691865,74.2745171,67.385211,98.8669524,92.5457556,90.6423272,6.2916754,6.3491207,6.1070935,6.3686569,6.4981505,6.2581675,6.1952456,6.163223,5.918461,6.4609604,6.4831374,6.2679077,6.1082112,6.0563039,5.9110623,7.1450895,7.296878,6.9545678,5.8627461,6.0077585,5.7023849,7.853316,8.9751796,8.1955526,5.0367231,4.747902,4.650622,9814.9509461,9849.5738353,9745.449884,5457.8568924,5466.8956884,5411.461569,4357.0940537,4382.6781469,4333.988314,63.2705949,63.4926643,62.8214569,71.6792119,71.7965568,71.0685424,55.164638,55.487432,54.8709884,5767.482116,2202.964431,3564.517686,15512.932,7614.426,7898.506
2002-09-01,9225.1150753,9225.6361038,9303.492599,5118.4781348,5110.1328253,5139.003507,4106.6369405,4115.5032785,4164.489092,6596.6978854,6591.0599215,6687.550601,4364.9979226,4360.5461739,4401.981713,2231.6999627,2230.5137476,2285.568888,2628.4171899,2634.5761824,2615.941998,753.4802122,749.5866514,737.0217946,1874.9369777,1884.9895309,1878.920204,59.4032483,59.4062993,59.9076378,67.1497499,67.0396057,67.4183589,51.9354776,52.0477465,52.6672579,616.6870951,621.581669,631.4423231,344.3852976,346.7390387,354.2560506,272.3017974,274.8426303,277.1862725,452.9366644,452.9516046,451.8963145,280.4300869,281.7606511,283.651199,172.5065775,171.1909535,168.2451155,163.7504307,168.6300644,179.5460086,63.9552107,64.9783876,70.6048516,99.7952199,103.6516768,108.941157,6.2659977,6.3122568,6.3557771,6.3041169,6.3541723,6.4489225,6.2184427,6.2601589,6.2405793,6.4249666,6.4303075,6.3295703,6.03669,6.0694104,6.0536368,7.1751979,7.1278935,6.8564739,5.8646347,6.0156139,6.4227072,7.8238854,7.9770656,8.7422638,5.0536078,5.2121859,5.4803197,9841.8021703,9847.2177728,9934.934922,5462.8634324,5456.871864,5493.259558,4378.9387379,4390.3459088,4441.675364,63.3742792,63.4088273,63.9736611,71.6677699,71.5884597,72.0658283,55.3792015,55.5236129,56.1727638,5594.792078,2129.298442,3465.493636,15529.727,7622.558,7907.169
2002-10-01,9258.0797576,9234.692963,9249.145202,5128.479881,5111.1933494,5123.230099,4129.5998766,4123.4996137,4125.915103,6615.3339234,6593.4215638,6591.50273,4373.0485762,4354.6869547,4355.192821,2242.2853472,2238.7346091,2236.309908,2642.7458342,2641.2713992,2657.642473,755.4313049,756.5063946,768.0372783,1887.3145294,1884.7650046,1889.605195,59.5455313,59.3939224,59.4868735,67.2033933,66.9759861,67.1337131,52.1633013,52.0852363,52.1157471,614.8536177,602.8810577,566.173374,342.096188,336.3187285,317.0399303,272.7574297,266.5623292,249.1334437,451.3488321,438.3981081,411.2487215,278.1236425,275.4947612,260.6882957,173.2251896,162.9033469,150.5604258,163.5047856,164.4829496,154.9246526,63.9725455,60.8239673,56.3516346,99.53224,103.6589822,98.573018,6.2276691,6.1283509,5.7682628,6.2533851,6.1738042,5.8276506,6.1957131,6.0719492,5.6944155,6.3869972,6.2344902,5.8726734,5.9796462,5.9499773,5.6476389,7.1713697,6.7830102,6.3078594,5.8264499,5.8623432,5.5083006,7.8072059,7.4417849,6.8355643,5.0095579,5.2131227,4.9579569,9872.9333753,9837.5740207,9815.318576,5470.576069,5447.5120779,5440.27003,4402.3573063,4390.0619428,4375.048547,63.5001078,63.2714168,63.1282785,71.6862079,71.3830349,71.2881367,55.608654,55.4522699,55.262631,5732.893424,2191.11197,3541.781453,15548.212,7631.382,7916.83
2002-11-01,9293.9406384,9283.7000187,9286.740904,5139.7792578,5139.0084931,5129.323194,4154.1613806,4144.6915256,4157.41771,6636.701611,6625.0448778,6621.536053,4382.837082,4376.9467484,4371.736367,2253.8645291,2248.0981294,2249.799686,2657.2390274,2658.6551409,2665.204852,756.9421759,762.0617447,757.5868272,1900.2968515,1896.5933962,1907.618024,59.7007459,59.638206,59.6577406,67.2673622,67.2626954,67.1359279,52.4066712,52.2890959,52.4496484,612.1837658,609.7046529,565.9210756,340.6126508,337.9908124,316.4238806,271.5711149,271.7138404,249.4971949,450.0864969,449.2657224,424.491108,276.792071,271.8912389,258.619768,173.2944259,177.3744835,165.87134,162.0972689,160.4389305,141.4299676,63.8205798,66.0995736,57.8041127,98.2766891,94.3393569,83.6258549,6.1798514,6.1627384,5.7438393,6.2151148,6.1710947,5.810477,6.1361846,6.1523755,5.6614934,6.3510647,6.3506644,6.0245454,5.9402167,5.8485849,5.5853105,7.1398054,7.3129865,6.8664706,5.7494833,5.6911521,5.0391297,7.7757646,7.9814853,7.0891286,4.9173416,4.7384502,4.1996792,9906.1244042,9893.4046716,9852.66198,5480.3919086,5476.9993056,5445.747075,4425.7324955,4416.405366,4406.914905,63.6331819,63.5549301,63.2932003,71.7251635,71.6865397,71.2774901,55.8326666,55.7170159,55.597285,5714.03702,2194.458925,3519.578095,15566.699,7640.206,7926.493
2002-12-01,9328.2432541,9327.6474666,9439.739589,5151.0587097,5152.4442643,5217.346528,4177.1845444,4175.2032023,4222.393061,6657.410704,6665.7760636,6786.995038,4392.3614595,4396.7886309,4465.86274,2265.0492445,2268.9874328,2321.132298,2670.8325501,2661.871403,2652.744551,758.6972502,755.6556334,751.4837881,1912.1352999,1906.2157695,1901.260763,59.8405883,59.8494536,60.5686759,67.3241556,67.360745,68.209248,52.6266503,52.6099132,53.204532,609.3082926,614.6590128,607.3756835,339.7732587,345.8748387,341.1570259,269.5350339,268.7841741,266.2186575,449.4270802,451.1656174,445.1384814,276.4231654,280.6398191,273.6064363,173.0039149,170.5257983,171.5320452,159.8812123,163.4933954,162.2372021,63.3500933,65.2350196,67.5505897,96.531119,98.2583758,94.6866124,6.1313724,6.1822577,6.0452744,6.1880105,6.2905559,6.1375696,6.0614354,6.0482659,5.9309799,6.3238686,6.3393187,6.1550092,5.9206665,5.9998741,5.7729342,7.0959862,6.9901567,6.8814739,5.6480883,5.7866296,5.7633483,7.7063801,7.9468586,8.2475891,4.8057317,4.9019528,4.7439433,9937.5515466,9942.3064795,10047.11527,5490.8319684,5498.319103,5558.503554,4446.7195783,4443.9873764,4488.611719,63.749295,63.7933211,64.4658111,71.7649801,71.8825575,72.669382,56.0224127,55.9967452,56.5590371,5538.068727,2090.527446,3447.541281,15585.184,7649.031,7936.153
2003-01-01,9355.8015048,9378.7048964,9281.678566,5159.7351037,5164.5169888,5140.397783,4196.0664011,4214.1879076,4141.280783,6673.1911741,6686.5493509,6717.351373,4399.226726,4407.7637233,4418.008197,2273.9644481,2278.7856276,2299.343175,2682.6103307,2692.1555455,2564.327194,760.5083777,756.7532655,722.3895863,1922.101953,1935.40228,1841.937608,59.9342989,60.0853349,59.4637288,67.3426993,67.4108571,67.0960365,52.7926775,53.0238531,52.1065194,606.7188887,607.3986609,663.0461558,339.3134961,343.7031562,379.1119268,267.4053926,263.6955047,283.934229,449.4620181,452.4844387,503.9975525,276.5625246,281.7884106,312.6540575,172.8994936,170.6960281,191.343495,157.2568706,154.9142222,159.0486033,62.7509716,61.9147455,66.4578693,94.505899,92.9994767,92.590734,6.090014,6.082439,6.6673153,6.1704037,6.2398224,6.8685798,5.9909731,5.8888426,6.416281,6.3103173,6.3381748,6.9792716,5.9147774,6.0088555,6.609097,7.066167,6.9686592,7.6823591,5.5374727,5.4411811,5.8401269,7.6222604,7.5628637,8.4246794,4.6863796,4.5848647,4.7862175,9962.5203935,9986.1035573,9944.724722,5499.0485998,5508.220145,5519.50971,4463.4717937,4477.8834124,4425.215012,63.8210072,63.9766772,63.7115808,71.7712768,71.8971091,72.0444683,56.1570301,56.3417288,55.6790432,5664.250278,2141.74429,3522.505988,15608.975,7661.254,7947.721
2003-02-01,9372.2466795,9406.0461525,9372.599387,5163.8723852,5182.9109085,5173.033664,4208.3742943,4223.135244,4199.565723,6681.0690131,6710.3646548,6744.80408,4401.7562679,4422.5282414,4442.607665,2279.3127452,2287.8364134,2302.196415,2691.1776665,2695.6814977,2627.795307,762.1161173,760.3826671,730.4259985,1929.0615492,1935.2988306,1897.369309,59.9578721,60.1687862,59.9548333,67.3024808,67.5432661,67.4145466,52.8773548,53.0591355,52.76301,605.687187,595.5969073,673.1887693,339.4195088,334.0851674,369.8152247,266.2676782,261.5117399,303.3735446,450.4735155,444.1036219,497.7658514,276.9951065,273.9041052,302.4233861,173.478409,170.1995167,195.3424653,155.2136714,151.4932855,175.4229179,62.4244023,60.1810622,67.3918386,92.7892692,91.3122233,108.0310792,6.0702666,5.9549906,6.7012041,6.1675723,6.0555629,6.6719341,5.9505918,5.831267,6.7372338,6.3166351,6.2073603,6.8727794,5.9202784,5.832174,6.3734754,7.0726938,6.9242078,7.8213984,5.4529983,5.3208284,6.2579116,7.5708107,7.3341119,8.4470208,4.5893232,4.505661,5.387008,9977.9338665,10001.6430598,10045.78816,5503.291894,5516.9960759,5542.848889,4474.6419725,4484.6469839,4502.939268,63.8326863,63.9787125,64.2611008,71.726249,71.8970363,72.2339481,56.2229532,56.3447482,56.5745711,5586.978843,2130.619111,3456.359732,15632.767,7673.468,7959.299
2003-03-01,9378.0241805,9359.8809086,9362.063319,5164.0999976,5174.3612843,5177.837219,4213.9241829,4185.5196243,4184.2261,6681.3507184,6665.5991875,6641.97489,4400.5710681,4405.8541503,4398.701378,2280.7796503,2259.7450372,2243.273512,2696.673462,2694.2817211,2720.088429,763.5289295,768.5071339,779.1358416,1933.1445325,1925.7745872,1940.952587,59.9181998,59.7824944,59.7964337,67.2168346,67.3245723,67.3697983,52.8815368,52.5102442,52.494016,606.2187267,611.3666171,642.9008734,339.8029537,333.4823116,340.6831505,266.415773,277.8843055,302.2177229,452.0904474,464.1817556,474.3617034,277.4815472,280.0021232,280.3456208,174.6089002,184.1796324,194.0160826,154.1282794,147.1848615,168.53917,62.3214065,53.4801884,60.3375297,91.8068728,93.7046731,108.2016403,6.0717546,6.1312952,6.4258188,6.1738544,6.0546801,6.173451,5.9463294,6.2258382,6.7362422,6.3376207,6.5104631,6.6658132,5.9315611,5.975474,5.9915111,7.1112533,7.5362238,7.9603213,5.4064889,5.1798906,5.8345759,7.5463318,6.506206,7.1875454,4.5337815,4.6400414,5.2803073,9984.2429072,9971.2475257,10004.96419,5503.9029513,5507.8435958,5518.52037,4480.3399559,4463.4039298,4486.443822,63.7914607,63.6873541,63.9027058,71.6397697,71.6635723,71.8024898,56.2248517,55.9964954,56.2855468,5651.593808,2167.17463,3484.419178,15656.558,7685.695,7970.863
2003-04-01,9376.2272539,9357.9982448,9365.573718,5162.5806516,5153.6691238,5161.2641,4213.6466023,4204.329121,4204.309617,6677.0359051,6657.0292813,6622.951615,4398.0199787,4386.4431524,4375.701915,2279.0159264,2270.5861289,2247.2497,2699.1913488,2700.9689635,2742.622103,764.5606729,767.2259714,785.562185,1934.6306759,1933.7429921,1957.059918,59.837246,59.7159926,59.7643338,67.1167144,66.9941164,67.0928459,52.8186851,52.6982305,52.697986,607.1662056,600.4531326,608.8676707,339.5514567,341.0147561,344.1827268,267.6147489,259.4383765,264.684944,453.3287448,446.1638231,447.9173665,277.3456973,277.313991,277.793347,175.9830476,168.8498321,170.1240195,153.8374607,154.2893095,160.9503042,62.2057594,63.7007651,66.3893797,91.6317013,90.5885444,94.5609245,6.0817618,6.0295834,6.1042784,6.1712705,6.2062671,6.2516765,5.9718621,5.8120943,5.9226956,6.3577218,6.2811727,6.3346863,5.9320643,5.9461499,5.9695633,7.1683552,6.9216751,7.0375556,5.3920753,5.4036901,5.543182,7.5239822,7.6662312,7.7926237,4.5222032,4.4749856,4.6090838,9983.3934595,9958.4513774,9974.441388,5502.1321083,5494.6838799,5505.446827,4481.2613512,4463.7674976,4468.994561,63.7120618,63.5476512,63.6496879,71.5310916,71.4270712,71.5669821,56.1732756,55.9501033,56.0156207,5696.399612,2187.272173,3509.127439,15670.841,7692.719,7978.122
2003-05-01,9372.8536295,9375.3675803,9380.077847,5162.7326319,5163.2822224,5160.023505,4210.1209976,4212.0853579,4220.054341,6673.4466901,6679.4353933,6647.88368,4397.4557821,4400.0247084,4386.99513,2275.990908,2279.4106849,2260.88855,2699.4069393,2695.932187,2732.194166,765.2768498,763.257514,773.0283753,1934.1300896,1932.674673,1959.165791,59.7529021,59.7723638,59.8023939,67.0460878,67.0580953,67.0157727,52.7208925,52.7472912,52.8470856,606.8463594,605.7740642,605.8816273,337.7033864,333.7088788,334.588125,269.1429731,272.0651855,271.2935022,453.2396519,452.7942057,451.1310152,275.9548166,273.5475812,273.4792088,177.2848354,179.2466246,177.6518064,153.6067075,152.9798585,154.7506121,61.7485698,60.1612976,61.1089162,91.8581377,92.8185609,93.6416959,6.0808076,6.0691861,6.0673351,6.1395748,6.0707553,6.0893862,6.0086428,6.0672625,6.0403583,6.359753,6.3485646,6.3548399,5.9047843,5.8530726,5.8680552,7.2264537,7.2904273,7.2851698,5.3840159,5.3697642,5.3603593,7.4663448,7.3062817,7.3260022,4.5339917,4.5825165,4.5616404,9979.6999889,9981.1416446,9985.959474,5500.4360182,5496.9911012,5494.61163,4479.2639707,4484.1505434,4491.347844,63.6216098,63.6344574,63.6651733,71.4316898,71.3921373,71.3612339,56.0912132,56.1543213,56.244452,5699.161526,2205.10337,3494.058156,15685.121,7699.715,7985.406
2003-06-01,9373.0678173,9352.1695305,9370.443195,5166.6219681,5152.8078817,5155.449939,4206.4458492,4199.3616487,4214.993256,6675.4088415,6638.1886922,6601.384211,4401.5524699,4392.1932541,4372.832501,2273.8563716,2245.9954381,2228.551711,2697.6589759,2713.9808383,2769.058984,765.0694982,760.6146277,782.6174381,1932.5894776,1953.3662106,1986.441546,59.6952913,59.5702202,59.6866174,67.028094,66.8610577,66.8953402,52.6248671,52.5402,52.7357744,604.0172389,602.7443145,587.5534893,333.8086019,339.2069271,330.9290844,270.2086371,263.5373874,256.6244049,450.9783464,452.4091278,445.2135061,273.0818624,274.5985806,272.0899207,177.896484,177.8105471,173.1235854,153.0388925,150.3351867,142.3399832,60.7267395,64.6083465,58.8391637,92.3121531,85.7268403,83.5008195,6.0540452,6.0547416,5.9003182,6.0687722,6.1763658,6.0318305,6.0359502,5.9050717,5.7389613,6.3282886,6.3804088,6.3181343,5.8417802,5.8840975,5.8577926,7.2558897,7.3360058,7.2084509,5.3684711,5.2485545,4.889058,7.3537196,7.8291987,6.9925369,4.5588463,4.2041652,4.0339683,9977.0850563,9954.9138449,9957.996684,5500.43057,5492.0148088,5486.379023,4476.6544863,4462.8990361,4471.617661,63.5421625,63.4095017,63.4291384,71.3586904,71.2624898,71.1893618,56.0053204,55.8374409,55.9465237,5741.407316,2220.360977,3521.046339,15699.404,7706.74,7992.664
2003-07-01,9379.3025633,9343.1554821,9363.921283,5175.369692,5157.4659526,5172.946612,4203.9328713,4185.6895295,4190.974672,6684.8723899,6664.2345775,6693.170895,4411.265627,4389.7248301,4405.914454,2273.6067629,2274.5097474,2287.256441,2694.4301734,2678.9209046,2670.750388,764.104065,767.7411225,767.0321575,1930.3261085,1911.1797821,1903.71823,59.6766533,59.4494706,59.5816011,67.073338,66.8451889,67.0458316,52.5442383,52.3172542,52.3833136,598.4518592,609.9355021,557.6218375,327.8517597,336.6795671,308.8961935,270.6000995,273.255935,248.725644,446.3502174,452.3981275,418.1906271,268.8295508,275.6476738,256.4166078,177.5206666,176.7504537,161.7740193,152.1016418,157.5373746,139.4312104,59.022209,61.0318932,52.4795856,93.0794329,96.5054814,86.9516248,5.9978612,6.1281013,5.6203136,5.9574517,6.1279696,5.634897,6.0475607,6.1282637,5.6023071,6.2590981,6.3569127,5.8805986,5.7441044,5.9083744,5.4997512,7.2424087,7.2105953,6.6056352,5.3434021,5.554017,4.9616441,7.1704926,7.3641265,6.4037625,4.6001373,4.8068033,4.3679581,9977.7544226,9953.0909842,9921.543121,5503.2214517,5494.1455197,5481.842805,4474.5329708,4458.9454646,4439.700316,63.4843568,63.3304231,63.1296875,71.3223314,71.2088453,71.0493916,55.9264227,55.7327011,55.4921545,5794.585879,2233.695195,3560.890684,15716.129,7715.538,8000.591
2003-08-01,9391.6279401,9400.3451708,9326.951052,5188.7581042,5195.305963,5156.605528,4202.869836,4205.0392078,4170.345524,6701.4092656,6706.2213,6631.142745,4425.649051,4431.1343995,4392.367674,2275.7602146,2275.0869005,2238.775071,2690.2186746,2694.1238709,2695.808307,763.1090532,764.1715635,764.2378538,1927.1096214,1929.9523074,1931.570453,59.6947857,59.7497807,59.2832785,67.1759971,67.2590809,66.7580602,52.480189,52.5069783,52.0737694,590.5003603,580.6790576,552.3631046,320.3543743,315.7102675,300.7408897,270.145986,264.96879,251.6222149,439.5018079,431.7013683,409.6448811,263.3751374,261.3125658,251.1388823,176.1266705,170.3888025,158.5059988,150.9985524,148.9776892,142.7182234,56.9792369,54.3977017,49.6020073,94.0193155,94.5799875,93.1162161,5.9155757,5.8178304,5.5911078,5.8149906,5.7287124,5.5107532,6.0394597,5.9277028,5.690277,6.1547022,6.0479973,5.8181684,5.6168432,5.568791,5.4083887,7.1833114,6.9675116,6.6119072,5.3145726,5.2399707,5.0278982,6.9479393,6.6454611,6.0948117,4.6518218,4.6716957,4.5990433,9982.1283004,9981.0242284,9879.314156,5509.1124784,5511.0162306,5457.346417,4473.015822,4470.0079979,4421.967739,63.4481065,63.4406501,62.7941681,71.323449,71.3463055,70.6514894,55.8534346,55.8155587,55.2156954,5853.538844,2266.972582,3586.566261,15732.853,7724.319,8008.534
2003-09-01,9407.3416436,9408.2909004,9486.054655,5205.1621629,5205.5953658,5233.231705,4202.1794807,4202.6955347,4252.82295,6721.8017514,6718.195774,6814.186044,4442.2362208,4441.2538782,4481.545417,2279.5655306,2276.9418958,2332.640627,2685.5398922,2690.0951265,2671.868611,762.9259421,764.3414876,751.6862885,1922.6139501,1925.7536389,1920.182323,59.7314026,59.7367809,60.2305322,67.314051,67.3156685,67.6730452,52.4180865,52.4257823,53.0510878,582.3950775,576.6838697,583.8390272,312.9795519,309.1589506,315.5748222,269.4155256,267.5249191,268.264205,431.8085338,434.2830856,432.2032274,257.691952,255.077081,256.7096146,174.1165818,179.2060046,175.4936128,150.5865437,142.400784,151.6357998,55.2875999,54.0818696,58.8652076,95.2989438,88.3189145,92.7705922,5.8299342,5.7755165,5.7978668,5.6718288,5.6060331,5.6872558,6.0250431,5.9846024,5.9336216,6.0362323,6.0717843,5.9643943,5.4828913,5.431412,5.4178091,7.0961345,7.296222,6.9969785,5.309585,5.0273959,5.3704821,6.7571113,6.6080555,7.2623649,4.722649,4.385091,4.6086817,9989.7367211,9984.9747701,10069.89368,5518.1417148,5514.7543164,5548.806528,4471.5950063,4470.2204537,4521.087155,63.4292884,63.3983639,63.937546,71.3615564,71.3135285,71.7538715,55.7787822,55.7629746,56.3975022,5679.684318,2184.304472,3495.379845,15749.578,7733.111,8016.467
2003-10-01,9424.3534977,9432.0742929,9447.761582,5222.2218319,5224.4145743,5236.584672,4202.1316658,4207.6597186,4211.17691,6743.0976461,6750.4124539,6744.640764,4458.6762654,4463.0680275,4462.177406,2284.4213806,2287.3444263,2282.463358,2681.2558516,2681.6618391,2703.120818,763.5455664,761.3465468,774.4072661,1917.7102851,1920.3152923,1928.713552,59.7724613,59.8199055,59.9193971,67.4562404,67.4814331,67.6386288,52.3606145,52.4289699,52.4727954,575.1512072,578.9927006,544.3100713,306.8041225,317.1202015,299.7376207,268.3470847,261.8724991,244.5724506,424.0864789,429.2219571,403.0411985,252.5297971,263.6898484,249.8882252,171.5566818,165.5321087,153.1529733,151.0647283,149.7707435,141.2688728,54.2743254,53.4303532,49.8493955,96.7904029,96.3403904,91.4194773,5.751797,5.7835264,5.4474196,5.5489724,5.722606,5.4140204,6.0026476,5.8590583,5.4889185,5.9170585,5.9783261,5.6387679,5.3601943,5.5786621,5.3031567,6.9852693,6.7484892,6.2880582,5.3336027,5.2895748,4.9665794,6.6364643,6.5576667,6.0478001,4.8046845,4.7772355,4.5254187,9999.5047049,10011.0669935,9992.071653,5529.0259544,5541.5347758,5536.322293,4470.4787505,4469.5322177,4455.749361,63.4202663,63.491981,63.3715092,71.4192763,71.5775333,71.510206,55.7043503,55.6919965,55.5202571,5775.379347,2205.680707,3569.698639,15767.451,7742.003,8025.448
2003-11-01,9440.7897573,9428.0597031,9427.739637,5237.4055836,5228.9916999,5218.085515,4203.3841737,4199.0680032,4209.654122,6762.7052651,6763.8739519,6760.339722,4473.0601121,4473.0302067,4467.368051,2289.645153,2290.8437452,2292.971671,2678.0844922,2664.1857512,2667.399915,764.3454715,755.9614932,750.7174644,1913.7390208,1908.2242581,1916.682451,59.8058299,59.7267569,59.7247293,67.5695347,67.4630001,67.3222916,52.3159233,52.2635059,52.3952655,569.1568162,565.8342201,523.4041318,302.4647118,298.1904289,278.041877,266.6921044,267.6437911,245.3622548,417.1116974,413.8899605,389.4964681,248.4176806,243.7800244,230.6851681,168.6940167,170.109936,158.8113,152.0451189,151.9442596,133.9076638,54.0470312,54.4104045,47.3567089,97.9980877,97.5338551,86.5509549,5.6859126,5.6617993,5.2597384,5.4597797,5.3949811,5.0588689,5.9661645,5.9919646,5.50755,5.8095032,5.7662799,5.4476279,5.2614391,5.1683238,4.9102289,6.8621132,6.9123583,6.47738,5.372373,5.3954988,4.7801843,6.6040477,6.7142512,5.9338731,4.8713168,4.8626928,4.3205627,10009.9465735,9993.8939232,9951.143769,5539.8702954,5527.1821288,5496.127392,4470.0762781,4466.7117943,4455.016377,63.4113434,63.3113166,63.0404944,71.4717339,71.3101703,70.9095107,55.6352116,55.594722,55.4491555,5834.176231,2254.775608,3579.400623,15785.32,7750.903,8034.417
2003-12-01,9455.4653204,9460.1090301,9573.575382,5249.7204734,5258.1137902,5323.833424,4205.7448469,4201.9952398,4249.741958,6778.3625653,6775.8794769,6898.095798,4484.5293926,4485.5298749,4555.026775,2293.8331727,2290.349602,2343.069023,2677.1027551,2684.2295532,2675.479584,765.1910808,772.5839154,768.8066495,1911.9116743,1911.6456378,1906.672935,59.824321,59.8620104,60.5800067,67.6412952,67.7610757,68.6080017,52.2821499,52.2414782,52.8350913,564.3362844,569.8442295,563.4490053,299.9054667,301.3650799,296.2556265,264.4308177,268.4791496,267.1933788,411.4633204,414.3981938,408.9632063,245.4888379,246.3145408,239.2003091,165.9744826,168.0836531,169.7628971,152.8729639,155.4460356,154.485799,54.4166288,55.0505391,57.0553174,98.4563351,100.3954965,97.4304816,5.6322102,5.6814246,5.5583274,5.4040663,5.4207433,5.2713689,5.9154458,6.0056076,5.9153687,5.7228551,5.7633128,5.5968236,5.1900189,5.2054658,4.9893404,6.7474578,6.8370232,6.7558397,5.4019179,5.4740773,5.4589289,6.6393505,6.6515524,6.9085779,4.8974285,4.9897338,4.8615496,10019.8016047,10029.9532596,10137.02439,5549.6259401,5559.4788701,5620.089051,4470.1756646,4470.4743894,4516.935336,63.3948523,63.4678907,64.1454191,71.5054998,71.6447539,72.4258346,55.5693231,55.5793563,56.1569839,5666.168613,2139.695949,3526.472664,15803.193,7759.785,8043.408
2004-01-01,9468.2421866,9460.5239132,9363.827661,5259.1858634,5265.0810221,5236.831237,4209.0563231,4195.4428911,4126.996424,6789.2780157,6803.979068,6827.228192,4492.8914573,4496.6664197,4503.095583,2296.3865584,2307.3126483,2324.132609,2678.9641709,2656.5448452,2536.599469,766.2944062,768.4146024,733.7356544,1912.6697647,1888.1302428,1802.863815,59.8294118,59.7827801,59.1717388,67.6744335,67.753211,67.3896812,52.2594188,52.0923116,51.2424527,559.9942523,553.9519385,603.7775316,298.7193653,295.1757598,326.0699267,261.274887,258.7761788,277.7076049,406.830857,399.9578087,447.2677321,243.517358,239.9285801,266.9514063,163.313499,160.0292286,180.3163258,153.1633953,153.9941299,156.5097994,55.2020073,55.2471797,59.1185204,97.961388,98.7469501,97.3912791,5.5841748,5.5315121,6.0573981,5.3746754,5.3086714,5.8615085,5.8446427,5.8096868,6.304796,5.6534839,5.5519338,6.1484361,5.1413923,5.0654232,5.5964104,6.6395697,6.485896,7.1998404,5.4080684,5.4791672,5.8114909,6.7196894,6.707508,7.4564179,4.872171,4.9699574,5.1251687,10028.2364389,10014.4758517,9967.605193,5557.9052288,5560.2567819,5562.901164,4470.3312101,4454.2190699,4404.704029,63.3679912,63.2833036,62.9871194,71.5183106,71.5516531,71.5856821,55.5033939,55.3053811,54.6905823,5857.225807,2208.067836,3649.157971,15824.831,7770.969,8053.862
2004-02-01,9479.7888521,9465.4651955,9434.453805,5266.3963096,5265.1832396,5257.937541,4213.3925425,4200.2819559,4176.516264,6796.8069564,6778.9781526,6818.29217,4498.9085148,4492.7261365,4515.545701,2297.8984417,2286.2520161,2302.746469,2682.9818957,2686.487043,2616.161635,767.4877949,772.4571031,742.39184,1915.4941008,1914.0299398,1873.769795,59.8286882,59.732334,59.536635,67.6806651,67.65738,67.5642731,52.2513445,52.0846273,51.7899263,555.5122329,566.0829568,640.791082,298.1347725,302.7694838,335.0801544,257.3774604,263.313473,305.7109276,403.1385162,409.0102075,459.1029973,242.2729663,245.3834191,270.9455343,160.8655499,163.6267884,188.157463,152.3737168,157.0727493,181.6880847,55.8618062,57.3860647,64.1346201,96.5119105,99.6866846,117.5534646,5.5355811,5.6430269,6.3600547,5.3577699,5.4377165,5.9910441,5.7568933,5.8991339,6.8205139,5.5991885,5.6901902,6.3086171,5.1099703,5.1789309,5.6606295,6.5425372,6.6789748,7.5537824,5.3740602,5.5238068,6.4938472,6.7847007,6.9152904,7.9519549,4.7968003,4.950383,5.9032839,10035.301085,10031.5481523,10075.24489,5564.5310822,5567.9527234,5593.017696,4470.7700029,4463.5954289,4482.227191,63.3346279,63.3046314,63.580382,71.51212,71.547955,71.8700388,55.4431473,55.3497853,55.5808242,5771.223113,2189.109304,3582.113809,15846.468,7782.127,8064.341
2004-03-01,9490.7438486,9499.0594153,9506.389698,5271.7776473,5268.4048023,5273.381263,4218.9662013,4230.6546131,4233.008435,6802.9081847,6819.1849678,6796.007437,4503.1623168,4508.6578382,4502.553202,2299.7458679,2310.5271296,2293.454235,2687.8356639,2679.8744476,2710.38226,768.6153305,759.7469641,770.8280604,1919.2203334,1920.1274834,1939.5542,59.8290591,59.8625911,59.9087862,67.6691671,67.6016934,67.665549,52.2627192,52.3932858,52.422436,551.3989082,546.2091762,575.8555786,297.9741864,295.1984981,302.7488902,253.4247218,251.0106781,273.1066884,400.5135476,399.9079171,408.5607984,241.580535,241.7523182,242.3743726,158.9330126,158.155599,166.1864258,150.8853606,146.3012591,167.2947802,56.3936514,53.44618,60.3745176,94.4917092,92.8550791,106.9202626,5.4908491,5.4374771,5.7115807,5.3498647,5.3058869,5.4293727,5.666426,5.600835,6.0608014,5.5600458,5.5395868,5.6708575,5.0915412,5.0890831,5.1080732,6.4641631,6.4064773,6.7565327,5.3152585,5.1766512,5.8135356,6.8355197,6.5723845,7.2635142,4.6924142,4.6128109,5.2246077,10042.1427569,10045.2685915,10082.24528,5569.7518337,5563.6033004,5576.130153,4472.3909231,4481.6652911,4506.115123,63.3050435,63.3047737,63.5377989,71.4939993,71.3895418,71.5502805,55.4020345,55.501853,55.8046447,5785.860724,2217.172847,3568.687877,15868.106,7793.303,8074.803
2004-04-01,9501.0273684,9508.8832029,9512.044937,5276.0449607,5271.4165042,5278.075624,4224.9824077,4237.4666986,4233.969313,6808.576293,6814.5265859,6778.680187,4505.8300134,4503.9242094,4492.960077,2302.7462796,2310.6023765,2285.720111,2692.4510754,2694.356617,2733.36475,770.2149474,767.4922948,785.1155471,1922.236128,1926.8643222,1948.249203,59.8309924,59.8753226,59.8952313,67.6503954,67.5843857,67.6697617,52.2842773,52.4349134,52.3916363,549.0637742,554.1899698,561.8345207,298.4870021,304.8552866,307.4368549,250.5767721,249.3346832,254.3976658,399.2143303,405.1166832,406.3494165,241.51147,245.371811,245.6506941,157.7028604,159.7448722,160.6987224,149.8494439,149.0732866,155.4851042,56.9755321,59.4834755,61.7861608,92.8739117,89.5898111,93.6989434,5.4632716,5.5071643,5.5771416,5.3544765,5.4670091,5.5041835,5.5987813,5.5570698,5.6679337,5.5386505,5.6113116,5.6555009,5.0872993,5.166488,5.1840235,6.4095151,6.4664946,6.568733,5.2721182,5.2427277,5.3822494,6.887837,7.1928922,7.2955527,4.6088754,4.4429382,4.5887034,10050.0911426,10063.0731726,10073.87946,5574.5319628,5576.2717908,5585.512479,4475.5591797,4486.8013818,4488.366979,63.2886217,63.3649335,63.4329783,71.4776494,71.4929096,71.6113837,55.385172,55.5202102,55.5395831,5807.259542,2214.242521,3593.017021,15881.139,7799.755,8081.384
2004-05-01,9512.0896298,9524.5081463,9533.473324,5280.2214875,5285.485987,5283.060078,4231.8681423,4239.0221593,4250.413246,6815.4930332,6814.3833105,6785.448882,4507.6197063,4507.362942,4495.326012,2307.8733269,2307.0203685,2290.12287,2696.5965966,2710.1248358,2748.024442,772.6017812,778.123045,787.7340662,1923.9948154,1932.0017908,1960.290376,59.8422342,59.924528,59.9809334,67.6357797,67.7089598,67.6778831,52.3200625,52.4113245,52.552164,548.4093255,536.9702977,538.0881862,299.5117687,290.8331933,292.3528115,248.8975568,246.1371045,245.7353747,398.4752682,395.1077393,394.2807247,241.6971758,240.136391,240.8575031,156.7780923,154.9713483,153.4232216,149.9340573,141.8625584,143.8074615,57.8145929,50.6968022,51.4953084,92.1194645,91.1657562,92.3121531,5.4511146,5.3368926,5.3426491,5.367851,5.2155048,5.2436083,5.5547996,5.4878119,5.4654638,5.5236626,5.4803832,5.4915818,5.0890935,5.0581659,5.0854766,6.3610655,6.294552,6.278712,5.267256,4.974165,4.9728845,6.962121,6.1167457,6.1360231,4.5691589,4.5060903,4.4973224,10060.4989553,10061.478444,10071.56151,5579.7332562,5576.3191802,5575.41289,4480.7656991,4485.1592638,4496.148621,63.292374,63.3029378,63.3663765,71.4723066,71.4346367,71.4230268,55.3972698,55.4545668,55.5904394,5822.61149,2230.77111,3591.840379,15894.173,7806.184,8087.989
2004-06-01,9526.6361286,9529.5773492,9543.32482,5285.6257644,5289.1303635,5290.313687,4241.0103642,4240.4469858,4253.011132,6825.2896876,6832.0884975,6793.726223,4509.3737975,4511.5684036,4490.589627,2315.91589,2320.5200938,2303.136596,2701.346441,2697.4888518,2749.598597,776.2519669,777.5619598,799.7240608,1925.0944741,1919.9268919,1949.874536,59.8765597,59.9072983,59.9937212,67.6383021,67.6996901,67.7148364,52.3846106,52.3863156,52.5415326,548.9763644,550.7141572,537.2928021,300.7029406,301.3856472,293.9883545,248.2734238,249.32851,243.3044476,397.7347392,397.3295282,391.9370039,241.754137,241.5063842,239.5979099,155.9806022,155.8231439,152.339094,151.2416251,153.384629,145.3557982,58.9488036,59.879263,54.3904446,92.2928215,93.5053661,90.9653536,5.4485657,5.4632761,5.3299592,5.3828365,5.3910166,5.2645497,5.5303571,5.5532512,5.411196,5.5064848,5.4960099,5.4544305,5.0883525,5.0810558,5.0652941,6.3101591,6.2924695,6.2040563,5.3019091,5.3802678,5.0210048,7.0580399,7.1502646,6.3680507,4.5748688,4.6440781,4.4572509,10075.612493,10080.2915064,10080.61762,5586.328705,5590.5160107,5584.302042,4489.2837879,4489.7754958,4496.31558,63.3269713,63.3693403,63.3713904,71.4862923,71.5573593,71.4778219,55.4512634,55.4665102,55.5473062,5826.588378,2228.333958,3598.25442,15907.206,7812.636,8094.57
2004-07-01,9546.671848,9537.881767,9553.104944,5292.8798236,5286.1053601,5301.651576,4253.7920244,4251.7764069,4251.453368,6839.0961337,6838.5737745,6865.015908,4512.0969299,4511.1035522,4526.982162,2326.9992038,2327.4702223,2338.033747,2707.5757143,2699.3079924,2688.089036,780.7828937,775.0018079,774.6694139,1926.7928206,1924.3061845,1913.419622,59.9433532,59.8909239,59.9865143,67.6622467,67.579669,67.778418,52.4922646,52.4691334,52.4651469,548.9075248,560.5281176,512.2979103,301.3004986,300.5599888,274.9926714,247.6070262,259.9681289,237.3052389,395.7884616,414.0662706,382.5467738,241.1595165,244.6571838,226.9398104,154.6289451,169.4090868,155.6069633,153.1190632,146.461847,129.7511366,60.1409821,55.9028049,48.052861,92.978081,90.5590421,81.6982756,5.4371077,5.5506572,5.0896911,5.3859633,5.3799533,4.9311496,5.5006682,5.7620312,5.2866563,5.4705567,5.7091799,5.2782817,5.0735642,5.1444384,4.7737386,6.2309474,6.7848328,6.2401517,5.3525131,5.1466512,4.6046308,7.1517748,6.727945,5.8407147,4.6033974,4.4945459,4.0949097,10095.5793728,10098.4098846,10065.40285,5594.1803223,5586.6653488,5576.644247,4501.3990506,4511.7445358,4488.758607,63.389932,63.4106306,63.2033706,71.5139625,71.4221472,71.2940334,55.5477627,55.6772753,55.393617,5860.018145,2245.390753,3614.627393,15925.421,7822.035,8103.386
2004-08-01,9571.9046097,9535.2210454,9462.086553,5301.6880417,5269.3818686,5230.516501,4270.216568,4265.8391767,4231.570052,6856.0290218,6847.0771673,6772.970418,4516.2442186,4506.0540332,4468.445107,2339.7848032,2341.023134,2304.525311,2715.8755879,2688.1438781,2689.116135,785.4438231,763.3278354,762.0713941,1930.4317648,1924.8160427,1927.044741,60.038575,59.8058275,59.3471209,67.7015525,67.2850965,66.788822,52.6410307,52.585433,52.162994,546.7608712,556.7873416,529.3543759,300.5608707,302.6459815,287.239607,246.2000005,254.1413601,242.1147689,392.297409,391.4009234,370.2480044,239.6702122,236.7072915,226.7307115,152.6271969,154.6936319,143.5172929,154.4634621,165.3864183,159.1063715,60.8906585,65.93869,60.5088955,93.5728036,99.4477282,98.597476,5.403488,5.5171114,5.2980784,5.3650039,5.4315231,5.2057322,5.4512244,5.6226207,5.4119764,5.4122481,5.4072267,5.1832099,5.0394139,4.9909172,4.8290143,6.1236745,6.1983649,5.8625325,5.3813664,5.7958529,5.5861637,7.1946328,7.9514472,7.3559866,4.6231518,4.9127851,4.8674675,10118.6654809,10092.008387,9991.440929,5602.2489124,5572.0278501,5517.756108,4516.4165685,4519.9805369,4473.684821,63.4680642,63.2980515,62.6672826,71.539658,71.1496037,70.4566041,55.6760575,55.7182594,55.1475674,5952.191071,2313.668892,3638.522179,15943.632,7831.425,8112.207
2004-09-01,9601.4841506,9591.3540992,9668.62688,5312.1418593,5308.8930966,5335.44388,4289.3422913,4282.4610025,4333.183,6875.6446698,6860.4878451,6956.694085,4522.6313307,4516.7812836,4556.252697,2353.0133391,2343.7065615,2400.441387,2725.8394809,2730.8662541,2711.932795,789.5105286,792.111813,779.1911829,1936.3289522,1938.754441,1932.741612,60.1564198,60.0892497,60.573359,67.7572669,67.7083137,68.0469359,52.8185037,52.7330564,53.3576332,542.0690327,544.3542605,551.2600005,298.0817969,301.2525883,307.7621326,243.9872358,243.1016722,243.497868,387.7345194,388.6074795,385.801016,237.217403,240.3626166,241.5410943,150.5171164,148.2448629,144.2599217,154.3345133,155.746781,165.4589845,60.8643939,60.8899717,66.2210382,93.4701194,94.8568093,99.2379463,5.3439759,5.3706583,5.3939932,5.3131892,5.3697819,5.4536753,5.3820759,5.3717447,5.320403,5.3382112,5.3607721,5.2543585,4.9837173,5.0526665,5.0344201,6.0121943,5.9489467,5.6690316,5.3585135,5.3954853,5.7503113,7.1573599,7.138317,7.832988,4.6048952,4.6644514,4.8838063,10143.5531833,10135.7083597,10219.88688,5610.2236562,5610.145685,5643.206013,4533.3295271,4525.5626747,4576.680868,63.5526585,63.499596,64.0269693,71.5593506,71.5504149,71.9720582,55.8229365,55.7265441,56.3559996,5741.960119,2197.622987,3544.337132,15961.847,7840.829,8121.018
2004-10-01,9634.4276782,9645.6011242,9662.242149,5324.3208603,5325.2843103,5337.561301,4310.1068179,4320.316814,4324.680848,6897.4634203,6910.6852398,6900.946403,4531.8340157,4535.7281007,4533.666105,2365.6294046,2374.9571391,2367.280298,2736.964258,2734.9158844,2761.295746,792.4868446,789.5562096,803.8951965,1944.4774133,1945.3596748,1957.40055,60.2901005,60.3573264,60.4614576,67.8297804,67.83786979999999,67.9942642,53.0110112,53.1351212,53.188794,535.617376,520.7953066,490.1177871,293.913559,284.5442193,269.658514,241.703817,236.2510872,220.4592731,382.7093973,368.7513573,346.5800637,233.728901,221.2029263,210.210187,148.9804964,147.548431,136.3698767,152.9079787,152.0439493,143.5377234,60.1846581,63.341293,59.448327,92.7233206,88.7026563,84.0893964,5.2666175,5.122713,4.8276242,5.2314221,5.0722445,4.8091304,5.3100587,5.1848473,4.8504395,5.2568724,5.0656579,4.7820462,4.9045392,4.6501184,4.4311903,5.9245967,5.8492807,5.4468423,5.2911674,5.2665765,4.9413409,7.058364,7.4266008,6.8858253,4.5515063,4.3608622,4.1190208,10170.0450542,10166.3964308,10152.35994,5618.2344193,5609.8285296,5607.219815,4551.8106349,4556.5679012,4545.140121,63.6418747,63.6162018,63.5283685,71.574125,71.4626291,71.4293971,55.9837829,56.0407485,55.9001994,5828.469064,2242.797185,3585.671879,15980.829,7850.017,8130.812
2004-11-01,9669.6555405,9683.6238753,9652.922702,5338.9788932,5346.5685692,5323.585861,4330.6766473,4337.0553061,4329.336841,6921.1442165,6928.1803321,6928.166007,4544.2856017,4545.9410599,4541.909987,2376.8586149,2382.2392721,2386.25602,2748.511324,2755.4435432,2724.756696,794.6932915,800.6275092,781.6758741,1953.8180325,1954.816034,1943.080822,60.4324337,60.523349,60.3314645,67.9279287,68.0295808,67.7371495,53.1958711,53.2766347,53.1818206,529.6100257,526.9912726,485.8762342,288.9959734,289.9021625,269.065459,240.6140523,237.0891101,216.8107752,378.6964679,374.0864571,351.1687153,229.835258,231.9829892,218.7716282,148.8612099,142.1034679,132.3970871,150.9135578,152.9048155,134.7075189,59.1607154,57.9191733,50.2938308,91.7528424,94.9856422,84.4136881,5.192629,5.1612098,4.7922465,5.1349905,5.1433277,4.8110537,5.2635911,5.183245,4.7691099,5.1877361,5.1228813,4.8241869,4.8141902,4.8553093,4.5953846,5.8938133,5.6293254,5.2566623,5.204948,5.257445,4.7109356,6.9286687,6.746188,6.0451517,4.4854394,4.6338943,4.1634484,10199.2655663,10210.6151479,10138.79894,5627.9748666,5636.4707317,5592.65132,4571.2906997,4574.1444162,4546.147617,63.7423367,63.8170826,63.3682261,71.6048299,71.7182874,71.1607305,56.1514541,56.1890509,55.8451366,5861.016063,2266.53068,3594.485383,15999.815,7859.182,8140.633
2004-12-01,9706.2182167,9692.5074678,9807.834475,5355.7693429,5347.3248908,5411.815651,4350.4488738,4345.1825769,4396.018824,6946.6162859,6937.0438508,7059.501854,4559.6900376,4555.0405789,4622.922153,2386.9262483,2382.0032719,2436.579701,2759.6019308,2755.463617,2748.332621,796.0793053,792.2843119,788.893498,1963.5226256,1963.1793051,1959.439123,60.5775763,60.5070872,61.2270352,68.0468147,67.9597626,68.779383,53.3662145,53.3123239,53.9360488,525.6622278,517.5070357,514.0706967,284.2712525,281.1297302,277.5292663,241.3909754,236.3773055,236.5414304,376.3738682,372.1704924,368.5053358,226.1039639,224.8499894,219.1167969,150.2699043,147.320503,149.3885389,149.2883596,145.3365433,145.5653609,58.1672886,56.2797408,58.4124694,91.121071,89.0568025,87.1528915,5.1374938,5.0686219,4.9803858,5.0402342,4.9947943,4.8780531,5.2569555,5.1593193,5.1060627,5.13962,5.0917989,4.9610256,4.7244817,4.7040824,4.5253002,5.9226759,5.8245016,5.7768899,5.1321413,5.0102225,5.0300792,6.8091917,6.6323503,6.8939051,4.4348843,4.3395008,4.2584399,10231.8804445,10210.0145034,10321.90517,5640.0405953,5628.454621,5689.344917,4591.8398492,4581.5598824,4632.560254,63.8582921,63.7377108,64.4362069,71.6585746,71.5326724,72.3065341,56.3273164,56.2125067,56.8382452,5696.891828,2179.024083,3517.867746,16018.797,7868.369,8150.428
2005-01-01,9742.5962583,9745.1982759,9634.401564,5373.8373499,5379.398235,5342.185036,4368.7589084,4365.8000408,4292.216528,6973.2298625,6969.0248392,6974.672246,4577.2795273,4578.7043752,4576.982372,2395.9503352,2390.320464,2397.689874,2769.3663958,2776.1734367,2659.729317,796.5578226,800.6938598,765.2026639,1972.8085732,1975.4795768,1894.526653,60.7183321,60.7392794,60.0487124,68.1776989,68.2544872,67.7823214,53.5162293,53.4832735,52.581838,524.6240565,520.828821,568.9236013,280.8133203,278.0346501,308.3379791,243.8107362,242.7941709,260.5856221,375.9593082,377.4331215,423.6225347,223.2156337,225.6412336,252.2560296,152.7436745,151.7918879,171.3665051,148.6647484,143.3956995,145.3010665,57.5976867,52.3934165,56.0819495,91.0670617,91.002283,89.219117,5.109699,5.073324,5.5758647,4.9660596,4.914502,5.4568042,5.2857898,5.2682914,5.7236316,5.115657,5.1376204,5.7259483,4.649846,4.696607,5.2235158,5.9930174,5.9710928,6.6704066,5.0946937,4.9115364,5.1800176,6.7432319,6.1416244,6.8285645,4.4124297,4.4037301,4.4975076,10267.2203148,10266.0270969,10203.32516,5654.6506703,5657.4328852,5650.523015,4612.5696446,4608.5942117,4552.80215,63.9879224,63.9854696,63.5946648,71.7403683,71.7822261,71.6945528,56.5028512,56.4576258,55.7741446,5840.984835,2230.860985,3610.12385,16044.31,7881.384,8162.926
2005-02-01,9777.7493999,9775.0324119,9744.614596,5392.2192634,5390.0962326,5385.450767,4385.5301365,4384.9361794,4359.163829,6999.7412122,7013.3038623,7057.599227,4595.452654,4601.3665725,4627.034243,2404.2885581,2411.9372897,2430.564985,2778.0081877,2761.7285496,2687.015369,796.7666094,788.72966,758.4165241,1981.2415783,1972.9988896,1928.598844,60.8519657,60.8285084,60.639223,68.312455,68.2776384,68.2187932,53.6483372,53.6354697,53.3202286,525.6006842,523.6019299,592.0104568,278.6307332,276.1977968,305.2344419,246.969951,247.404133,286.7760149,376.296347,375.2594405,421.4104849,221.0569953,216.8433606,239.046922,155.2393517,158.4160798,182.363563,149.3043372,148.3424894,170.5999718,57.5737379,59.3544362,66.1875199,91.7305993,88.9880532,104.412452,5.1012601,5.084188,5.727309,4.9133857,4.8743993,5.3637555,5.3312455,5.3408022,6.1726158,5.1016056,5.078923,5.634576,4.5895682,4.5004963,4.9125141,6.0651557,6.1632024,6.9792786,5.1003894,5.0975556,5.9700118,6.7389698,6.9986498,8.026582,4.4250762,4.3156458,5.135852,10303.3500841,10298.6343418,10336.62505,5670.8499967,5666.2940294,5690.685209,4632.5000875,4632.3403124,4645.939844,64.1230492,64.0868018,64.3232121,71.8423466,71.776302,72.0852709,56.6695289,56.6616567,56.8280028,5733.195947,2203.694791,3529.501156,16069.821,7894.38,8175.441
2005-03-01,9810.6716062,9816.3984985,9828.33476,5409.6109556,5411.5188562,5417.93055,4401.0606507,4404.8796424,4410.40421,7024.7031231,7015.0941576,6990.944961,4612.6669845,4611.4516366,4605.296709,2412.0361386,2403.642521,2385.648252,2785.9684832,2801.3043409,2837.389799,796.9439711,800.0672195,812.6338414,1989.0245121,2001.2371214,2024.755958,60.9759933,60.9890947,61.0632545,68.4390737,68.4361772,68.517262,53.7692846,53.7971722,53.8646442,526.8455793,534.3834255,565.3458876,277.3866991,277.1077995,285.9044596,249.4588802,257.275626,279.441428,375.9528236,377.042976,386.1677347,219.4722566,216.8030213,217.7354152,156.480567,160.2399547,168.4323195,150.8927557,157.3404496,179.1781529,57.9144425,60.3047782,68.1690444,92.9783132,97.0356713,111.0091085,5.0964421,5.1627348,5.4393232,4.8775596,4.8712601,5.0124953,5.3641078,5.5183839,5.9584355,5.0799933,5.100595,5.2346731,4.5419274,4.490298,4.5144923,6.0922542,6.2498947,6.5946361,5.1378919,5.3179905,5.9398016,6.7747409,7.0091517,7.7394211,4.4658111,4.6245499,5.1976273,10337.5171855,10350.7819241,10393.68065,5686.9976547,5688.6266557,5703.83501,4650.5195309,4662.1552684,4689.845638,64.2504819,64.3092086,64.5757376,71.9483998,71.9405905,72.1329213,56.8170102,56.9393014,57.2774863,5701.653353,2203.55999,3498.093362,16095.334,7907.395,8187.939
2005-04-01,9840.0666938,9855.252924,9856.253247,5424.7182654,5439.1284261,5445.635643,4415.3484283,4416.1244979,4410.617604,7046.5865534,7062.380731,7025.591855,4627.5903765,4637.0023677,4626.208188,2418.9961769,2425.3783634,2399.383666,2793.4801404,2792.8721929,2830.661392,797.1278889,802.1260584,819.4274545,1996.3522514,1990.7461345,2011.233938,61.084128,61.17199,61.1781991,68.5434874,68.717754,68.799966,53.880353,53.8843795,53.8171859,526.6768824,532.0341002,539.4792673,276.6163042,282.0430276,283.9827307,250.0605783,249.9910726,255.4965366,374.4015478,384.6631467,385.7148163,218.5259668,225.7103534,225.6652739,155.8755809,158.9527933,160.0495423,152.2753347,147.3709535,153.764451,58.0903373,56.3326742,58.3174568,94.1849973,91.0382793,95.4469943,5.0804467,5.1219736,5.1894301,4.8517816,4.9298125,4.9563987,5.3598854,5.3575842,5.4755741,5.0451711,5.1653133,5.2044104,4.5093009,4.6416551,4.6510956,6.0537221,6.1506356,6.2533198,5.1693135,5.0122029,5.1522289,6.7924578,6.5620713,6.6440097,4.5053011,4.3730887,4.5306811,10366.7435762,10387.2870242,10395.73251,5701.3345696,5721.1714537,5729.618373,4665.4090066,4666.1155705,4666.114141,64.3535771,64.4743492,64.5267707,72.0386452,72.2810756,72.3877936,56.9318341,56.9347043,56.9346868,5714.995486,2185.553627,3529.441859,16110.728,7915.172,8195.556
2005-05-01,9865.0414311,9838.9906345,9850.755076,5436.8833646,5426.5595548,5423.954199,4428.1580665,4412.4310797,4426.800877,7063.2492827,7033.288802,7005.514055,4639.062515,4631.5068436,4619.286037,2424.1867676,2401.7819584,2386.228018,2801.7921484,2805.7018325,2845.241021,797.8208495,795.0527111,804.6681621,2003.9712989,2010.6491213,2040.572859,61.1698705,61.0127546,61.0857073,68.6164836,68.4917584,68.4588747,53.9777095,53.7892557,53.9644291,524.8967784,528.6991263,530.6886026,276.0455215,279.4005355,281.7874148,248.8512569,249.2985908,248.9011878,371.8383498,371.1523846,370.9724088,218.138824,219.4084483,221.0758097,153.6995258,151.7439363,149.8965991,153.0584286,157.5467417,159.7161938,57.9066976,59.9920872,60.7116051,95.151731,97.5546545,99.0045887,5.0519721,5.0994883,5.111896,4.8319439,4.8966437,4.9386641,5.3207347,5.3477702,5.3232902,5.0011294,5.0125644,5.0291207,4.4910394,4.5230319,4.5673406,5.9622306,5.9425258,5.9104587,5.1799042,5.31669,5.3150904,6.7669549,7.0162508,7.0156026,4.5329278,4.6273826,4.6272963,10389.9382095,10367.6897607,10381.44368,5712.9288861,5705.9600902,5705.741614,4677.0093234,4661.7296705,4675.702064,64.4245824,64.291281,64.3765707,72.1003312,72.0182348,72.0154773,57.0111199,56.8283028,56.9986317,5744.677321,2217.196386,3527.480936,16126.121,7922.938,8203.183
2005-06-01,9884.9977514,9885.4978494,9896.608919,5446.0148169,5450.2483678,5449.888711,4438.9829345,4435.2494816,4446.720208,7073.29167,7087.447302,7047.176693,4646.829319,4654.985062,4632.25807,2426.462351,2432.46224,2414.918623,2811.7060814,2798.0505473,2849.432226,799.1854979,795.2633058,817.6306415,2012.5205835,2002.7872415,2031.801584,61.2263601,61.2426891,61.3115245,68.6532816,68.7232393,68.7187043,54.0524959,54.0173031,54.1570061,521.8415319,514.818237,502.5475118,275.6602121,271.7692408,265.3246528,246.1813198,243.0489962,237.2228589,369.0842217,364.9627699,360.5836249,218.4453915,216.0794037,214.8957616,150.6388301,148.8833662,145.6878633,152.7573103,149.8554671,141.9638868,57.2148206,55.6898371,50.4288912,95.5424897,94.16563,91.5349956,5.0144094,4.9500249,4.8325796,4.8178236,4.7495352,4.6424278,5.2544864,5.1952435,5.0645974,4.9592258,4.8972449,4.867647,4.4898881,4.4359791,4.4334422,5.8452819,5.767665,5.6895842,5.1529498,5.0834547,4.7457402,6.68085,6.544407,5.8093817,4.5322406,4.4905935,4.3109037,10406.8392834,10400.3160864,10399.15643,5721.6750291,5722.0176086,5715.213364,4685.1642543,4678.2984778,4683.943067,64.4585771,64.4320938,64.4249095,72.1282957,72.1500304,72.0642343,57.0501904,56.9774187,57.0461647,5742.358569,2215.507636,3526.850933,16141.515,7930.721,8210.794
2005-07-01,9900.8029458,9900.2461326,9912.33429,5452.4773651,5449.8079768,5466.017305,4448.3255806,4450.4381558,4446.316984,7077.6817253,7078.5400474,7104.006952,4651.7072571,4645.9270517,4662.366453,2425.9744682,2432.6129957,2441.640499,2823.1212205,2821.7060852,2808.327338,800.7701081,803.8809251,803.6508525,2022.3511124,2017.8251601,2004.676486,61.2555755,61.2555032,61.3302959,68.6546911,68.6253404,68.8294523,54.10786,54.1361698,54.0860389,518.6880489,518.0078484,473.5500571,275.9438445,270.9051384,246.8509823,242.7442044,247.10271,226.6990747,367.1729969,362.4625916,335.2109798,219.5528434,213.3524247,197.4586244,147.6201535,149.1101669,137.7523554,151.515052,155.5452568,138.3390773,56.3910011,57.5527137,49.3923579,95.1240509,97.9925431,88.9467194,4.9780555,4.9721177,4.5595545,4.8171012,4.7355134,4.320964,5.1746023,5.2602567,4.8512368,4.9319028,4.8711526,4.5059976,4.5071057,4.3906185,4.0630809,5.7359521,5.7756064,5.3404953,5.0935657,5.2244584,4.6947655,6.57881,6.6810386,5.7901355,4.4923337,4.6314266,4.2484588,10419.4909946,10418.2539811,10385.88435,5728.4212096,5720.7131152,5712.868288,4691.069785,4697.5408658,4673.016059,64.4646622,64.460558,64.2602784,72.1292291,72.0366454,71.9378614,57.0605147,57.1419849,56.8436594,5776.330653,2228.524712,3547.805941,16162.215,7941.393,8220.822
2005-08-01,9914.1791402,9944.4474032,9870.335511,5457.4704509,5475.1888915,5434.72265,4456.7086893,4469.2585116,4435.612862,7079.3617545,7096.6384044,7022.974518,4655.2198809,4677.8886401,4640.341234,2424.1418735,2418.7497643,2382.633283,2834.8173857,2847.8089988,2847.360994,802.25057,797.3002515,794.3814157,2032.5668158,2050.5087473,2052.979578,61.2658365,61.4502851,60.9923213,68.6333279,68.8524249,68.3435477,54.1480535,54.298863,53.8900882,517.2847832,512.5349418,486.5780658,277.4414215,280.6776,265.3828166,239.8433618,231.8573418,221.1952493,367.0170023,364.0105079,342.5722871,221.4616538,225.7013937,214.7046019,145.5553485,138.3091142,127.8676852,150.2677809,148.5244339,144.0057787,55.9797677,54.9762063,50.6782147,94.2880133,93.5482276,93.327564,4.9588896,4.9013657,4.6980991,4.8377626,4.8763744,4.6557527,5.1067966,4.931964,4.7499327,4.9287985,4.879073,4.6510096,4.5412367,4.6027786,4.4222981,5.6642996,5.4089139,5.0933135,5.0339529,4.9568727,4.8140462,6.5226974,6.4505133,5.9969987,4.4332134,4.3631409,4.3482856,10431.4639234,10456.982345,10356.91358,5734.9118724,5755.8664916,5700.105466,4696.552051,4701.1158534,4656.808111,64.4624587,64.6174212,63.9990606,72.1224404,72.3820444,71.6808299,57.0620988,57.1157934,56.5774804,5826.001423,2251.958534,3574.042889,16182.915,7952.064,8230.851
2005-09-01,9925.7835578,9928.1563853,10004.56892,5461.5629881,5466.6644154,5492.701142,4464.2205697,4461.4919699,4511.867776,7081.5199327,7082.8207396,7180.719115,4658.2421794,4656.9085496,4696.185709,2423.2777533,2425.91219,2484.533405,2844.2636252,2845.3356457,2823.849803,803.3208087,809.7558658,796.5154322,2040.9428165,2035.5797798,2027.334371,61.2607055,61.2712434,61.7428205,68.5958429,68.6529706,68.9799522,54.1736114,54.1386368,54.7499295,518.833732,522.7777293,527.7070802,280.5011856,282.0827524,287.6178745,238.3325464,240.6949769,240.0892057,369.0444802,374.5458914,370.4362467,224.0799157,225.4819753,225.7983493,144.9645645,149.0639161,144.6378974,149.7892518,148.2318379,157.2708335,56.4212699,56.6007771,61.8195252,93.3679818,91.6310608,95.4513083,4.9674748,5.0022106,5.0103803,4.8850235,4.9068561,4.9758132,5.0681521,5.1187879,5.052428,4.9532419,5.0224953,4.9056896,4.5896176,4.61827,4.5875474,5.6445049,5.7889437,5.5012732,5.0028927,4.9516785,5.2755609,6.562581,6.533196,7.2022612,4.3746198,4.3075683,4.4965118,10444.6172898,10450.9341146,10532.276,5742.0641738,5748.7471678,5780.319016,4702.5531161,4702.1869468,4751.956982,64.462883,64.4975465,64.9995448,72.1188665,72.1954999,72.5919942,57.0657926,57.0593857,57.6633276,5671.339002,2182.430984,3488.908018,16203.615,7962.75,8240.865
2005-10-01,9937.0399291,9932.8429508,9949.709731,5465.9123809,5458.6348219,5469.991032,4471.1275482,4474.2081289,4479.718699,7086.1072395,7063.9257024,7048.590034,4661.3477294,4648.8081704,4644.746383,2424.7595101,2415.117532,2403.843651,2850.9326896,2868.9172484,2901.119696,804.5646515,809.8266515,825.244649,2046.3680381,2059.0905969,2075.875047,61.2488392,61.2205445,61.324502,68.5564512,68.4616485,68.604077,54.1877229,54.2235256,54.290309,522.9077958,524.5114003,494.0263603,284.6142579,283.9217232,269.9559947,238.2935378,240.5896771,224.0703657,372.8482835,373.4918995,351.165057,227.0081583,227.3483604,216.4971457,145.8401251,146.143539,134.6679113,150.0595123,151.0195008,142.8613033,57.6060996,56.5733628,53.458849,92.4534127,94.446138,89.4024543,4.9991435,5.015718,4.7303604,4.9493599,4.9441694,4.7031095,5.0599327,5.1028631,4.7636142,4.9986661,5.0217955,4.7456308,4.643855,4.66245,4.4535343,5.6733893,5.7059212,5.304995,5.00033,5.0007505,4.693239,6.6815187,6.5297047,6.0838325,4.3226335,4.3856293,4.1289144,10459.9477249,10457.3543511,10443.73609,5750.5266388,5742.5565451,5739.947027,4709.421086,4714.797806,4703.789064,64.4718811,64.4533424,64.369407,72.1262383,72.0225662,71.9898379,57.0757157,57.1392641,57.0058477,5780.952909,2233.326973,3547.625936,16224.689,7973.274,8251.415
2005-11-01,9948.6674706,9942.0615121,9944.998167,5471.2544298,5465.0775453,5455.145331,4477.4130408,4476.9839668,4489.852836,7094.2746801,7107.3458036,7109.17314,4664.7346465,4678.5356869,4674.643495,2429.5400336,2428.8101166,2434.529645,2854.3927905,2834.7157085,2835.825027,806.5197833,786.5418583,780.5018365,2047.8730072,2048.1738502,2055.323191,61.2347042,61.1978699,61.2159463,68.524001,68.4521448,68.3277401,54.1904687,54.1878441,54.3436044,527.6206346,516.4595351,476.3823279,288.3973869,284.3749347,263.7820534,239.2232477,232.0846004,212.6002745,376.5143144,371.7479798,348.7715001,229.0018802,227.7895213,214.6384179,147.5124341,143.9584585,134.1330822,151.1063202,144.7115552,127.6108278,59.3955066,56.5854133,49.1436355,91.7108135,88.1261419,78.4671923,5.0363319,4.9381699,4.5712018,5.0072018,4.946122,4.6124393,5.0719036,4.9284608,4.5210504,5.03982,4.970495,4.6765096,4.6794894,4.6427726,4.3899784,5.7240757,5.5954686,5.2219032,5.0276615,4.8570259,4.3061782,6.8592745,6.7113727,5.9234501,4.2863856,4.1251763,3.6773618,10476.2881052,10458.5210471,10421.3805,5759.6518167,5749.45248,5718.927385,4716.6362885,4709.0685672,4702.453111,64.482244,64.3769111,64.1482943,72.1359959,72.0140475,71.6317092,57.0858057,56.9969147,56.9168436,5824.383505,2264.865615,3559.517889,16245.764,7983.793,8261.971
2005-12-01,9962.0068037,9957.3988531,10074.68744,5478.3983942,5471.3230846,5535.945539,4483.6084095,4486.0757685,4538.741905,7105.0017848,7099.4130579,7220.973126,4668.5036376,4666.2841265,4733.237616,2436.4981473,2433.1289313,2487.73551,2857.0050189,2857.9857952,2853.714318,809.8947566,805.0389581,802.7079232,2047.1102623,2052.9468371,2051.006395,61.2270375,61.2128728,61.9339016,68.5088381,68.4401567,69.2485117,54.1890557,54.2286416,54.8652812,530.93175,531.7903327,525.8469509,290.3570684,291.0950619,286.312025,240.5746816,240.6952708,239.5349259,378.2407175,374.7810894,368.2108878,229.1256971,228.0043471,220.9071692,149.1150204,146.7767423,147.3037186,152.6910325,157.0092433,157.6360631,61.2313713,63.0907148,65.4048558,91.4596611,93.9185285,92.2312073,5.0598957,5.0698898,4.9605702,5.0332705,5.051613,4.9175431,5.0924081,5.0921711,5.0129981,5.054503,5.0143344,4.8517849,4.678298,4.6585801,4.4590374,5.7671048,5.689229,5.5901907,5.0733041,5.207612,5.23473,7.0289903,7.2674298,7.5341427,4.2766739,4.3746818,4.303359,10492.9385537,10489.1891858,10600.5344,5768.7554626,5762.4181465,5822.257564,4724.1830911,4726.7710393,4778.276831,64.490173,64.4820412,65.1665333,72.139831,72.0814317,72.8299561,57.0966502,57.1382175,57.7608305,5666.303605,2172.059436,3494.244169,16266.838,7994.317,8272.521
2006-01-01,9978.659801,9958.0564426,9842.669757,5487.797753,5467.9628482,5426.493178,4490.862048,4490.0935945,4416.176579,7117.7022088,7136.6813324,7132.969712,4672.8845249,4681.1693226,4673.855003,2444.817684,2455.5120098,2459.11471,2860.9575921,2821.3751102,2709.700045,814.9132281,786.7935256,752.6381756,2046.044364,2034.5815846,1957.061869,61.2379834,61.1144433,60.4062937,68.5191793,68.2756869,67.7578761,54.1994638,54.1924479,53.3003186,531.4445318,542.0204305,591.5153355,289.7930503,294.1686956,325.8219211,241.6514815,247.8517349,265.6934144,377.2813089,384.1720703,431.9557406,227.4150227,229.4395502,256.8559116,149.8662863,154.7325201,175.099829,154.1632228,157.8483603,159.5595948,62.3780276,64.7291454,68.9660095,91.7851952,93.1192148,90.5935854,5.0565105,5.1620615,5.6690133,5.0158113,5.1052062,5.6641876,5.1061974,5.2312072,5.6749422,5.0337844,5.1080915,5.7099801,4.6408392,4.6723239,5.2093079,5.7758975,5.9278937,6.6471362,5.1130032,5.2983055,5.5610023,7.1102986,7.6015763,8.3940675,4.2933823,4.3765183,4.4242592,10510.1043328,10500.0768732,10434.18509,5777.5908033,5762.1315438,5752.315099,4732.5135295,4737.9453294,4681.869993,64.4994025,64.4409234,64.0365333,72.1374581,71.9488227,71.8262497,57.1159151,57.1838538,56.5070617,5859.927908,2256.337901,3603.590007,16294.113,8008.653,8285.46
2006-02-01,9999.5987666,9992.9599936,9961.137391,5499.1883176,5496.7967502,5492.586066,4500.410449,4496.1632434,4468.551325,7131.4625453,7137.5522666,7184.043254,4678.0324808,4673.7957928,4701.339353,2453.4300645,2463.7564737,2482.7039,2868.1362214,2855.407727,2777.094138,821.1558369,823.0009573,791.2467129,2046.9803845,2032.4067697,1985.847425,61.2768113,61.2261465,61.0311717,68.555879,68.5131383,68.4606555,54.2392986,54.1810142,53.8482768,528.7265227,537.4191015,606.7298774,286.8735743,293.7995644,324.5121668,241.8529485,243.6195371,282.2177107,373.7144433,383.6332245,430.033776,224.4126026,230.2270851,253.4838117,149.3018407,153.4061394,176.5499644,155.0120794,153.785877,176.6961014,62.4609717,63.5724793,71.0283551,92.5511077,90.2133978,105.6677463,5.0219433,5.1035114,5.7412708,4.9580108,5.0737359,5.5785918,5.0999476,5.1398882,5.9404637,4.9794221,5.1007015,5.6478779,4.5775648,4.6946576,5.1159003,5.7363511,5.861544,6.639079,5.127505,5.1105345,5.9820125,7.0687849,7.1705825,8.2373198,4.3257652,4.2500961,5.0522104,10528.3252894,10530.3790951,10567.86727,5786.0618919,5790.5963145,5817.098233,4742.2633974,4739.7827806,4750.769036,64.5168089,64.5188747,64.748562,72.1322013,72.1751129,72.5054379,57.1541292,57.1167514,57.2491413,5753.525731,2205.883767,3547.641964,16321.393,8022.982,8298.411
2006-03-01,10025.0702815,10034.3442481,10048.65918,5512.4448729,5521.9551896,5529.305745,4512.6254086,4512.3890584,4519.353439,7147.007407,7139.5687568,7115.245469,4684.7438677,4688.3051797,4682.156368,2462.2635393,2451.2635771,2433.089102,2878.0628745,2894.7754913,2933.413714,827.7010052,833.6500099,847.1493768,2050.3618693,2061.1254814,2086.264337,61.3479387,61.3771363,61.4646966,68.6213169,68.703936,68.7953913,54.3151543,54.2919038,54.3756974,523.2309116,513.3677885,542.7729119,282.447657,279.207269,288.1606233,240.7832546,234.1605195,254.6122886,368.4863171,363.2803687,371.907965,221.1035146,218.9705317,219.9091425,147.3828025,144.309837,151.9988225,154.7445945,150.0874199,170.8649469,61.3441424,60.2367373,68.2514809,93.4004521,89.8506825,102.613466,4.9603334,4.8671009,5.1246414,4.8740793,4.8129538,4.9533698,5.0654861,4.9332787,5.3333497,4.9030221,4.8418989,4.9672812,4.5069383,4.4621608,4.4860507,5.6476159,5.5598442,5.8798318,5.1023547,4.9292012,5.5041755,6.9000031,6.7387438,7.4559118,4.3568474,4.1772049,4.6879486,10548.3011931,10547.7120366,10591.4321,5794.8925299,5801.1624586,5817.466368,4753.4086632,4746.5495779,4773.965727,64.5498253,64.5172563,64.7846791,72.1373484,72.1778212,72.3806738,57.2132854,57.1092629,57.4391269,5757.235905,2219.853632,3537.382273,16348.668,8037.32,8311.348
2006-04-01,10054.8643213,10041.6230703,10041.00611,5526.5744528,5522.3144236,5528.450734,4528.2898684,4519.3086466,4512.555372,7165.9612798,7159.2821781,7122.496743,4693.3269667,4686.454831,4675.760849,2472.6343131,2472.827347,2446.735895,2888.9030415,2882.3408922,2918.509363,833.2474861,835.8595926,852.6898855,2055.6555553,2046.4812996,2065.819477,61.4505961,61.3619095,61.3581394,68.704108,68.6406729,68.7169454,54.4365276,54.3229489,54.2417733,516.69892,524.6794858,533.0018402,277.8130462,277.9395699,279.8756646,238.8858737,246.7399159,253.1261757,363.0244907,356.2619985,357.0525204,218.2746346,211.8814604,211.650676,144.7498561,144.3805381,145.4018444,153.6744292,168.4174873,175.9493198,59.5384116,66.0581095,68.2249886,94.1360176,102.3593778,107.7243313,4.8876302,4.9655921,5.0406794,4.7862595,4.7918517,4.8185251,5.0110566,5.1770332,5.3114371,4.8216918,4.7403354,4.7737171,4.4440623,4.3255801,4.330527,5.5303252,5.5165865,5.609341,5.0507976,5.5205122,5.6859483,6.6688342,7.3241837,7.4083925,4.3788439,4.7634698,4.956161,10571.5632412,10566.3025561,10574.00795,5804.387499,5800.2539936,5808.326399,4767.1757422,4766.0485625,4765.681548,64.6084166,64.5680979,64.6151837,72.1577659,72.0953764,72.195714,57.3082779,57.2888096,57.284398,5790.579054,2236.924601,3553.654452,16364.587,8045.251,8319.336
2006-05-01,10087.4159625,10069.171504,10082.05587,5541.0224326,5520.4302846,5518.794011,4546.39353,4548.7412194,4563.261863,7188.9371812,7182.9833257,7157.787193,4703.7597704,4706.7783689,4694.82576,2485.1774107,2476.2049568,2462.961433,2898.4787814,2886.1881783,2924.268682,837.2626621,813.6519157,823.9682513,2061.2161192,2072.5362625,2100.30043,61.572948,61.4704546,61.5491113,68.7948133,68.5499413,68.5296229,54.589119,54.6240819,54.7984548,510.4728764,507.4982553,509.8665565,274.1062619,272.4959364,275.3774108,236.3666145,235.0023189,234.4891456,358.4898139,359.7077028,360.5668793,216.4183663,218.8880152,221.523696,142.0714477,140.8196876,139.0431833,151.9830624,147.7905525,149.2996772,57.6878956,53.6079212,53.8537149,94.2951668,94.1826313,95.4459623,4.8167412,4.7982802,4.8137301,4.7136749,4.7039428,4.7526625,4.9420545,4.9125192,4.8874805,4.7498282,4.7689571,4.795822,4.398588,4.4438254,4.5058574,5.4076129,5.380908,5.3436947,4.9822968,4.8711796,4.8575356,6.445931,6.1812987,6.1349245,4.3746079,4.3467859,4.3468573,10597.8888389,10576.6697593,10591.92243,5815.1286944,5792.9262211,5794.171422,4782.7601445,4783.7435383,4797.751009,64.6888421,64.5686388,64.6617536,72.1979919,71.9336595,71.9491218,57.4272026,57.4461343,57.6143446,5788.583569,2258.979578,3529.603991,16380.506,8053.151,8327.355
2006-06-01,10120.0841742,10109.2094713,10120.75617,5555.5335521,5547.1613511,5546.570343,4564.5506221,4562.0481202,4574.185822,7214.7377119,7208.9024873,7169.553744,4715.0489275,4708.9093803,4685.644057,2499.6887844,2499.993107,2483.909687,2905.3464623,2900.306984,2951.202422,840.4846247,838.2519709,860.9262865,2064.8618376,2062.0550132,2090.276135,61.6947815,61.6549612,61.7253832,68.8853141,68.8141894,68.8068577,54.7408092,54.7313128,54.8769299,505.3542441,510.6173525,498.2039136,271.8299833,271.7821425,265.5948891,233.5242608,238.83521,232.6090245,355.6082601,358.1290695,354.4083788,215.3885168,215.0685668,214.5485075,140.2197432,143.0605027,139.8598713,149.745984,152.488283,143.7955348,56.4414665,56.7135757,51.0463816,93.3045176,95.7747073,92.7491532,4.756079,4.8081514,4.691645,4.6647164,4.6706441,4.5696376,4.8670408,4.974818,4.839171,4.6973845,4.7327551,4.7103956,4.3685478,4.3677809,4.3783689,5.3115379,5.4126977,5.3304937,4.9015205,4.995038,4.6460624,6.2927667,6.3369563,5.5973587,4.3233237,4.4384738,4.2486523,10625.4384183,10619.8268238,10618.96008,5827.3635354,5818.9434936,5812.165233,4798.0748828,4800.8833301,4806.794847,64.7755582,64.7691605,64.7638743,72.2558444,72.1857278,72.1016415,57.5413712,57.5966408,57.6675619,5777.464921,2248.906767,3528.558153,16396.425,8061.072,8335.353
2006-07-01,10151.131209,10161.0090441,10170.77652,5570.214155,5572.8341968,5588.391932,4580.917054,4588.1748474,4582.384593,7240.6053397,7245.7560044,7268.184159,4725.5753395,4725.6266507,4740.638267,2515.0300003,2520.1293538,2527.545892,2910.5258693,2915.2530397,2902.592365,844.6388155,847.2075461,847.7536645,2065.8870538,2068.0454936,2054.838701,61.802012,61.8712241,61.9306991,68.9727483,69.0164607,69.2091347,54.8665437,54.9601153,54.8907559,501.4120603,496.2927502,454.6273625,270.4128884,270.7092546,246.6840742,230.999172,225.5834957,207.9432883,354.0926059,352.0709777,326.0218783,214.5013986,215.5083527,199.3475361,139.5912073,136.562625,126.6743422,147.3194545,144.2217726,128.6054842,55.9114898,55.2009019,47.3365381,91.4079647,89.0208707,81.2689461,4.7069704,4.656833,4.2786831,4.6298606,4.6326216,4.2276069,4.8005651,4.6862239,4.3408989,4.6623659,4.6338378,4.2930344,4.3420661,4.3615152,4.0353868,5.2584228,5.1403259,4.7725634,4.8177536,4.7139389,4.2427281,6.2085915,6.117064,5.2884657,4.2371564,4.1269417,3.8045342,10652.5432694,10657.3017944,10625.40389,5840.6270434,5843.5434514,5835.076006,4811.916226,4813.758343,4790.327881,64.8547037,64.8931917,64.6989627,72.321115,72.3690447,72.2641801,57.6332662,57.6622998,57.3816346,5797.431113,2239.568994,3557.862119,16422.835,8074.645,8348.19
2006-08-01,10179.2619625,10179.3779594,10105.77323,5584.9594063,5582.9758333,5543.142611,4594.3025562,4596.4021261,4562.630618,7264.4327237,7269.6133939,7196.822396,4734.8032408,4737.2688102,4702.049883,2529.6294829,2532.3445837,2494.772513,2914.8292387,2909.7645655,2908.950833,850.1561655,845.7070231,841.0927273,2064.6730732,2064.0575424,2067.858105,61.8850255,61.8835423,61.4360767,69.0537863,69.0258855,68.533402,54.950652,54.9742188,54.5703023,497.8561012,503.3876982,477.4561887,268.7308917,270.4198162,255.5333186,229.1252095,232.967882,221.9228701,353.3363394,357.112089,334.6675297,213.0999343,215.3428054,204.4303023,140.2364052,141.7692836,130.2372275,144.5197618,146.2756093,142.788659,55.6309574,55.0770108,51.1030163,88.8888043,91.1985984,91.6856426,4.6628322,4.7121477,4.5114414,4.5907945,4.6198793,4.4067529,4.7502569,4.8239808,4.6383193,4.6383178,4.6823776,4.4435767,4.3068736,4.3480657,4.1665368,5.2525637,5.3015425,4.9613998,4.723873,4.7864426,4.6789269,6.1417254,6.1143414,5.7277808,4.127525,4.2314506,4.2456025,10677.1180637,10682.7656577,10583.22942,5853.690298,5853.3956495,5798.675929,4823.4277657,4829.3700082,4784.553488,64.9117516,64.9437896,64.3386784,72.3764399,72.3692579,71.6927232,57.6911288,57.7605779,57.2245602,5866.019582,2289.559071,3576.460512,16449.249,8088.235,8361.014
2006-09-01,10203.8076313,10223.2070459,10299.53075,5598.9347783,5603.2991221,5629.554761,4604.872853,4619.9079238,4669.975991,7284.5683521,7307.6864045,7409.72492,4742.727596,4755.8317953,4796.176119,2541.8407561,2551.8546092,2613.5488,2919.2392792,2915.5206414,2889.805832,856.2071823,847.4673267,833.3786413,2063.0320969,2068.0533147,2056.427191,61.9401315,62.050368,62.5136193,69.1186004,69.1611035,69.4851749,54.9955243,55.1706422,55.7685518,494.3269777,500.3622163,504.452337,266.0685365,272.4947997,277.3139454,228.2584412,227.8674166,227.1383916,352.6458203,352.7598169,347.7267326,210.8949955,211.8892028,210.8789933,141.7508248,140.8706142,136.8477393,141.6811575,147.6023994,156.7256044,55.1735411,60.605597,66.4349521,86.5076164,86.9968024,90.2906523,4.6206838,4.6660044,4.669133,4.5365454,4.6375827,4.6947708,4.7227859,4.7004533,4.6382088,4.6174667,4.6049513,4.4824866,4.2573892,4.2653201,4.2116372,5.2821311,5.2315258,4.975564,4.6287109,4.8186899,5.1443948,6.0538411,6.6740892,7.3831905,4.0244717,4.0368807,4.205986,10698.134609,10723.5692622,10803.98309,5865.0033148,5875.7939218,5906.868706,4833.1312942,4847.7753404,4897.114382,64.9408426,65.0873465,65.575423,72.4032046,72.5244865,72.9080402,57.7215915,57.8918202,58.4810238,5671.675911,2194.938294,3476.737618,16475.659,8101.807,8373.852
2006-10-01,10225.1696758,10195.670589,10212.40229,5611.8464662,5597.9105771,5609.222276,4613.3232096,4597.7600118,4603.180009,7302.536995,7271.105836,7250.955791,4750.8484361,4726.5211287,4721.117205,2551.6885589,2544.5847074,2529.838586,2922.6326807,2924.5647529,2961.446495,860.9980301,871.3894485,888.1050714,2061.6346507,2053.1753045,2073.341423,61.9701342,61.7864795,61.8878748,69.1638701,68.9854416,69.1248405,55.0100142,54.8211704,54.8857955,491.2300711,476.3103833,449.6126423,262.4809383,253.4378722,242.1134681,228.7491328,222.8725111,207.4991742,351.7315734,340.7457561,321.1436627,208.0514599,199.0164712,190.3226211,143.6801135,141.729285,130.8210416,139.4984977,135.5646272,128.4689795,54.4294785,54.4214011,51.790847,85.0690193,81.1432261,76.6781325,4.5839095,4.4631862,4.2169575,4.4682722,4.3312729,4.137747,4.724199,4.6233043,4.3133031,4.5952343,4.476516,4.2411443,4.1955164,4.0405025,3.8750881,5.3306293,5.2759761,4.916865,4.5556016,4.4300293,4.1576859,5.9457989,5.8782419,5.5102747,3.9627742,3.801833,3.5663923,10716.3997469,10671.9809723,10662.01493,5874.3274045,5851.3484494,5851.335744,4842.0723423,4820.6325229,4810.679183,64.9472578,64.6729539,64.612559,72.3988477,72.1086646,72.1085081,57.737656,57.4785801,57.3599019,5839.444072,2263.290256,3576.153816,16501.459,8114.626,8386.833
2006-11-01,10244.7468547,10229.6811033,10201.64505,5623.9892613,5612.1869311,5589.306643,4620.7575934,4617.4941722,4612.338404,7320.0168526,7301.5863428,7307.130445,4760.5256969,4745.9928924,4743.658465,2559.4911557,2555.5934504,2563.471979,2924.7300021,2928.0947605,2894.514602,863.4635644,866.1940387,845.648178,2061.2664377,2061.9007218,2048.866424,61.9836558,61.8958079,61.7261727,69.1929667,69.052384,68.7708647,55.0077718,54.9713074,54.9099279,489.4192119,483.7180364,446.6607525,258.7243869,257.7555512,239.2903348,230.694825,225.9624852,207.3704176,350.8574505,346.7115953,325.5845777,205.3650145,203.3677541,191.8667014,145.492436,143.3438412,133.7178763,138.5617614,137.0064411,121.0761748,53.3593724,54.3877971,47.4236335,85.202389,82.618644,73.6525413,4.5594526,4.5150753,4.194665,4.3980449,4.3911086,4.1054534,4.7551703,4.6653145,4.3025507,4.5738913,4.5331863,4.2656457,4.1355122,4.1089702,3.8874627,5.3786809,5.3111216,4.9576739,4.5232962,4.4698831,4.0150068,5.8200303,5.9079807,5.3101702,3.9694212,3.8525483,3.4700534,10734.1660666,10713.3991397,10648.3058,5882.7136482,5869.9424823,5828.596978,4851.4524184,4843.4566574,4819.708821,64.9447824,64.822597,64.4287426,72.3761,72.2238099,71.7150946,57.7540765,57.6613927,57.3786745,5878.954201,2298.837022,3580.117179,16527.26,8127.434,8399.826
2006-12-01,10264.8994547,10282.3185656,10404.32187,5636.4470086,5647.3897759,5712.463867,4628.4524461,4634.9287897,4691.858001,7339.266672,7342.0687976,7465.691173,4773.3498629,4769.2925567,4835.785932,2565.9168091,2572.7762409,2629.90524,2925.6327826,2940.249768,2938.630695,863.0971457,878.0972192,876.6779343,2062.535637,2062.1525487,2061.952761,61.9949475,62.1173279,62.8543718,69.2185594,69.3760113,70.1754214,55.0044954,55.0937909,55.7704887,488.2082121,492.1882443,486.9506156,255.0079148,250.7875864,246.110693,233.2002973,241.4006578,240.8399226,349.3967712,350.9792923,345.5306283,202.8154564,200.9313847,194.538892,146.5813148,150.0479076,150.9917363,138.8114409,141.2089519,141.4199873,52.1924584,49.8562017,51.5718011,86.6189825,91.3527502,89.8481863,4.5401592,4.5680814,4.4710167,4.328437,4.2519506,4.1303619,4.7967288,4.9504583,4.8825192,4.5443109,4.5622917,4.4235158,4.0757379,4.0427028,3.8673227,5.4039232,5.5107454,5.4296055,4.5297428,4.5825359,4.5914825,5.702289,5.3727052,5.555811,4.0303746,4.242049,4.1754878,10753.1076668,10774.5068099,10891.27248,5891.4549234,5898.1773624,5958.57456,4861.6527434,4876.3294475,4932.697924,64.9434852,65.0907253,65.7961276,72.3501919,72.4568403,73.1987967,57.7758461,57.9632368,58.6332693,5661.787517,2181.68844,3480.099076,16553.06,8140.263,8412.797
2007-01-01,10286.9396181,10279.9101936,10156.13864,5650.3818648,5643.8636198,5595.678012,4636.5577534,4636.0465738,4560.46063,7361.3008408,7360.9822246,7345.57452,4789.5969344,4792.1632894,4779.185737,2571.7039064,2568.8189352,2566.388783,2925.6387773,2918.927969,2810.564122,860.7849304,851.7003304,816.4922747,2064.853847,2067.2276386,1994.071847,62.0135934,61.9766242,61.230417,69.2562859,69.1833764,68.5927096,55.0036804,55.0016547,54.1049096,486.9516324,490.4263762,534.5290017,251.4088074,253.908764,280.7309669,235.542825,236.5176122,253.7980347,346.8546974,355.642235,399.630056,200.0631623,203.6767834,227.6156009,146.7915351,151.9654516,172.014455,140.096935,134.7841412,134.8989457,51.3456451,50.2319806,53.115366,88.7512899,84.5521606,81.7835797,4.5197378,4.5534916,4.999959,4.2598733,4.3051638,4.7772537,4.834523,4.8540687,5.2717989,4.4998404,4.6087799,5.1597095,4.0095549,4.0769276,4.5461281,5.3997345,5.5853544,6.2815605,4.5697656,4.4137802,4.5798892,5.629199,5.5693737,6.1079691,4.1210568,3.9294058,3.9397532,10773.8912505,10770.3365698,10690.66764,5901.7906722,5897.7723837,5876.408979,4872.1005784,4872.5641861,4814.258665,64.9491234,64.9333593,64.4530427,72.3377839,72.2958304,72.0339544,57.7979349,57.8076792,57.1159475,5896.086356,2281.423021,3614.663335,16586.754,8157.832,8428.922
2007-02-01,10311.3458682,10308.1444694,10276.98334,5666.3179891,5660.2372334,5655.416317,4645.0278791,4647.907236,4621.567022,7385.1149301,7381.8443551,7429.23737,4808.6867259,4805.0023219,4833.990557,2576.4282041,2576.8420332,2595.246813,2926.2309382,2926.3001143,2847.745969,857.6312631,855.2349115,821.4257601,2068.599675,2071.0652028,2026.320209,62.0457666,62.0208469,61.8333602,69.3161869,69.2351746,69.1762059,55.0076316,55.0369101,54.7250097,484.8351854,500.9392741,567.1657273,247.7834304,253.1922574,279.9391029,237.051755,247.7470167,287.2266245,343.2623685,346.6476565,388.8438389,196.886252,201.1010238,221.3869835,146.3761165,145.5466327,167.4568554,141.5728168,154.2916176,178.3218884,50.8971784,52.0912336,58.5521193,90.6756385,102.200384,119.7697691,4.4908027,4.6344287,5.2301543,4.1897055,4.2816484,4.7164674,4.8555487,5.0605497,5.851267,4.441584,4.4853208,4.973648,3.933341,4.0171169,4.3792374,5.3759323,5.3462841,6.0613397,4.6147938,5.0085059,5.8928582,5.6021558,5.7411807,6.6538172,4.1993551,4.7026182,5.5808363,10796.1810536,10809.0837435,10844.14907,5914.1014194,5913.4294908,5935.35542,4882.0796341,4895.6542527,4908.793647,64.9631327,65.0348402,65.2458171,72.3473268,72.3321844,72.6003791,57.8148603,57.970538,58.1261245,5776.301933,2240.02258,3536.279353,16620.451,8175.378,8445.073
2007-03-01,10337.7029631,10336.9893766,10349.19917,5683.757062,5686.8026601,5693.721445,4653.945901,4650.1867165,4655.477728,7409.0419843,7419.1588812,7393.400866,4828.697954,4833.9253074,4827.476024,2580.3440304,2585.2335738,2565.924841,2928.6609787,2917.8304954,2955.798307,855.0591081,852.8773527,866.2454211,2073.6018706,2064.9531427,2089.552886,62.0927332,62.0685684,62.1418822,69.3967884,69.4109454,69.4953934,55.0202797,54.9589699,55.0215026,481.4746757,482.5187371,512.0001281,244.0150891,242.945454,251.5438133,237.4595867,239.5732831,260.4563147,338.8084433,335.6944813,345.0720364,193.0401072,190.4651758,192.0427733,145.7683362,145.2293056,153.0292631,142.6662324,146.8242558,166.9280917,50.9749819,52.4802782,59.50104,91.6912505,94.3439776,107.4270517,4.4501966,4.4597105,4.7140294,4.1164721,4.097062,4.2309939,4.8546289,4.8994896,5.298206,4.3729347,4.3288308,4.4591748,3.8440895,3.7908116,3.82592,5.347114,5.318853,5.62824,4.6451004,4.7908906,5.3455881,5.626166,5.7966351,6.4273581,4.2345884,4.3691985,4.8897602,10819.1776388,10819.5081138,10861.1993,5927.7721511,5929.7481141,5945.265259,4891.4054877,4889.7599996,4915.934042,64.9846792,64.9658575,65.2161927,72.3761317,72.376245,72.5656413,57.8275949,57.7904048,58.0997469,5792.945699,2247.682741,3545.262958,16654.145,8192.948,8461.197
2007-04-01,10365.6225703,10366.2191625,10362.88052,5702.0453495,5703.1383684,5708.740883,4663.5772209,4663.0807941,4654.13964,7431.3196649,7417.2276362,7379.284157,4847.630611,4842.5798385,4831.484068,2583.6890539,2574.6477977,2547.800089,2934.3029055,2948.9915263,2983.596366,854.4147385,860.5585299,877.2568146,2079.888167,2088.4329964,2106.339551,62.1547129,62.1522769,62.1322596,69.4938512,69.4998347,69.5681083,55.0464504,55.0360838,54.9305557,476.8178547,475.5267902,483.3605365,240.1113682,238.9538644,240.2210914,236.7064865,236.5729259,243.1394451,333.7854926,329.6981486,330.9886755,188.6850482,190.0023363,189.9718975,145.1004444,139.6958124,141.016778,143.0323621,145.8286416,152.371861,51.4263199,48.9515281,50.2491939,91.6060421,96.8771135,102.1226671,4.3976986,4.3860721,4.4564798,4.0408118,4.0213759,4.0380337,4.8304649,4.8283601,4.9647864,4.2985315,4.2558578,4.292827,3.7464897,3.7754443,3.7832035,5.3173924,5.146578,5.2445661,4.6479291,4.7120231,4.8588458,5.6771902,5.3821866,5.4176678,4.2185718,4.433106,4.6241528,10842.440425,10841.7459528,10846.24106,5942.1567176,5942.0922328,5948.961974,4900.2837074,4899.65372,4897.279085,65.0138249,65.0033717,65.0303228,72.4202158,72.4117848,72.4955011,57.8404112,57.8282394,57.8002127,5832.502941,2257.012026,3575.490915,16678.744,8205.974,8472.77
2007-05-01,10394.2868828,10401.6594848,10412.00734,5719.8238672,5719.37995,5718.842797,4674.4630156,4682.2795348,4693.164546,7451.8442655,7475.5972596,7452.205079,4863.9455152,4870.8118777,4858.903023,2587.8987503,2604.7853819,2593.302056,2942.4426173,2926.0622251,2959.802264,855.878352,848.5680723,859.939774,2086.5642653,2077.4941529,2099.86249,62.227015,62.2729017,62.3348525,69.5918975,69.5873056,69.5807701,55.0921747,55.1872576,55.3155528,471.9620331,463.3446129,465.2730059,236.4916717,231.6119538,234.1856779,235.4703614,231.7326592,231.087328,328.782777,323.0784793,324.0918659,184.4086698,177.7558192,180.4048414,144.3741072,145.3226602,143.6870245,143.1792561,140.2661336,141.18114,52.0830018,53.8561346,53.7808365,91.0962542,86.409999,87.4003035,4.3433759,4.2645599,4.2774755,3.9704356,3.8919891,3.9338914,4.7957954,4.7157526,4.6928413,4.2256591,4.1427351,4.1676889,3.6528473,3.5209158,3.5799528,5.2840296,5.2842528,5.2498209,4.6402075,4.5744003,4.5527861,5.7362576,5.9679399,5.885917,4.1832165,3.9932452,3.9958757,10866.2489159,10865.0040977,10877.28035,5956.3155389,5950.9919038,5953.028475,4909.9333771,4914.012194,4924.251874,65.0524892,65.0468642,65.12036,72.4692421,72.4053124,72.4300913,57.8673757,57.9185533,58.0392423,5826.067651,2265.970525,3560.097126,16703.348,8218.999,8484.349
2007-06-01,10423.4860783,10424.2015874,10436.29256,5735.8259054,5742.9177901,5742.623219,4687.660173,4681.2837973,4693.669338,7471.8657092,7464.7137634,7424.836455,4877.3365642,4877.6900907,4854.170732,2594.529145,2587.0236727,2570.665723,2951.6203691,2959.487824,3011.456102,858.4893411,865.2276994,888.452487,2093.131028,2094.2601246,2123.003615,62.3063094,62.3160845,62.3883646,69.6736469,69.7631238,69.7595454,55.1677712,55.1003622,55.2461444,468.4633672,471.1274086,459.0113248,233.7676221,235.6060574,230.018674,234.6957451,235.5213512,228.9926508,324.1994459,329.0236119,325.0071896,180.8859201,184.0047666,183.7142872,143.3135258,145.0188453,141.2929024,144.2639213,142.1037967,134.0041352,52.881702,51.6012908,46.3043868,91.3822194,90.5025059,87.6997484,4.3010057,4.3241228,4.2129282,3.9159722,3.9408734,3.8512048,4.7679556,4.7901299,4.6518053,4.158501,4.221641,4.1937258,3.5760768,3.6352402,3.646655,5.234542,5.3080742,5.2099948,4.6598615,4.5816411,4.2602394,5.8024339,5.6282351,4.9536289,4.1831845,4.1424411,3.9670518,10891.9494456,10895.328996,10895.30388,5969.5935275,5978.5238474,5972.641893,4922.3559181,4916.8051485,4922.661988,65.1065456,65.1324935,65.1323434,72.5132454,72.6251906,72.5537385,57.9298403,57.8725317,57.9414687,5832.643118,2259.383107,3573.260012,16727.947,8232.025,8495.922
2007-07-01,10452.2788239,10446.8311555,10456.83246,5749.3008302,5745.0276712,5761.002519,4702.9779937,4701.8034843,4695.829941,7492.3164864,7484.3956478,7506.061498,4887.8629133,4889.9322338,4904.78629,2604.4535731,2594.463414,2601.275208,2959.9623376,2962.4355077,2950.770962,861.4379169,855.0954374,856.2162297,2098.5244207,2107.3400703,2094.554732,62.3840205,62.3517162,62.4114089,69.7268598,69.6741711,69.8679098,55.2682671,55.2560616,55.1858599,466.9188762,464.0752985,426.0569857,232.5107307,230.7280475,210.0914944,234.4081455,233.347251,215.9654913,320.1403071,320.4350723,297.6628989,178.6357112,176.9199634,164.066061,141.5045959,143.515109,133.5968379,146.778569,143.6402262,128.3940868,53.8750195,53.8080842,46.0254334,92.9035496,89.832142,82.3686535,4.2761281,4.2533157,3.9149252,3.8869618,3.8610689,3.5184757,4.7476162,4.72827,4.3968747,4.0978186,4.1055993,3.8143697,3.5258218,3.4917135,3.2367497,5.1531956,5.2416448,4.8849392,4.7245191,4.6244921,4.1697696,5.8859672,5.9201095,5.1012312,4.2394069,4.0885344,3.7837185,10919.1977001,10910.906454,10882.88945,5981.8115609,5975.7557188,5971.094014,4937.3861392,4935.1507353,4911.795432,65.1708077,65.121541,64.954322,72.5467232,72.4723796,72.4158437,58.0229753,57.9983817,57.7239078,5871.791554,2274.468986,3597.322568,16754.681,8245.563,8509.118
2007-08-01,10479.6905611,10484.5575157,10406.39754,5760.25681,5762.6487973,5719.493382,4719.4337511,4721.9087184,4686.90416,7512.0751715,7512.7650055,7437.695031,4895.4437458,4893.3681321,4856.560812,2616.6314257,2619.3968734,2581.134219,2967.6153896,2971.7925103,2968.702511,864.8130643,869.2806652,862.9325697,2102.8023253,2102.5118451,2105.769941,62.4517234,62.477181,62.0114279,69.7486,69.7731827,69.2506642,55.3798585,55.4064937,54.995753,467.1900376,470.9735601,446.7900621,232.8739719,237.7752887,223.9457134,234.3160658,233.1982713,222.8443487,316.6602495,316.3117855,295.3611641,177.770944,176.383829,166.7878703,138.8893055,139.9279565,128.5732938,150.5297882,154.6617746,151.428898,55.1030279,61.3914598,57.1578431,95.4267603,93.2703148,94.2710549,4.2677915,4.2989569,4.1166713,3.8856815,3.9626414,3.7679483,4.7300747,4.7062207,4.5388139,4.0448455,4.0402182,3.8194623,3.5041084,3.4791412,3.3202527,5.0404014,5.071094,4.7449141,4.8275426,4.9468747,4.8532859,5.9900059,6.5964649,6.2121985,4.3410744,4.2477035,4.2849681,10946.8805987,10955.5310758,10853.1876,5993.1307819,6000.424086,5943.439095,4953.7498168,4955.1069898,4909.748508,65.2358536,65.283699,64.6738372,72.5683759,72.652126,71.9621613,58.1294237,58.1428233,57.6105905,5928.231396,2315.677905,3612.553492,16781.419,8259.117,8522.302
2007-09-01,10506.5220838,10513.6510981,10588.76367,5770.4013129,5770.1657889,5797.04637,4736.1207709,4743.4853091,4791.7173,7531.1351207,7498.073099,7602.71053,4901.0779333,4899.1898725,4940.801576,2630.0571874,2598.8832265,2661.908953,2975.3869631,3015.5779991,2986.053141,869.3233796,870.9759164,856.244794,2106.0635835,2144.6020826,2129.808347,62.512615,62.5509007,62.9977825,69.7574426,69.7498493,70.0747821,55.4906961,55.573634,56.1387095,468.5316593,462.4568108,465.5611537,234.2725377,228.8455411,232.322777,234.2591216,233.6112697,233.2383767,313.8774526,311.0499782,305.1446407,177.9797194,177.8074732,175.9250779,135.8977332,133.2425049,129.2195628,154.6542068,151.4068326,160.4165129,56.2928184,51.0380678,56.3976991,98.3613884,100.3687647,104.0188138,4.2690603,4.2133042,4.2115748,3.9015031,3.8147209,3.8531855,4.713103,4.6937259,4.6416007,4.0009809,3.9831614,3.8587535,3.5041878,3.5022172,3.4382348,4.9132302,4.8768804,4.6296529,4.940964,4.7807881,5.0983016,6.0816587,5.5354982,6.1796048,4.4619976,4.4708271,4.6565292,10975.0537431,10976.1079088,11054.32482,6004.6738507,5999.01133,6029.369147,4970.3798924,4977.0965788,5024.955677,65.3003253,65.3022846,65.7676357,72.5895252,72.5161376,72.8831033,58.23539,58.3105724,58.8712791,5753.828176,2243.287853,3510.540323,16808.153,8272.657,8535.496
2007-10-01,10533.4148745,10504.1305432,10520.49142,5781.1385167,5753.2453341,5763.215241,4752.2763578,4750.8852091,4757.276182,7549.2389512,7561.8809456,7537.883394,4905.9150045,4909.2658983,4903.144324,2643.3239468,2652.6150473,2634.739069,2984.1759233,2942.2495976,2982.60803,875.2235122,843.9794358,860.0709172,2108.9524111,2098.2701618,2122.537112,62.5683962,62.3920888,62.4892686,69.7673612,69.4280633,69.5483765,55.5903776,55.5720901,55.6468466,469.5630113,474.9765337,449.4406812,236.0875995,239.2098309,228.9923731,233.4754117,235.7667028,220.4483081,312.145478,313.7373231,296.6008438,178.9979793,181.2173175,173.5809708,133.1474987,132.5200056,123.0198729,157.4175333,161.2392106,152.8398374,57.0896202,57.9925134,55.4114023,100.327913,103.2466972,97.4284351,4.2675993,4.3261855,4.0970234,3.9235288,3.9918502,3.8215027,4.6828527,4.7279559,4.4286965,3.9706171,3.9836532,3.7858375,3.5201778,3.5599237,3.4191523,4.7955652,4.7581178,4.4608639,5.0107544,5.1954178,4.8745775,6.1234384,6.4295252,6.0527004,4.5412034,4.6897982,4.3887364,11002.9778857,10979.1070768,10969.9321,6017.2261162,5992.455165,5992.207615,4985.7517695,4986.6519119,4977.72449,65.3575965,65.2133388,65.1588416,72.6164901,72.3147602,72.3117728,58.3214869,58.3299021,58.2254762,5865.744896,2294.420385,3571.32451,16835.677,8286.628,8549.049
2007-11-01,10560.9035616,10561.4880224,10535.10005,5793.0067216,5791.5015434,5769.425729,4767.89684,4769.9864789,4765.674318,7566.1547978,7566.1820051,7574.464459,4910.8221742,4914.2975297,4912.774757,2655.3326236,2651.8844754,2661.689702,2994.7487638,2995.3060173,2960.635589,882.1845473,877.2040138,856.6509722,2112.5642165,2118.1020035,2103.984617,62.620232,62.6303831,62.4739006,69.7819047,69.7717554,69.5058023,55.677566,55.7074614,55.6571008,469.0851525,489.1921392,451.3418053,237.654326,252.1015327,234.178972,231.4308265,237.0906066,217.1628333,311.782636,326.7121139,307.2554802,180.5475651,195.2696743,184.4680608,131.2350709,131.4424397,122.7874194,157.3025166,162.4800253,144.0863251,57.1067609,56.8318584,49.7109112,100.1957557,105.6481669,94.3754139,4.2528163,4.4268057,4.1081709,3.9407674,4.1713781,3.9006394,4.629239,4.73511,4.3582165,3.9576683,4.1393196,3.8983303,3.5461492,3.821648,3.6189773,4.7095598,4.7224938,4.4097119,4.9904809,5.1453779,4.640877,6.079771,6.0845477,5.4846648,4.5280897,4.7509009,4.2929917,11029.9887142,11050.6801616,10986.44185,6030.6610476,6043.6030761,6003.604701,4999.3276666,5007.0770855,4982.837152,65.4016438,65.5313277,65.1503899,72.6446619,72.8088895,72.3270185,58.3801214,58.4763824,58.1932904,5876.760147,2297.034299,3579.725848,16863.202,8300.639,8562.563
2007-12-01,10588.5198997,10582.2198087,10710.14023,5806.2160532,5796.0582813,5864.191292,4782.3038465,4786.1615274,4845.948934,7582.1024217,7582.4749708,7710.065625,4916.9121689,4910.8753702,4979.735039,2665.1902529,2671.5996007,2730.330586,3006.4174779,2999.7448379,3000.074601,889.3038843,885.1829112,884.4562534,2117.1135936,2114.5619267,2115.618348,62.6642028,62.6510655,63.4084066,69.8017963,69.709381,70.5288189,55.7437404,55.807986,56.505124,467.1473729,476.4495137,470.7637154,238.7996246,254.6726737,250.2285591,228.3477483,221.7768401,220.5351563,312.8441926,326.937396,321.1220335,182.4789545,195.3130771,188.8167765,130.365238,131.6243188,132.3052569,154.3031803,149.5121178,149.6416819,56.3206701,59.3595965,61.4117826,97.9825102,90.1525212,88.2298994,4.2254109,4.3083801,4.2104263,3.9503558,4.2089572,4.0924334,4.5572466,4.4285058,4.3528244,3.9625878,4.1335232,3.9984377,3.5784459,3.8250268,3.6531853,4.6633035,4.6954622,4.6217984,4.8818987,4.7475363,4.7509575,5.955923,6.2844812,6.4926375,4.4233977,4.0890793,4.0034471,11055.6672726,11058.6693224,11180.90394,6045.0156778,6050.730955,6114.419851,5010.6515948,5007.9383674,5066.48409,65.4288401,65.4718413,66.1955202,72.6726234,72.7723375,73.5383259,58.4054194,58.3939662,59.0766258,5709.822058,2200.183149,3509.63891,16890.726,8314.603,8576.123
2008-01-01,10615.9090239,10609.2266436,10524.88516,5820.3543611,5825.1140021,5806.143741,4795.5546628,4784.1126415,4718.741416,7596.5263729,7572.9144782,7618.12354,4924.526858,4919.04241,4935.912817,2671.9995149,2653.8720681,2682.210722,3019.382651,3036.3121654,2906.761617,895.8275031,906.071592,870.2309238,2123.5551479,2130.2405734,2036.530694,62.699839,62.6678215,62.1696234,69.8236815,69.8896713,69.6620663,55.7912545,55.6643176,54.9037075,464.7751827,467.7188489,503.3391936,239.6941673,229.684077,252.5774386,225.0810154,238.0347719,250.761755,314.7689766,305.3888169,342.2469523,184.5924825,174.7646668,194.9323767,130.1764941,130.6241502,147.3145756,150.006206,162.330032,161.0922413,55.1016848,54.9194102,57.6450619,94.9045213,107.4106217,103.4471794,4.1944629,4.2224533,4.5641001,3.9553176,3.7934226,4.1688243,4.4831179,4.739701,5.0460126,3.9787287,3.8763272,4.2993847,3.613,3.4309243,3.7992255,4.6455502,4.6911233,5.2063353,4.7329694,5.0749669,5.2509751,5.7945098,5.7148725,6.2125826,4.2779467,4.8001504,4.8340303,11080.6842065,11076.9454925,11028.22435,6060.0485284,6054.7980791,6058.72118,5020.6356781,5022.1474134,4969.503171,65.444901,65.430598,65.1428062,72.6991644,72.645419,72.6924883,58.4098363,58.4339103,57.8213817,5901.080649,2276.00682,3625.073829,16929.305,8334.728,8594.577
2008-02-01,10642.838227,10649.3120554,10622.90664,5835.0587686,5844.4003611,5839.570501,4807.7794584,4804.9116943,4783.336144,7611.4650274,7634.618603,7684.743557,4934.6391526,4945.5105784,4977.06015,2676.8258748,2689.1080246,2707.683408,3031.3731996,3014.6934525,2938.163087,900.419616,898.8897827,862.5103509,2130.9535836,2115.8036697,2075.652736,62.7295729,62.7615909,62.6059709,69.8475593,69.951945,69.8941361,55.8250074,55.7867245,55.5362247,463.1423692,441.2960487,500.3596899,240.255204,219.0770622,242.885303,222.8871652,222.2189865,257.4743869,316.7110055,296.6615816,332.9073241,186.2259025,166.0403334,182.8250518,130.4851029,130.6212482,150.0822723,146.4313637,144.6344671,167.4523658,54.0293015,53.0367288,60.0602513,92.4020622,91.5977383,107.3921145,4.1702069,3.9790068,4.4983162,3.9546138,3.6130597,3.9932111,4.4305692,4.4203941,5.1077974,3.9947524,3.7403997,4.1521803,3.6366102,3.2483357,3.5432,4.6480459,4.6324039,5.2517347,4.6079411,4.5780138,5.3919221,5.660785,5.571515,6.5100981,4.1559731,4.1495732,4.9193728,11105.9805962,11090.6081041,11123.26633,6075.3139727,6063.4774233,6082.455804,5030.6666235,5027.1306808,5040.810531,65.4593638,65.3623638,65.5548347,72.7234926,72.5740902,72.8012435,58.4130374,58.3667655,58.5255934,5844.614666,2272.423196,3572.191469,16967.881,8354.879,8613.002
2008-03-01,10669.8309974,10669.8809833,10677.39619,5850.1267865,5845.603182,5851.967221,4819.7042109,4824.2778013,4825.428974,7629.66121,7624.1558398,7596.169572,4948.4420186,4940.1530438,4933.006555,2681.2191913,2684.002796,2663.163017,3040.1697874,3045.7251435,3081.226622,901.6847679,905.4501382,918.9606654,2138.4850196,2140.2750053,2162.265957,62.7610967,62.7401645,62.7843549,69.876567,69.7982469,69.8742355,55.8571683,55.8917935,55.9051305,463.0977949,451.1965717,479.6753457,240.3771385,237.8028972,247.5212578,222.7206564,213.3936745,232.1540879,318.156063,312.557169,321.9892063,186.9462802,185.9246739,188.6731107,131.2097828,126.6324951,133.3160955,144.9417318,138.6394027,157.6861395,53.4308583,51.8782233,58.8481471,91.5108735,86.7611794,98.8379924,4.1597122,4.05713,4.2992943,3.9467529,3.909042,4.0580658,4.4169355,4.2359585,4.590218,4.0030621,3.9381186,4.0664656,3.6403534,3.6270358,3.6838132,4.6653545,4.5054759,4.7672838,4.5506015,4.3537541,4.8684899,5.594177,5.4190626,6.0183695,4.1036342,3.8958136,4.3712273,11132.9287923,11121.0775551,11157.07154,6090.503925,6083.4060792,6099.488478,5042.4248673,5037.6714759,5057.583062,65.4850878,65.3932538,65.6049027,72.7477406,72.6376845,72.8297132,58.4383527,58.3640714,58.5947576,5849.38846,2275.511522,3573.876938,17006.46,8375,8631.46
2008-04-01,10696.2573301,10708.5516857,10706.23241,5864.8231182,5852.9240122,5859.127502,4831.4342119,4855.6276736,4847.104905,7652.0246295,7636.4986691,7599.312569,4965.856496,4956.9148481,4946.409863,2686.1681335,2679.583821,2652.902706,3044.2327006,3072.0530166,3106.919838,898.9666221,896.0091641,912.7176386,2145.2660785,2176.0438525,2194.202199,62.7935381,62.8592911,62.8456769,69.9054321,69.7561009,69.8300351,55.8911943,56.1656235,56.0670396,464.603491,477.1370905,484.1064385,240.1183945,247.9026907,248.6108453,224.4850965,229.2343999,235.4955932,318.7622728,337.691459,338.7589346,186.6575185,197.8305708,197.808236,132.1047544,139.8608882,140.9506986,145.8412181,139.4456315,145.3475039,53.460876,50.0721198,50.8026093,92.3803421,89.3735117,94.5448946,4.1627926,4.2656031,4.3261106,3.9331809,4.0634278,4.070424,4.4400451,4.5081734,4.6333682,3.9991318,4.2348057,4.2675218,3.6226494,3.837834,3.8452537,4.6874366,4.9605828,5.0450284,4.5717191,4.3420735,4.469113,5.6131177,5.2925812,5.2726042,4.1284602,3.9451235,4.1308581,11160.8608211,11185.6887762,11190.33885,6104.9415126,6100.8267028,6107.738347,5055.9193084,5084.8620734,5082.600498,65.5210432,65.66009,65.6873859,72.7675099,72.7106455,72.7930196,58.488092,58.8172051,58.7910452,5845.411155,2282.816653,3562.594502,17035.75,8390.555,8645.195
2008-05-01,10721.3687916,10680.102468,10690.30636,5878.7213917,5849.9916404,5851.73888,4842.6473999,4830.1108276,4838.567476,7676.4499516,7633.4209483,7613.565499,4985.2518943,4953.1743083,4941.563118,2691.1980574,2680.24664,2672.002381,3044.91884,3046.6815197,3076.740857,893.4694975,896.8173321,910.1757617,2151.4493425,2149.8641876,2166.565095,62.8227936,62.5847198,62.644514,69.9297127,69.5923363,69.6131217,55.92337,55.781741,55.8794047,466.8117862,475.9719684,478.2923883,239.5479248,244.8603102,247.241167,227.2638614,231.1116581,231.0512214,318.5765026,315.7734413,317.519588,185.4158877,187.9220127,190.6825557,133.1606149,127.8514286,126.8370323,148.2352836,160.1985271,160.7728004,54.1320372,56.9382975,56.5586113,94.1032465,103.2602296,104.2141891,4.1723655,4.2664825,4.2824745,3.915289,4.017494,4.0538117,4.4826004,4.5663209,4.5575661,3.9846835,3.9723955,4.0034823,3.5859176,3.6552906,3.7153825,4.7147204,4.5529545,4.5317724,4.642284,4.9954637,4.9659343,5.7125316,5.9699042,5.8504811,4.1906499,4.5829795,4.5893579,11188.1805779,11156.0744364,11168.59874,6118.2693166,6094.8519506,6098.980047,5069.9112613,5061.2224858,5069.618697,65.5581179,65.3738852,65.4472769,72.7792298,72.5052296,72.554338,58.5478355,58.4507917,58.5477574,5896.433256,2307.105953,3589.327303,17065.032,8406.086,8658.946
2008-06-01,10743.6875142,10733.3352313,10744.99968,5891.1387629,5890.9645099,5890.247794,4852.5487513,4842.3707215,4854.751882,7698.9045602,7673.3483946,7631.916655,5003.9593823,4998.8942804,4974.479247,2694.9451779,2674.4541142,2657.437408,3044.782954,3059.9868367,3113.083021,887.1793806,892.0702294,915.768547,2157.6035734,2167.9166073,2197.314474,62.8382912,62.7888911,62.8571269,69.939437,69.9503993,69.9418889,55.9425949,55.8346968,55.9774571,469.123951,475.6568971,462.6844882,238.8326971,242.6869706,236.4434435,230.2912539,232.9699265,226.2410447,318.4133907,318.8540842,314.9548018,183.8313773,184.4336154,184.1980062,134.5820134,134.4204687,130.7567956,150.7105603,156.802813,147.7296863,55.0013198,58.2533552,52.2454373,95.7092405,98.5494578,95.4842491,4.1838209,4.2435296,4.1282791,3.896147,3.9566475,3.8592355,4.5307595,4.5902323,4.4526936,3.97157,3.9895646,3.9632553,3.5435388,3.5582085,3.5706441,4.7563428,4.7855632,4.6896588,4.7163469,4.8745125,4.530456,5.8376615,6.1298442,5.3971779,4.2474902,4.348155,4.1645282,11212.8114653,11208.9921285,11207.68416,6129.97146,6133.6514805,6126.691238,5082.8400052,5075.340648,5080.992927,65.5821301,65.5714344,65.5637829,72.7748522,72.8321091,72.7494619,58.597507,58.5209441,58.5861174,5886.637835,2294.939762,3591.698073,17094.322,8421.631,8672.691
2008-07-01,10761.9355885,10751.2983767,10761.95083,5901.4122023,5886.0498169,5901.926736,4860.5233862,4865.2485599,4860.024098,7715.782537,7747.5373963,7768.301445,5019.1999292,5029.7012639,5043.531648,2696.5826078,2717.8361324,2724.769796,3046.1530515,3003.7609804,2993.649389,882.2122731,856.348553,858.3950876,2163.9407784,2147.4124274,2135.254301,62.8301407,62.7716238,62.8338184,69.9243023,69.7466039,69.9347371,55.9394319,55.9967442,55.9366131,471.5712974,477.2556088,439.8364802,238.4253683,233.5357921,214.0071166,233.1459291,243.7198167,225.8293636,319.5308068,324.5569742,302.7722594,182.8930659,179.9507444,168.052946,136.6377409,144.6062299,134.7193134,152.0404907,152.6986346,137.0642208,55.5323024,53.5850477,45.9541706,96.5081882,99.1135869,91.1100502,4.1978992,4.2503746,3.9264848,3.883252,3.8162027,3.4991732,4.5771705,4.7704311,4.4403435,3.9765818,4.0207282,3.7513257,3.5157593,3.4541797,3.2246036,4.8227008,5.0518477,4.7113071,4.753949,4.8376553,4.3780504,5.9219007,5.8888965,5.0814627,4.2694257,4.4118602,4.0923243,11233.506886,11228.5539856,11201.78731,6139.8375706,6119.585609,6115.933852,5093.6693154,5108.9683766,5085.853461,65.5832599,65.5580882,65.4018105,72.7493426,72.5138806,72.4706092,58.6226925,58.8018457,58.5358038,5925.853686,2323.258148,3602.595539,17127.641,8439.192,8688.449
2008-08-01,10774.8059018,10793.5336974,10710.44114,5908.2034145,5909.0744045,5862.200477,4866.6024873,4884.4592929,4848.24066,7724.8367909,7762.6178516,7684.636797,5029.0905415,5050.9786925,5011.766722,2695.7462494,2711.6391591,2672.870075,3049.9691109,3030.9158458,3025.804341,879.1128729,858.095712,850.4337556,2170.8562379,2172.8201339,2175.370585,62.7891756,62.8958326,62.4116375,69.8670245,69.8742977,69.3200175,55.9126554,56.1158167,55.6997137,475.730572,451.5259339,429.3635785,239.9857232,227.8958838,216.1744951,235.7448488,223.63005,213.1890834,323.5964019,320.178953,299.769074,184.2977399,182.2067467,173.455733,139.298662,137.9722063,126.313341,152.1341701,131.3469808,129.5945045,55.6879833,45.6891371,42.7187621,96.4461868,85.6578438,86.8757423,4.2285146,4.0153272,3.8543187,3.9033562,3.7134917,3.5564521,4.6203215,4.3779589,4.2120328,4.0206136,3.9612397,3.7544318,3.5350856,3.481756,3.3451937,4.9134552,4.8417903,4.5125068,4.7510701,4.1535757,4.1070721,5.9572029,5.0553112,4.7829191,4.2537857,3.7927243,3.8402424,11250.5364738,11245.0596313,11139.80472,6148.1891377,6136.9702883,6078.374972,5102.3473361,5108.089343,5061.429744,65.5614511,65.5269541,64.9136151,72.704958,72.5691469,71.8762624,58.6211406,58.6850229,58.1489673,6021.163284,2378.346028,3642.817256,17160.968,8456.721,8704.247
2008-09-01,10782.6696236,10777.7952693,10854.55036,5910.2351003,5910.5399789,5937.903453,4872.4345234,4867.2552904,4916.646902,7725.5290899,7721.2933729,7830.678424,5031.9928024,5024.5627937,5067.312289,2693.5362875,2696.7305792,2763.366135,3057.1405337,3056.5018964,3023.871931,878.2422979,885.9771852,870.5911642,2178.8982358,2170.5247113,2153.280767,62.7175468,62.6824204,63.1288192,69.7528503,69.746843,70.0697435,55.8809018,55.8170774,56.3834943,483.1360979,482.993979,484.8549269,244.8280237,248.0306448,250.9518523,238.3080742,234.9633342,233.9030746,331.6095762,330.0445317,322.469266,189.1427878,191.2188772,188.0702828,142.4667884,138.8256545,134.3989833,151.5265217,152.9494473,162.3856609,55.6852359,56.8117676,62.8815695,95.8412858,96.1376797,99.5040914,4.2885179,4.2891663,4.2758409,3.9776688,4.027406,4.0548993,4.6628855,4.6051209,4.5413223,4.1157238,4.0992508,3.9551506,3.622637,3.6661595,3.5786221,5.0235061,4.8958879,4.638022,4.7224134,4.7655948,5.0964386,5.9624793,6.0259263,6.7363049,4.2132862,4.2413762,4.4169372,11265.8057215,11260.7892483,11339.40528,6155.063124,6158.5706237,6188.855305,5110.7425976,5102.2186246,5150.549977,65.5277146,65.491458,65.9486798,72.6423213,72.6737083,73.0310802,58.6140058,58.5116077,59.0658656,5854.881718,2285.420695,3569.461023,17194.287,8474.276,8720.011
2008-10-01,10786.5874971,10787.4520054,10807.41191,5907.497913,5911.7837039,5922.337183,4879.0895841,4875.6683015,4885.07473,7718.2271328,7702.8412266,7677.17758,5027.254212,5027.6017094,5021.363464,2690.9729208,2675.2395172,2655.814116,3068.3603643,3084.6107788,3130.234333,880.243701,884.1819945,900.9737185,2188.1166633,2200.4287843,2229.260614,62.6212386,62.6238376,62.7397098,69.5816688,69.6291102,69.7534093,55.8561008,55.8150485,55.9227302,496.032627,483.5374311,458.6710019,254.1599748,244.9803692,234.9550314,241.8726522,238.5570619,223.7159705,344.5720524,334.5578376,317.42019,198.2134789,188.1604736,180.7135524,146.3585735,146.3973639,136.7066376,151.4605746,148.9795935,141.2508119,55.9464959,56.8198955,54.241479,95.5140788,92.159698,87.0093329,4.3964312,4.2901063,4.0712553,4.1248635,3.9790443,3.8158824,4.7231876,4.6645786,4.3790397,4.2736033,4.1625137,3.9704335,3.7932199,3.6075355,3.4738731,5.1583177,5.1883843,4.8954565,4.7040061,4.60725,4.3176357,5.9759754,6.0382339,5.6784565,4.1825536,4.0198971,3.7564418,11282.6201242,11270.9894365,11266.08291,6161.6578878,6156.764073,6157.292214,5120.9622364,5114.2253634,5108.790701,65.5009424,65.4308924,65.4024089,72.5753009,72.514494,72.5207145,58.625073,58.5459713,58.4837571,5959.709085,2333.098786,3626.610299,17225.792,8490.391,8735.401
2008-11-01,10788.0162244,10780.908512,10757.34464,5900.8532451,5900.1390096,5880.542355,4887.1629793,4880.7695024,4876.802281,7706.4565523,7705.1604772,7717.212821,5016.2973285,5016.7125304,5017.721407,2690.1592238,2688.4479468,2699.491414,3081.5596721,3075.7480348,3040.131815,884.5559167,883.4264792,862.8209482,2197.0037555,2192.3215556,2177.310867,62.5084173,62.4715903,62.3350459,69.3633236,69.3604577,69.1300847,55.8447683,55.7750597,55.7297242,515.0312044,503.6169031,465.8720176,267.9638219,255.1612387,237.3879323,247.0673826,248.4556643,228.4840853,361.9415118,350.8919936,330.1371019,210.9549286,201.0500954,189.7122397,150.9865833,149.8418982,140.4248622,153.0896926,152.7249094,135.7349157,57.0088933,54.1111433,47.6756926,96.0807993,98.6137662,88.0592232,4.5565694,4.4628984,4.150967,4.3438445,4.1453906,3.8802,4.8121601,4.843922,4.4754411,4.4859154,4.3556319,4.1024325,4.0356753,3.8531859,3.6431043,5.3142849,5.2793022,4.9446832,4.7328064,4.7305619,4.2739487,6.0546967,5.7716237,5.2362294,4.1900243,4.3045199,3.8871893,11303.0474289,11284.5254151,11223.21665,6168.817067,6155.3002483,6117.930287,5134.2303619,5129.2251668,5105.286366,65.4926347,65.389874,65.0346112,72.5131835,72.360065,71.9207538,58.6679647,58.6142902,58.3407292,6034.081346,2388.557713,3645.523634,17257.298,8506.488,8750.81
2008-12-01,10788.2624901,10789.1229289,10915.61593,5891.2762894,5892.8156834,5961.65407,4896.9862006,4896.3072454,4953.96186,7693.2370945,7665.2720119,7790.372783,5000.335525,5002.1084473,5071.552774,2692.9015695,2663.1635645,2718.820009,3095.0253955,3123.850917,3125.243147,890.9407644,890.7072361,890.1012952,2204.0846311,2233.1436809,2235.141851,62.3866118,62.4052627,63.1369097,69.1091748,69.1433464,69.9510616,55.8506714,55.8544122,56.5121047,539.0577655,516.6760064,506.5161596,285.5908653,284.2564664,277.0584557,253.4669002,232.4195399,229.4577039,382.4225104,363.3607054,353.3788751,226.4215845,226.559428,217.2347579,156.0009259,136.8012774,136.1441171,156.6352551,153.315301,153.1372845,59.1692808,57.6970384,59.8236977,97.4659743,95.6182625,93.3135868,4.758917,4.5700088,4.434515,4.6235552,4.6017994,4.4409556,4.9212544,4.53172,4.4267631,4.7354957,4.5258105,4.3392639,4.3319707,4.3330239,4.1074586,5.4758254,4.8858213,4.7686805,4.8170849,4.6782888,4.6711261,6.227624,6.0835911,6.2977286,4.2347961,4.1059698,4.0075316,11327.3202555,11305.7989352,11422.13209,6176.8671547,6177.0721499,6238.712525,5150.4531008,5128.7267854,5183.419564,65.5038874,65.3937634,66.0666449,72.459374,72.4786694,73.2019267,58.7414896,58.505728,59.1296335,5866.670911,2283.894475,3582.776436,17288.803,8522.607,8766.196
2009-01-01,10786.6497719,10790.934986,10681.02118,5879.418931,5874.4041083,5839.527635,4907.2308408,4916.5308777,4841.493548,7679.9226549,7722.084578,7728.344485,4981.1986301,4988.0792057,4987.417045,2698.7240248,2734.0053723,2740.927441,3106.7271169,3068.850408,2952.676698,898.2203009,886.3249026,852.1105904,2208.506816,2182.5255055,2100.566108,62.2537143,62.2838255,61.6494178,68.8287871,68.7766813,68.3683525,55.8603162,55.9704923,55.1162566,566.2321521,556.9696271,600.0175636,305.7545868,311.0127739,339.1142284,260.4775653,245.9568533,260.9033352,405.2502391,393.2962917,437.2167084,243.8242566,245.7483076,270.7465979,161.4259825,147.5479842,166.4701105,160.981913,163.6733354,162.8008551,61.9303303,65.2644663,68.3676304,99.0515827,98.4088691,94.4332247,4.9875631,4.9081275,5.3188148,4.943347,5.0281619,5.4884914,5.040485,4.7643087,5.1133485,5.0122644,4.8463073,5.3543988,4.6664725,4.6953842,5.1490714,5.6439691,5.1204321,5.725743,4.9264458,5.0633297,5.2255506,6.450064,6.8584695,7.4274034,4.2924843,4.3144104,4.3021983,11352.881924,11347.9046132,11281.03875,6185.1735179,6185.4168822,6178.641864,5167.7084061,5162.487731,5102.396883,65.5216479,65.4985793,65.1126385,72.4081744,72.4179743,72.3386533,58.8254017,58.7705003,58.0864175,6044.382253,2362.631136,3681.751117,17325.421,8541.273,8784.148
2009-02-01,10782.892638,10804.9792574,10776.72881,5866.7421608,5873.8798917,5866.802001,4916.1504772,4931.0993658,4909.926809,7666.2856149,7663.443421,7709.978259,4960.6365907,4955.2485461,4985.387863,2705.6490242,2708.1948749,2724.590396,3116.6070231,3141.5358364,3066.75055,906.1055701,918.6313455,881.4141371,2210.501453,2222.9044909,2185.336413,62.1113081,62.233358,62.0706441,68.54282,68.620469,68.5377829,55.856721,56.0219467,55.7814064,593.574465,605.0203221,683.9191205,326.6680813,325.9946341,361.2502895,266.9063837,279.0256879,322.668831,428.778414,442.4668008,495.3279421,262.0046043,265.7942661,292.901207,166.7738097,176.6725346,202.4267351,164.796051,162.5535213,188.5911784,64.663477,60.200368,68.3490825,100.132574,102.3531533,120.242096,5.2175641,5.3025446,5.9675432,5.274446,5.2580844,5.8003734,5.149594,5.3554509,6.1665157,5.2967884,5.4585702,6.0366783,5.016707,5.0908272,5.5491695,5.8060327,6.1241128,6.9158029,5.0221216,4.9197677,5.7932836,6.6610567,6.1502266,7.1964339,4.333554,4.4017984,5.2152679,11376.467103,11409.9995795,11460.64793,6193.4102421,6199.8745258,6228.05229,5183.0568609,5210.1250537,5232.59564,65.5303987,65.718089,66.0098079,72.3593763,72.4288384,72.7580197,58.8892798,59.1919421,59.4472292,5901.39007,2331.90071,3569.48936,17362.038,8559.953,8802.085
2009-03-01,10777.6473808,10770.7023786,10775.20182,5855.3976441,5854.3735656,5859.350332,4922.2497366,4916.3288131,4915.851493,7650.6844806,7619.7435494,7590.843707,4940.4742909,4909.892304,4901.519034,2710.2101896,2709.8512454,2689.324673,3126.9629002,3150.9588292,3184.358118,914.9233532,944.4812616,957.8312982,2212.039547,2206.4775677,2226.52682,61.9664269,61.90537,61.9312309,68.2800311,68.2437843,68.3017979,55.8258388,55.7404493,55.7350376,618.3852597,652.40948,692.9780099,346.2643002,357.7721099,373.1246112,272.1209595,294.6373702,319.8533987,450.8070927,464.8521723,479.8715919,279.1809826,287.9964078,293.9454706,171.62611,176.8557645,185.9261213,167.5781671,187.5573077,213.106418,67.0833176,69.7757021,79.1791406,100.4948495,117.7816056,133.9272774,5.4263205,5.7113113,6.0426155,5.5834114,5.7592357,5.9867808,5.2387666,5.6541793,6.10908,5.564495,5.7498506,5.9458372,5.3486479,5.5406421,5.6577322,5.9554427,6.1265575,6.4664314,5.0865405,5.6179842,6.2725134,6.8312487,6.8794896,7.6353273,4.3456586,5.0674902,5.6737929,11396.0326405,11423.1118587,11468.17983,6201.6619444,6212.1456754,6232.474943,5194.3706961,5210.9661832,5235.704891,65.5218527,65.6551394,65.9141708,72.3178332,72.4142942,72.6512702,58.9121065,59.0809947,59.3614777,5930.476165,2346.143057,3584.333109,17398.656,8578.618,8820.038
2009-04-01,10772.8866976,10794.4438417,10792.7373,5848.2786375,5865.0274815,5871.020886,4924.6080601,4929.4163602,4921.716415,7633.4063965,7666.2128554,7629.304701,4923.6752775,4946.3243612,4935.68706,2709.7311189,2719.8884942,2693.617641,3139.4803012,3128.2309863,3163.4326,924.60336,918.7031202,935.3338259,2214.8769412,2209.527866,2228.098774,61.8321398,61.9515511,61.9417569,68.0760818,68.2663874,68.336148,55.7587554,55.8091888,55.7220126,638.3834003,629.8562176,637.0160525,362.0619398,354.0702852,353.9959603,276.3214606,275.7859323,283.0200922,469.5241621,457.3221217,458.1527314,293.4021938,282.3016265,282.0336671,176.1219683,175.0204952,176.1190643,168.8592382,172.5340958,178.8633211,68.6597459,71.7686587,71.9622932,100.1994923,100.7654371,106.9010279,5.5943238,5.5133025,5.5733141,5.8299853,5.6932741,5.6866667,5.3129245,5.298275,5.437741,5.7944982,5.629595,5.6649786,5.6238803,5.3991551,5.405304,6.102943,6.045803,6.1371158,5.104048,5.2270941,5.3515106,6.9125437,7.2459065,7.1441051,4.3281289,4.3615863,4.5782029,11411.2700979,11424.3000592,11429.75335,6210.3405773,6219.0977667,6225.016846,5200.9295206,5205.2022925,5204.736507,65.4962099,65.5664265,65.5977241,72.290614,72.3876126,72.4565081,58.8873984,58.931544,58.9262706,5994.255647,2366.367154,3627.888493,17424.009,8591.384,8832.625
2009-05-01,10771.1461456,10772.6977182,10786.79871,5847.0445826,5842.6188842,5847.725952,4924.101563,4930.0788339,4939.072762,7616.2029938,7616.6082133,7602.803502,4912.4087111,4902.8570898,4893.029375,2703.7942828,2713.7511235,2709.774127,3154.9431518,3156.0895049,3183.995212,934.6358716,939.7617945,954.6965768,2220.3072802,2216.3277104,2229.298635,61.7223752,61.736904,61.8177149,67.9495443,67.9047635,67.9641195,55.66487,55.7371594,55.8388406,652.0416806,664.7659942,667.5181922,372.327646,384.8261459,387.4445607,279.7140346,279.9398483,280.0736315,483.4452954,495.729648,498.4852361,303.3094876,315.1621266,318.6515707,180.1358078,180.5675214,179.8336654,168.5963852,169.0363462,169.0329561,69.0181584,69.6640193,68.7929901,99.5782267,99.3723269,100.2399661,5.7080536,5.8121801,5.8276561,5.9865792,6.179519,6.2138567,5.3751719,5.3731064,5.3662728,5.9687196,6.1108112,6.1531597,5.8152967,6.0398805,6.1141803,6.2461919,6.2386884,6.2234628,5.0727961,5.0836075,5.041203,6.8766882,6.9013511,6.7214159,4.2923768,4.2912435,4.3029966,11423.1878262,11437.4637124,11454.31691,6219.3722286,6227.4450301,6235.170512,5203.8155976,5210.0186822,5219.146394,65.4587985,65.5465899,65.6431733,72.2764301,72.3773346,72.4671226,58.8269179,58.9020281,59.0052217,5995.048094,2368.966488,3626.081606,17449.365,8604.137,8845.228
2009-06-01,10773.5508903,10755.1569507,10770.92392,5851.3789248,5839.7560135,5842.652539,4922.1719655,4915.4009372,4928.27138,7600.9668435,7597.3767429,7558.251544,4906.7444725,4907.202867,4884.437542,2694.2223711,2690.1738759,2673.814002,3172.5840468,3157.7802078,3212.672376,944.6344523,932.5531465,958.2149978,2227.9495944,2225.2270613,2254.457378,61.6411617,61.5469557,61.637183,67.8939271,67.7709304,67.8045449,55.5584488,55.4922573,55.6375578,659.1158654,669.6700105,654.7344765,376.7778751,382.8634076,376.0188967,282.3379902,286.806603,278.7155798,491.8250213,508.3389472,503.0405658,308.376436,318.7468561,318.4393179,183.4485853,189.5920911,184.6012479,167.2908441,161.3310634,151.6939107,68.4014391,64.1165515,57.5795788,98.889405,97.2145119,94.1143319,5.7651979,5.8615331,5.7303873,6.0495888,6.1527691,6.0466114,5.4248717,5.5131711,5.3527228,6.077322,6.2713641,6.2401977,5.9131215,6.0993097,6.1204469,6.3748979,6.5835937,6.4581676,5.0088955,4.8606705,4.5088405,6.752124,6.4330792,5.6684275,4.2499462,4.1858755,4.0073008,11432.6667556,11424.8269613,11425.6584,6228.1567999,6222.6194211,6218.671436,5204.5099557,5202.2075402,5206.98696,65.4123108,65.3791779,65.3839358,72.2657051,72.2140971,72.1682804,58.7453063,58.730151,58.7841081,6049.059604,2398.232564,3650.82704,17474.718,8616.904,8857.814
2009-07-01,10780.6171301,10799.2833413,10808.78138,5859.7577887,5865.0547543,5880.217355,4920.8593414,4934.228587,4928.564024,7589.161681,7596.7014164,7615.68772,4905.5925386,4902.0644008,4914.542199,2683.5691424,2694.6370156,2701.145521,3191.4554492,3202.5819248,3193.09366,954.1652501,962.9903534,965.6751565,2237.2901991,2239.5915714,2227.418503,61.5892826,61.6993385,61.7536035,67.8891561,67.9543943,68.1300731,55.4606048,55.6144314,55.5505853,660.4684385,649.4641688,601.7201055,376.1435533,374.111601,346.2237779,284.3248852,275.3525678,255.4963276,494.6201038,484.3914852,453.8507389,308.8893297,305.7833012,287.3642196,185.7307741,178.608184,166.4865193,165.8483348,165.0726836,147.8693667,67.2542237,68.3282998,58.8595583,98.5941111,96.7443838,89.0098084,5.7727777,5.6727967,5.2733888,6.0319035,5.9961793,5.5605405,5.4623405,5.285503,4.9284983,6.1186721,5.9941334,5.6242466,5.9236821,5.8715869,5.5242097,6.4730345,6.2162528,5.8057142,4.9399264,4.9017106,4.4259504,6.5843882,6.6253335,5.7450038,4.2208474,4.1408593,3.8425453,11441.0855687,11448.7475101,11410.50149,6235.901342,6239.1663553,6226.441133,5205.1842267,5209.5811548,5184.060352,65.3625154,65.4099097,65.1913994,72.2470271,72.2889706,72.1415321,58.6650919,58.7179715,58.4303227,6092.576515,2404.427867,3688.148648,17503.078,8630.869,8872.209
2009-08-01,10793.1992253,10789.4475651,10707.25729,5871.1925628,5879.1712607,5833.811145,4922.0066625,4910.2763043,4873.446142,7583.2512678,7571.2293683,7497.187268,4907.8310371,4913.6977396,4877.615258,2675.4202307,2657.5316288,2619.57201,3209.9479575,3218.2181967,3210.07002,963.3615257,965.4735212,956.1958873,2246.5864318,2252.7446756,2253.874133,61.570442,61.5434119,61.0745955,67.9225214,68.0078745,67.4831671,55.3910602,55.2548179,54.840372,657.7523599,653.9628278,623.5373613,371.7658556,364.26301,347.3251121,285.9865043,289.6998178,276.2122492,492.6995581,481.190825,453.688926,305.7035872,293.9273543,281.4907738,186.9959709,187.2634707,172.1981522,165.0528018,172.7720027,169.8484353,66.0622684,70.3356557,65.8343384,98.9905334,102.4363471,104.0140969,5.7440847,5.7147547,5.5030329,5.9549629,5.8343372,5.6191143,5.4912995,5.5711759,5.3637004,6.1008241,5.9757292,5.7061501,5.8636531,5.6441727,5.4561928,6.5328016,6.5826699,6.1680634,4.8904523,5.095031,5.0252229,6.4174025,6.7904067,6.4415256,4.2203063,4.3494044,4.4113243,11450.9515852,11443.4103928,11330.79465,6242.9584184,6243.4342707,6181.136257,5207.9931668,5199.9761221,5149.658391,65.3226291,65.2736403,64.6312759,72.2233979,72.2215217,71.5008835,58.6094824,58.5147792,57.9485591,6200.647351,2463.702743,3736.944609,17531.442,8644.839,8886.603
2009-09-01,10811.6151818,10810.1425535,10882.12388,5885.4420161,5894.2990806,5919.935858,4926.1731656,4915.8434729,4962.188018,7584.3785224,7578.488344,7689.108916,4913.0331644,4921.6284947,4965.395687,2671.345358,2656.8598493,2723.713228,3227.2366594,3231.6542095,3193.014961,972.4088517,972.6705859,954.5401709,2254.8278076,2258.9836236,2238.47479,61.5863944,61.5618704,61.9717915,67.9910844,68.0729404,68.3690181,55.3561563,55.2279723,55.7486389,652.4059856,648.7925348,647.1759748,365.5183325,357.7490604,358.7453646,286.8876532,291.0434744,288.4306102,487.3955504,491.1457635,479.3976647,300.3544351,297.2473584,291.7140831,187.0411153,193.8984051,187.6835816,165.0104352,157.6467714,167.7783101,65.1638973,60.5017021,67.0312815,99.8465379,97.1450693,100.7470285,5.6909,5.6618921,5.6133155,5.8473948,5.7221098,5.7137057,5.5032478,5.589587,5.4932691,6.0382705,6.0863449,5.8688533,5.7612144,5.6956204,5.5489441,6.5435908,6.8016432,6.4465133,4.8643401,4.6513063,4.9922235,6.2804172,5.8559161,6.5615852,4.2403544,4.1230799,4.3068608,11464.0211674,11458.9350883,11529.29985,6250.9603486,6252.0481411,6278.681223,5213.0608188,5206.8869473,5250.618629,65.3027061,65.2566304,65.6573454,72.2137048,72.2045649,72.5121489,58.5799564,58.4977552,58.9890671,6030.502149,2380.117777,3650.384371,17559.802,8658.799,8901.003
2009-10-01,10834.4599243,10820.5632353,10845.17258,5901.3401866,5892.1073933,5904.35772,4933.1197377,4928.455842,4940.814862,7591.3575248,7582.3949015,7556.088999,4920.4299016,4911.4924106,4905.063687,2670.9276233,2670.9024908,2651.025312,3243.1023995,3238.1683339,3289.083584,980.9102851,980.6149827,999.2940339,2262.1921144,2257.5533512,2289.78955,61.6284113,61.5432505,61.6832192,68.0802944,67.9662306,68.1075397,55.3527952,55.295897,55.4345618,645.4914437,644.7724373,613.6968989,359.1654603,357.2719504,343.5776808,286.3259834,287.5004869,270.1192181,480.0647029,478.8777081,456.0851692,294.34414,293.6526365,282.8185799,185.7205629,185.2250716,173.2665893,165.4267408,165.8947291,157.6117297,64.8213202,63.6193139,60.7591009,100.6054205,102.2754153,96.8526288,5.6227716,5.6236682,5.3556496,5.737004,5.7169189,5.4990594,5.4857546,5.511942,5.1837005,5.947709,5.9404728,5.6924021,5.6444275,5.6415841,5.4515227,6.5013453,6.485182,6.1348683,4.8533175,4.8734329,4.5728362,6.1986575,6.0924367,5.7317033,4.2578943,4.3340185,4.0581127,11479.951368,11465.3356726,11458.86948,6260.5056469,6249.3793437,6247.935401,5219.4457211,5215.956329,5210.93408,65.300086,65.2104711,65.1736938,72.2237753,72.0874093,72.0707533,58.565558,58.5215721,58.4652239,6123.177519,2421.233599,3701.94392,17582.047,8669.169,8912.878
2009-11-01,10860.221902,10850.6949123,10829.23153,5918.2227196,5902.8081087,5884.770815,4941.9991824,4947.8868035,4944.460715,7601.8836018,7607.9696757,7624.634543,4929.301763,4924.3257096,4928.957986,2672.5818388,2683.6439661,2695.676557,3258.3383002,3242.7252365,3204.596986,988.9209566,978.4823991,955.8128287,2269.4173435,2264.2428374,2248.784158,61.6865452,61.6366307,61.5147094,68.1805242,68.0078906,67.8000779,55.3706241,55.4403525,55.4019637,638.1999761,638.6487451,593.4488303,353.4924642,356.0092994,332.7751561,284.7075118,282.6394457,260.6736743,472.1982854,473.0042477,445.8847913,288.6529341,288.692531,272.9805167,183.5453512,184.3117167,172.9042747,166.0016907,165.6444975,147.564039,64.8395301,67.3167684,59.7946394,101.1621606,98.327729,87.7693996,5.5503267,5.5586182,5.1953553,5.6362965,5.6881241,5.3521945,5.4471683,5.4036522,5.0080105,5.8483217,5.8533074,5.5248587,5.5319172,5.5379152,5.247669,6.4263718,6.4265887,6.0275197,4.8476989,4.8599334,4.402057,6.1531563,6.4368734,5.8875738,4.2674021,4.161896,3.7563616,11498.4218781,11489.3436574,11422.68036,6271.7151839,6258.8174082,6217.545971,5226.7066942,5230.5262492,5205.134389,65.3115495,65.2644312,64.8857549,72.2529126,72.1095725,71.6340728,58.5605139,58.6072864,58.3227743,6181.61564,2462.047029,3719.568611,17604.296,8679.593,8924.703
2009-12-01,10884.8819276,10887.3926355,11010.93644,5934.4565588,5933.9662138,6000.054823,4950.4253687,4953.4264216,5010.881612,7613.9190017,7616.7514966,7738.955374,4939.4033868,4938.2530371,5005.58063,2674.515615,2678.4984595,2733.374744,3270.9629258,3270.6411389,3271.981062,995.0531721,995.7131767,994.4741934,2275.9097538,2274.9279622,2277.506868,61.7363801,61.76704,62.4679365,68.2706231,68.2852639,69.0457802,55.3818526,55.4286896,56.0716115,632.3184348,632.5763518,619.1328,349.3520475,349.8549888,340.0932631,282.9663874,282.721363,279.0395369,465.6362063,460.6392429,448.1163732,284.3108794,286.3673576,274.1514061,181.325327,174.2718853,173.9649671,166.6822285,171.9371088,171.0164268,65.0411681,63.4876312,65.941857,101.6410604,108.4494777,105.0745698,5.4902096,5.4911289,5.3235521,5.559559,5.5675516,5.3641218,5.4069407,5.3994153,5.2749281,5.7631416,5.7028223,5.4734634,5.4426958,5.4811132,5.192525,6.3492796,6.1088649,5.9836477,4.8487328,4.9944285,4.9670796,6.1354132,5.9939183,6.2184891,4.2750321,4.5502435,4.4101145,11517.2003624,11519.9689872,11630.06924,6283.8086063,6283.8212026,6340.148086,5233.3917561,5236.1477846,5289.921149,65.3227351,65.3558119,65.9804396,72.2896064,72.3112289,72.9594119,58.5474801,58.592332999999996,59.1940553,5996.471764,2349.817914,3646.653851,17626.541,8689.966,8936.575
2010-01-01,10905.8444933,10937.1438256,10809.93025,5948.683203,5973.0514408,5924.51006,4957.1612903,4964.0923848,4885.420192,7626.928466,7639.8171274,7630.239738,4950.5705082,4954.4539787,4944.394054,2676.3579578,2685.3631487,2685.845684,3278.9160273,3297.3266982,3179.690514,998.1126948,1018.5974622,980.1160064,2280.8033325,2278.729236,2199.574507,61.7634005,61.9468852,61.2263603,68.3346768,68.6221073,68.0644339,55.373295,55.4559642,54.577084,627.3290129,607.9819501,654.0897793,346.0557192,328.7403326,357.65226,281.2732937,279.2416175,296.4375194,459.8718521,442.3436674,489.3927292,280.7586544,261.3073943,287.032614,179.1131977,181.0362731,202.3601152,167.4571608,165.6382827,164.6970501,65.2970648,67.4329383,70.619646,102.160096,98.2053444,94.0774041,5.4393443,5.2661354,5.7055882,5.4975389,5.2166169,5.6931394,5.369415,5.32565,5.7206804,5.6866973,5.4730867,6.0272769,5.3668704,5.0099569,5.4866986,6.272632,6.3158076,7.0064299,4.8589387,4.7831348,4.9245803,6.1403485,6.2091207,6.7209717,4.287103,4.1315964,4.1016426,11533.1735062,11545.1257757,11464.02003,6294.7389222,6301.7917734,6282.16232,5238.434584,5243.3340023,5181.857711,65.316172,65.390434,64.9310592,72.309944,72.3988795,72.1733642,58.51522,58.5754897,57.8887122,6191.659969,2422.10468,3769.555289,17655.68,8704.267,8951.413
2010-02-01,10921.3636997,10920.8262447,10889.15449,5959.7881428,5968.6206977,5957.951239,4961.5755569,4952.205547,4931.203254,7639.824226,7622.7934469,7666.220844,4961.9208941,4966.7722232,4996.352805,2677.903332,2656.0212237,2669.86804,3281.5394737,3298.0327978,3222.933649,997.8672488,1001.8484745,961.5984348,2283.6722249,2296.1843233,2261.335214,61.7598435,61.75253,61.57344,68.3620475,68.458641,68.3362649,55.3400008,55.2316555,54.9974181,623.4344278,610.974522,690.5412705,343.3561597,335.7702591,372.4947298,280.0782681,275.2042629,318.0465407,454.9923563,445.6149748,498.5473434,277.7589618,271.6290897,299.6483974,177.2333946,173.9858851,198.898946,168.4420715,165.3595472,191.9939271,65.5971979,64.1411694,72.8463324,102.8448736,101.2183779,119.1475947,5.4001328,5.298171,5.9633801,5.447379,5.3259746,5.8841783,5.3433187,5.2646391,6.0588951,5.6207865,5.5229601,6.1060808,5.3010674,5.1853433,5.6580123,6.2075274,6.1478957,6.9332555,4.882405,4.7744965,5.6221962,6.1682549,6.0170537,7.0420708,4.3094128,4.2220015,5.0051861,11544.7981275,11531.8007667,11579.69576,6303.1443025,6304.3909568,6330.445969,5241.653825,5227.4098099,5249.249795,65.2853384,65.2073256,65.478151,72.3005315,72.309845,72.6086897,58.463914,58.3009923,58.5445724,6105.128236,2388.133031,3716.995205,17684.824,8718.579,8966.245
2010-03-01,10932.1917899,10925.6912519,10928.91847,5967.9470774,5956.526925,5960.621375,4964.2447125,4969.1643269,4968.297095,7652.9766221,7636.0196936,7607.138817,4972.7702804,4957.899007,4948.965483,2680.2063417,2678.1206866,2658.173334,3279.2151678,3289.6715582,3321.779654,995.176797,998.627918,1011.655892,2284.0383708,2291.0436403,2310.123761,61.7331796,61.678413,61.6966315,68.3585144,68.2080005,68.2548859,55.2911233,55.3292698,55.3196136,620.1323511,626.423575,666.5577885,340.292962,348.8255722,365.8460221,279.8393891,277.5980028,300.7117664,450.7722536,448.5472859,464.5629253,274.7799169,273.0137308,280.0070542,175.9923367,175.5335551,184.5558711,169.3600975,177.876289,201.9948632,65.5130451,75.8118414,85.8389679,103.8470524,102.0644477,116.1558954,5.3680311,5.4225878,5.7484296,5.39442,5.5322137,5.7827852,5.3362872,5.2908439,5.707179,5.5625151,5.5481918,5.7554521,5.2363466,5.219237,5.3549154,6.161768,6.1511851,6.4922072,4.9110164,5.1297429,5.7323436,6.1764563,7.0559415,7.8213549,4.3489127,4.2649326,4.7874075,11552.324141,11552.1148268,11595.47626,6308.2400394,6305.3524972,6326.467397,5244.0841016,5246.7623296,5269.008862,65.2350155,65.2147395,65.4595262,72.256324,72.202391,72.4441771,58.4079386,58.4201909,58.6678954,6118.486741,2406.418603,3712.068138,17713.963,8732.886,8981.077
2010-04-01,10943.0437397,10937.5292662,10940.0966,5975.3570569,5976.5891121,5983.713887,4967.6866828,4960.9401541,4956.382717,7669.0388544,7677.948169,7642.882255,4983.4317757,4990.5093567,4979.977152,2685.6070786,2687.4388123,2662.905103,3274.0048853,3259.5810972,3297.214349,991.9252812,986.0797553,1003.736735,2282.0796042,2273.5013419,2293.477614,61.7124867,61.6769874,61.6914647,68.3524955,68.3618386,68.4433337,55.2564078,55.1768261,55.1261371,615.9461063,636.4408093,642.7492554,335.9000921,344.8507423,343.4350697,280.0460141,291.590067,299.3141857,445.7668808,460.2265134,460.0762358,270.700374,278.4021232,277.3861017,175.0665068,181.8243902,182.6901341,170.1792255,176.2142958,182.6730196,65.1997181,66.4486191,66.048968,104.9795073,109.7656768,116.6240516,5.3287192,5.498898,5.549148,5.3222375,5.4552562,5.4279593,5.3365145,5.551421,5.6950428,5.4932539,5.6551565,5.6778797,5.1521425,5.2838641,5.2761449,6.1197652,6.3369715,6.4201026,4.9410606,5.1287773,5.2493946,6.1676451,6.3132378,6.1740373,4.3978596,4.605681,4.8389681,11558.9898459,11573.9700755,11582.84586,6311.257149,6321.4398543,6327.148957,5247.7326969,5252.5302211,5255.696903,65.1860693,65.2658922,65.315943,72.1948783,72.3063344,72.3716367,58.3714063,58.4199642,58.4551849,6150.720141,2415.432044,3735.288097,17733.566,8742.581,8990.985
2010-05-01,10957.8777244,10938.8656511,10957.42661,5984.4788081,5969.206108,5977.195003,4973.3989163,4969.6595432,4980.231606,7688.2826987,7694.470779,7685.523719,4994.7699414,4996.121925,4987.437982,2693.5127573,2698.348854,2698.085737,3269.5950257,3244.3948721,3271.90289,989.7088667,973.084183,989.7570212,2279.886159,2271.3106891,2282.145869,61.7204247,61.6164045,61.7209546,68.3731217,68.2016334,68.2929112,55.2522492,55.2130469,55.3305028,611.1410578,603.6395839,604.6141035,330.6995274,329.5865942,329.9397778,280.4415304,274.0529897,274.6743257,439.5712163,442.1641693,443.3807954,265.2583015,273.6407336,274.9973003,174.3129148,168.5234357,168.3834951,171.5698415,161.4754146,161.2333081,65.4412259,55.9458606,54.9424775,106.1286156,105.529554,106.2908306,5.282566,5.2297103,5.2293027,5.2365826,5.232536,5.231215,5.3378387,5.2263161,5.2270075,5.4082076,5.4342388,5.4543733,5.0429064,5.1926576,5.2256662,6.0782256,5.8783029,5.8742474,4.9858071,4.7410911,4.6963854,6.2020774,5.4367568,5.2591657,4.4479446,4.4399094,4.450226,11569.0187822,11542.5052351,11562.04071,6315.1783355,6298.7927022,6307.134781,5253.8404466,5243.7125329,5254.905932,65.1626866,65.0165834,65.1266228,72.1513887,71.967351,72.0626641,58.3678298,58.2577827,58.3821417,6191.130288,2445.157219,3745.973068,17753.171,8752.292,9000.879
2010-06-01,10980.3863918,10992.8203849,11009.25116,5997.8471528,6001.5202751,6006.146885,4982.5392389,4991.3001099,5003.104275,7711.1063679,7712.7338692,7673.618719,5008.1239405,5005.3059603,4981.869952,2702.9824275,2707.4279089,2691.748767,3269.2800238,3280.0865157,3335.632442,989.7232124,996.2143148,1024.276933,2279.5568115,2283.8722009,2311.355509,61.775982,61.8520237,61.9444728,68.4477901,68.4949455,68.5477487,55.2894273,55.3925176,55.523518,606.7304947,596.151509,580.3019453,325.3192278,320.1911401,312.4883828,281.4112669,275.9603689,267.8135625,433.0787584,425.2170499,419.7896349,258.9606532,254.3114359,253.2777127,174.1181051,170.905614,166.5119222,173.6517364,170.9344591,160.5123105,66.3585746,65.8797043,59.2106701,107.2931618,105.0547548,101.3016403,5.2362507,5.1441277,5.0071124,5.1448785,5.064944,4.9455044,5.346009,5.2391631,5.0809664,5.3176438,5.225112,5.186809,4.9165843,4.8351699,4.8380242,6.0518603,5.9376585,5.825638,5.0437171,4.9531562,4.5911231,6.2834693,6.2028128,5.4648221,4.4951783,4.3975708,4.1987582,11587.1168865,11588.9718939,11589.55311,6323.1663806,6321.7114152,6318.635268,5263.9505058,5267.2604787,5270.917838,65.1894659,65.20632,65.2095903,72.1603526,72.1492654,72.1141575,58.4121458,58.4550743,58.495663,6183.220894,2443.354732,3739.866162,17772.774,8761.99,9010.784
2010-07-01,11011.2395294,11019.0012007,11030.48682,6016.2228685,6010.9146584,6027.166935,4995.0166609,5008.0865424,5003.319881,7736.6689499,7712.8781264,7732.378867,5023.8553112,5018.2565354,5031.011636,2712.8136387,2694.621591,2701.367231,3274.5705794,3306.1230743,3298.107948,992.3675572,992.658123,996.1552985,2282.2030222,2313.4649514,2301.95265,61.8801588,61.9259352,61.9904834,68.5822692,68.5240742,68.7093492,55.3643214,55.5105524,55.4577178,603.2649522,615.2374145,572.03707,320.2182795,324.7681396,301.9053678,283.0466727,290.4692748,270.1317022,427.1304668,438.0960804,412.0670771,252.4389026,257.027836,243.0274099,174.6915642,181.0682444,169.0396671,176.1344853,177.1413341,159.969993,67.7793768,67.7403036,58.8779579,108.3551085,109.4010304,101.092035,5.1940653,5.2881622,4.9302813,5.0535983,5.1260164,4.7701362,5.3626994,5.4820461,5.1224838,5.2320059,5.3747696,5.0594857,4.7843978,4.8723029,4.6079941,6.0499134,6.2965151,5.8890489,5.1043043,5.0854978,4.62598,6.3933946,6.3881935,5.5806732,4.5326281,4.5153562,4.2068313,11614.5044815,11634.2386152,11602.52389,6336.4411479,6335.682798,6329.072303,5278.0633336,5298.5558172,5273.451583,65.270343,65.3835219,65.2052876,72.2326153,72.2264119,72.1510527,58.5015856,58.7301673,58.4519073,6191.315115,2442.902697,3748.412417,17793.839,8771.975,9021.864
2010-08-01,11047.316865,11060.9221025,10973.82293,6037.2299138,6044.9322983,5996.98636,5010.0869512,5015.9898042,4976.836573,7763.2073846,7776.6424188,7699.911728,5040.6899832,5037.897017,4999.87276,2722.5174014,2738.7454018,2700.038968,3284.1094804,3284.2796837,3273.911205,996.5399306,1007.0352813,997.1135996,2287.5695498,2277.2444024,2276.797606,62.012981,62.0880358,61.5991239,68.7466969,68.8330588,68.287103,55.4666187,55.5303369,55.0968846,600.5581247,586.0892682,559.2822219,315.521354,299.8448484,285.9592732,285.0367706,286.2444198,273.3229487,422.2747998,411.2411858,386.855605,246.4809277,235.9856446,226.2188789,175.7938721,175.2555412,160.6367262,178.2833249,174.8480824,172.4266168,69.0404263,63.8592038,59.7403943,109.2428986,110.9888786,112.6862225,5.1559458,5.0321001,4.8493638,4.9666883,4.7258531,4.5513568,5.3830049,5.3985623,5.2059932,5.1588262,5.0225578,4.7838103,4.661868,4.4746093,4.3286436,6.0653897,6.0142582,5.6153421,5.1491363,5.054687,5.0031838,6.4791384,5.9631649,5.652663,4.5578409,4.6473215,4.7159232,11647.8749897,11647.0113706,11533.10515,6352.7512678,6344.7771467,6282.945633,5295.1237219,5302.2342239,5250.159522,65.3841525,65.377918,64.7385307,72.3395782,72.247363,71.5432936,58.6222578,58.6992526,58.1227511,6281.795845,2499.073367,3782.722478,17814.901,8782.019,9032.882
2010-09-01,11083.5663959,11087.3398999,11159.35996,6057.4650037,6060.9851384,6086.677146,5026.1013922,5026.3547615,5072.682814,7789.2486363,7814.1932957,7928.194398,5057.5061474,5080.8288241,5125.666907,2731.7424889,2733.3644716,2802.527491,3294.3177596,3273.1466042,3231.165563,999.9588563,980.1563143,961.0102389,2294.3589034,2292.9902899,2270.155324,62.1450309,62.1628226,62.5666138,68.9010441,68.9374153,69.2296353,55.5771795,55.5769546,56.0892089,598.7562702,590.2176734,592.0659826,311.737662,310.3012855,313.6864605,287.0186082,279.9163879,278.3795222,418.9555322,408.4455828,398.4178391,242.2043654,234.8985794,230.4489025,176.7511668,173.5470034,167.9689367,179.800738,181.7720906,193.6481435,69.5332966,75.4027062,83.237558,110.2674414,106.3693845,110.4105855,5.1253187,5.0542904,5.038248,4.8944535,4.8703082,4.9010725,5.4020728,5.2751995,5.2023225,5.1041071,4.9673297,4.7848732,4.5701433,4.4189358,4.3025377,6.077069,5.970151,5.6545746,5.1754348,5.2612552,5.6542679,6.5015247,7.1433908,7.9710542,4.5856373,4.4332405,4.6379974,11682.3226661,11677.5575733,11751.42594,6369.2026656,6371.2864239,6400.363607,5313.1200005,5306.2711494,5351.062336,65.5022289,65.4719659,65.8861199,72.4469251,72.4667704,72.7974932,58.7509485,58.6720207,59.1672818,6084.540057,2391.647393,3692.892664,17835.966,8792.011,9043.955
2010-10-01,11116.1236501,11104.4619965,11128.97087,6075.3769187,6066.8212398,6077.07418,5040.7467313,5037.6407567,5051.896685,7814.8559005,7792.9248694,7765.264798,5074.2943285,5068.5242815,5060.419401,2740.561572,2724.4005879,2704.845397,3301.2677495,3311.5371271,3363.706068,1001.0825902,998.2969583,1016.65478,2300.1851593,2313.2401689,2347.051288,62.2532451,62.1855891,62.3228401,69.025938,68.926112,69.0425973,55.6695981,55.6334946,55.7909309,597.3058382,619.5955894,589.8094069,308.6130482,321.5364902,309.8102447,288.6927899,298.0590992,279.9991621,416.95061,433.1184875,412.0189035,239.6826523,247.4688243,238.8946209,177.2679577,185.6496633,173.1242826,180.3552282,186.4771019,177.7905034,68.930396,74.0676659,70.9156239,111.4248323,112.409436,106.8748796,5.099325,5.2848221,5.0330273,4.8341719,5.0331635,4.8507257,5.4169447,5.5861294,5.2513997,5.0651167,5.2652104,5.0385791,4.5104195,4.6551758,4.5080292,6.0753363,6.3796033,6.0155006,5.1802056,5.3309418,5.0202083,6.4420149,6.9069479,6.5205548,4.6203504,4.6341993,4.3552606,11713.4294883,11724.0575859,11718.78027,6383.989967,6388.35773,6386.884425,5329.4395213,5335.6998559,5331.895847,65.5983165,65.655358,65.6258048,72.5322728,72.5791388,72.5624003,58.8578978,58.9251286,58.8831188,6138.189728,2415.035575,3723.154153,17856.97,8801.92,9055.05
2010-11-01,11141.9561998,11163.1146079,11144.54524,6089.7654336,6100.9487891,6084.173987,5052.1907662,5062.1658189,5060.371252,7838.9835854,7857.7597657,7877.137175,5090.997832,5095.2100118,5101.563576,2747.9857535,2762.5497539,2775.573599,3302.9726144,3305.3548422,3267.408064,998.7676016,1005.7387773,982.6104117,2304.2050128,2299.6160649,2284.797653,62.3194836,62.4406056,62.3367383,69.1062042,69.2358884,69.0455216,55.7230177,55.8359362,55.816142,595.3172313,601.0517475,558.2334409,305.8692143,302.4849914,282.9565577,289.448017,298.5667562,275.2768832,415.3672861,420.4861356,396.474602,238.4770905,238.224135,225.4049981,176.8901956,182.2620007,171.069604,179.9499452,180.5656119,161.7588389,67.3921238,64.2608564,57.5515596,112.5578214,116.3047555,104.2072793,5.0720232,5.1091742,4.7700931,4.7824685,4.7237935,4.44402,5.4187119,5.5695141,5.1592023,5.0321012,5.079411,4.7920378,4.4746827,4.4666181,4.2313934,6.0477845,6.1892581,5.8055758,5.1666364,5.1798546,4.7171469,6.3210157,6.0056896,5.5329421,4.6573797,4.8140963,4.3619533,11737.2734311,11764.1663555,11702.77868,6395.6346479,6403.4337804,6367.130545,5341.6387832,5360.732575,5335.648135,65.6492277,65.8025737,65.4592032,72.5771852,72.6686032,72.2566203,58.9154778,59.1291421,58.8524595,6175.19432,2444.699455,3730.494865,17877.973,8811.83,9066.143
2010-12-01,11160.4821376,11169.3353415,11294.95718,6100.0052898,6106.5636926,6174.693352,5060.4768477,5062.7716489,5120.263832,7859.1417945,7855.3919937,7980.672735,5105.8961382,5103.5714978,5174.569868,2753.2456563,2751.8204959,2806.102867,3301.3403431,3313.9433478,3314.28445,994.1091516,1002.9921949,1000.123484,2307.2311915,2310.951153,2314.160966,62.3396981,62.4020878,63.1039259,69.1333295,69.2217443,69.9940369,55.7375832,55.7743812,56.4077479,592.5765439,572.6429035,561.5366885,303.3990392,294.0109128,286.583363,289.1775047,278.6319907,274.9533255,413.919737,406.3390871,396.7342978,237.9691141,229.3101221,219.2070824,175.9506228,177.0289651,177.5272154,178.6568069,166.3038164,164.8023907,65.4299251,64.7007907,67.3762806,113.2268818,101.6030256,97.4261101,5.0418922,4.8768861,4.7361108,4.7380897,4.5935081,4.4353984,5.4055362,5.2164564,5.0962421,5.0032232,4.9183287,4.7357649,4.4531271,4.299929,4.0640739,6.0067884,6.0443177,5.9500411,5.1338205,4.7785059,4.7369439,6.1753197,6.0598685,6.3115968,4.6779113,4.2114298,4.0399167,11753.0586815,11741.978245,11856.49387,6403.4043291,6400.5746054,6461.276715,5349.6543524,5341.4036396,5395.217158,65.6496844,65.601393,66.2411817,72.5718488,72.5545431,73.2426398,58.9226694,58.8439502,59.4367906,6042.483127,2360.465285,3682.017842,17898.977,8821.742,9077.235
2011-01-01,11173.0165679,11202.0061265,11063.65263,6106.3699917,6131.9279886,6077.545984,5066.6465762,5070.0781379,4986.106645,7874.8270414,7865.6762986,7839.307252,5118.0879006,5105.5146821,5088.671468,2756.7391408,2760.1616165,2750.635784,3298.1895265,3336.3298279,3224.345377,988.2820912,1026.4133065,988.8745159,2309.9074354,2309.9165214,2235.470861,62.3224868,62.4892748,61.7174836,69.1113845,69.4065993,68.7910556,55.7260346,55.7672653,54.8436384,589.8431835,590.0031134,631.0617593,301.4525663,302.7304728,328.1557555,288.3906171,287.2726406,302.9060039,413.021329,415.4885858,458.3826044,237.9633214,244.3250797,266.9145237,175.0580076,171.1635062,191.4680807,176.8218544,174.5145276,172.679155,63.4892449,58.4053932,61.2412318,113.3326095,116.1091345,111.4379232,5.0144539,5.0034146,5.396128,4.7044462,4.704686,5.1228697,5.3854083,5.3622145,5.7270803,4.9834566,5.0172722,5.5242195,4.4428873,4.5669607,4.9838528,5.9710136,5.8391171,6.5078627,5.088382,4.9707281,5.0832472,6.0364114,5.3838852,5.8318554,4.676904,4.7859813,4.7482852,11762.8597514,11792.00924,11694.71439,6407.822558,6434.6584615,6405.70174,5355.0371933,5357.3507785,5289.012649,65.6126004,65.7805484,65.2377988,72.5231994,72.8331713,72.5054134,58.8979285,58.9270607,58.1753897,6231.571611,2429.08926,3802.482351,17926.286,8834.791,9091.495
2011-02-01,11181.2304574,11176.3002221,11146.1761,6108.7831051,6109.4143624,6101.549414,5072.4473524,5066.8858597,5044.626681,7886.1600874,7896.2836953,7938.381432,5126.2759119,5139.0836298,5169.865483,2759.8841755,2757.2000655,2768.515949,3295.07037,3280.0165268,3207.794664,982.5071931,970.3307326,931.683931,2312.5631769,2309.6857942,2276.110733,62.2799149,62.2510434,62.0832546,69.0423097,69.0498771,68.9609858,55.7099706,55.6448003,55.4003488,587.4718839,584.738966,662.6877726,300.229004,308.230891,342.4697512,287.2428799,276.5080751,320.2180215,412.5670387,405.8840416,454.8356766,238.3882372,242.2292941,267.783573,174.1788015,163.6547475,187.0521035,174.9048453,178.8549244,207.8520961,61.8407668,66.0015969,74.6861781,113.0640784,112.8533276,133.1659179,4.9918153,4.9718308,5.6117826,4.6844818,4.8028658,5.3145365,5.3593187,5.1747649,5.9688218,4.9714496,4.8888923,5.4190863,4.443675,4.5013047,4.9246204,5.936437,5.6029744,6.3288038,5.0405215,5.1709041,6.0852925,5.9214715,6.3687675,7.421343,4.6612305,4.6584729,5.5272157,11768.7023414,11761.0391882,11808.86387,6409.0121091,6417.6452534,6444.019165,5359.6902323,5343.3939348,5364.844703,65.5521575,65.5079898,65.7743693,72.4355393,72.533567,72.8316505,58.8647185,58.6814261,58.9169996,6144.731132,2403.808835,3740.922297,17953.595,8847.828,9105.767
2011-03-01,11187.3905951,11215.135101,11217.01905,6107.8297429,6117.7036955,6120.273803,5079.5608523,5097.4314056,5096.745248,7893.1382473,7931.3924935,7902.31264,5129.5857086,5139.421232,5130.603205,2763.5525387,2791.9712616,2771.709435,3294.2523478,3283.7426075,3314.706411,978.2440342,978.2824635,989.6705975,2316.0083136,2305.460144,2325.035813,62.2279807,62.3724764,62.3829539,68.9368297,69.0417248,69.0707299,55.7105139,55.892735,55.8852114,586.1614147,581.1369809,619.2324081,300.2780751,293.5191358,307.2858173,285.8833397,287.6178451,311.9465909,412.7375461,406.6292099,421.6446384,239.3720512,233.3876544,239.430475,173.3654948,173.2415555,182.2141634,173.4238687,174.507771,197.5877697,60.9060238,60.1314814,67.8553423,112.5178448,114.3762896,129.7324275,4.9786285,4.9264461,5.2316598,4.6859086,4.5782083,4.7807541,5.3282325,5.3410439,5.7675053,4.9692237,4.8768068,5.0654349,4.4584454,4.3438667,4.4586401,5.9029736,5.8424662,6.1685469,5.0011552,5.0461289,5.6256042,5.8611385,5.7907043,6.4164234,4.6331741,4.7266124,5.2849155,11773.5520099,11796.2720819,11836.25146,6408.1078179,6411.2228313,6427.55962,5365.4441919,5385.0492507,5408.691839,65.4884051,65.6044439,65.8267875,72.325958,72.3542532,72.5386231,58.8459636,59.0464308,59.305669,6144.652541,2433.31938,3711.333161,17980.904,8860.879,9120.025
2011-04-01,11192.6714724,11182.4928648,11186.5476,6104.4214934,6090.1594572,6096.563874,5088.249979,5092.3334076,5089.983723,7895.0499733,7883.8538603,7848.757158,5127.4841454,5120.6274221,5109.297326,2767.5658279,2763.2264383,2739.459833,3297.6214991,3298.6390044,3337.790439,976.937348,969.5320351,987.2665488,2320.6841511,2329.1069693,2350.52389,62.1753592,62.1160881,62.1386112,68.8083408,68.6447421,68.7169289,55.7317392,55.772325,55.7465908,587.2376272,583.5599588,588.206156,302.2425296,312.2947664,310.2848894,284.9950976,271.2651924,277.9212666,414.427707,416.6948658,416.3475621,241.3841918,243.2705575,241.9976453,173.0435151,173.4243083,174.3499168,172.8099202,166.8650929,171.8585939,60.8583377,69.0242089,68.2872441,111.9515825,97.840884,103.5713498,4.9850777,4.9596918,4.9954858,4.7176273,4.8777352,4.8430188,5.3039661,5.0575222,5.1774625,4.9874098,5.0200882,5.0374142,4.4959976,4.5353316,4.5222259,5.8846142,5.9055136,5.9835724,4.9794939,4.8150309,4.8967459,5.8641926,6.6461696,6.4693287,4.6020693,4.0314374,4.2203476,11779.9090995,11766.0528236,11774.75375,6406.6640229,6402.4542237,6406.848764,5373.2450766,5363.5985999,5367.90499,65.4374678,65.3576249,65.4059565,72.215184,72.1647474,72.2142801,58.8532982,58.7432794,58.790444,6227.817246,2465.148236,3762.66901,18002.571,8871.997,9130.574
2011-05-01,11199.1996749,11172.7414197,11196.18107,6100.4369174,6089.8916752,6101.109173,5098.7627575,5082.8497444,5095.071894,7894.3246072,7836.2330175,7830.789454,5121.6035052,5097.8577413,5090.364544,2772.7211021,2738.3752761,2740.424911,3304.8750677,3336.5084022,3365.391613,978.8334122,992.0339339,1010.744629,2326.0416555,2344.4744683,2354.646984,62.1340892,61.9873094,62.1173546,68.6792143,68.5557355,68.6820142,55.7757863,55.6042643,55.7379695,590.7623527,589.6820094,589.8361665,305.8203206,303.4340886,302.3472715,284.9420321,286.2479208,287.488895,417.9045228,423.1799207,423.770992,244.5741888,245.0522005,245.3140107,173.330334,178.1277203,178.4569813,172.8578299,166.5020887,166.0651745,61.2461318,58.3818881,57.0332608,111.611698,108.1202006,109.0319137,5.0107231,5.0132697,5.0045419,4.7737752,4.7461071,4.7216261,5.2926756,5.3313972,5.3411175,5.0275867,5.1236077,5.1337802,4.5576983,4.5864932,4.597616,5.8834796,6.1075789,6.1138815,4.9704171,4.7531142,4.7024552,5.8886007,5.5579787,5.3413038,4.5786534,4.4084007,4.4255732,11789.9620276,11762.4234291,11786.01723,6406.257238,6393.3257638,6403.456444,5383.7047896,5369.0976653,5382.560789,65.4116877,65.2589148,65.3898152,72.1221643,71.9715839,72.085628,58.8927907,58.7356976,58.8829786,6238.222767,2479.668556,3758.554211,18024.24,8883.125,9141.115
2011-06-01,11207.4483465,11205.6938668,11221.25443,6097.5647987,6093.9418612,6098.139619,5109.8835477,5111.7520057,5123.114807,7892.8613775,7907.3619784,7869.827023,5114.6561397,5120.300349,5097.03292,2778.2052378,2787.0616294,2772.794103,3314.5869689,3298.3318885,3351.427403,982.908659,973.6415122,1001.1067,2331.6783099,2324.6903763,2350.320703,62.104813,62.0954872,62.1817148,68.5667136,68.5155379,68.5627342,55.8272347,55.8560148,55.9801759,596.3706717,579.4268407,564.2161214,311.0544323,300.0509454,292.6045245,285.3162395,279.3758953,271.6115969,423.0437118,411.633143,405.9567284,248.9487924,244.7573533,242.8583199,174.0949194,166.8757896,163.0984084,173.3269599,167.7936977,158.259393,62.1056398,55.2935921,49.7462045,111.2213201,112.5001057,108.5131885,5.0523536,4.9165966,4.7873873,4.8536888,4.6927007,4.5785673,5.288335,5.1821419,5.0347613,5.0871638,4.9481114,4.9053569,4.6414454,4.5620638,4.5480012,5.8969248,5.6492662,5.5553263,4.9693589,4.8409584,4.509217,5.9430421,5.3738658,4.7338885,4.5528404,4.6159751,4.4131972,11803.8190182,11785.1207075,11785.47055,6408.619231,6393.9928065,6390.744144,5395.1997872,5391.127901,5394.726404,65.4095339,65.3063363,65.3082749,72.0645002,71.8890771,71.8525517,58.9444127,58.9087498,58.9480706,6260.436453,2503.503856,3756.932596,18045.907,8894.248,9151.659
2011-07-01,11216.5822268,11209.6824252,11225.7164077,6096.7019038,6092.2750259,6110.2757872,5119.880323,5117.4073992,5115.4406205,7891.2998176,7884.1308795,7905.5541472,5108.8999036,5099.5024413,5112.803496,2782.399914,2784.6284382,2792.7506512,3325.2824092,3325.5515457,3320.1622606,987.8020002,992.7725846,997.4722912,2337.480409,2332.778961,2322.6899693,62.0800836,62.0429457,62.13169,68.4778793,68.4271258,68.6293065,55.8648986,55.8405943,55.819133,604.3977223,601.5264938,562.5198415,318.1058825,315.1229746,295.4222845,286.2918398,286.4035192,267.097557,429.9930777,422.3444243,399.2892604,254.4737958,250.7384621,238.9271542,175.519282,171.6059621,160.3621062,174.4046445,179.1820695,163.2305811,63.6320867,64.3845124,56.4951303,110.7725579,114.7975571,106.7354508,5.112924,5.0928444,4.7718745,4.9589309,4.9181114,4.6118671,5.2956478,5.3000285,4.9622975,5.167383,5.0845203,4.8079084,4.7446591,4.6864892,4.4644839,5.9338768,5.8048835,5.4302737,4.9834354,5.1125731,4.6859653,6.051933,6.0903448,5.360235,4.5245552,4.6902541,4.3934442,11820.9799491,11811.2089189,11788.2362492,6414.8077862,6407.3980005,6405.6980717,5406.1721629,5403.8109184,5382.5381775,65.4252257,65.3722528,65.2451045,72.0508301,71.9665194,71.9474262,58.9887343,58.9657984,58.7336726,6279.3817508,2497.6059283,3781.7758225,18067.618,8903.304,9164.314
2011-08-01,11226.9480996,11218.6827323,11127.2154885,6099.0248913,6095.2892032,6045.8909825,5127.9232083,5123.393529,5081.324506,7891.4797488,7885.2228917,7806.701713,5106.3391624,5106.8154658,5067.4918021,2785.1405863,2778.4074259,2739.2099109,3335.4683509,3333.4598406,3320.5137755,992.6857289,988.4737375,978.3991804,2342.782622,2344.9861031,2342.1145951,62.059127,62.0152499,61.5096322,68.4222324,68.3855844,67.8313653,55.8781861,55.828145,55.369731,613.4666746,624.107726,596.7613242,325.45053,336.819491,322.0807126,288.0161446,287.2882349,274.6806115,437.7273452,446.5727637,422.0877432,260.0183781,267.0522213,256.8178546,177.7089672,179.5205424,165.2698886,175.7393294,177.5349623,174.673581,65.4321519,69.7672697,65.262858,110.3071775,107.7676925,109.4107229,5.1811249,5.2699381,5.090093,5.0657915,5.2365329,5.0578226,5.3179352,5.3096495,5.1284606,5.2553303,5.3598622,5.1294026,4.845342,4.9694603,4.8234958,5.9979072,6.0691316,5.6901717,5.0050964,5.056543,4.9975456,6.1838244,6.5927581,6.2532559,4.4966628,4.3937428,4.4629652,11840.4147743,11842.7904582,11723.9768127,6424.4754213,6432.1086943,6367.9716951,5415.939353,5410.6817639,5356.0051176,65.4501827,65.4652268,64.8084422,72.0733164,72.1645024,71.4449227,59.0166535,58.9586422,58.3628465,6366.2231873,2545.1483049,3821.0748824,18090.2,8913.12,9177.08
2011-09-01,11237.4633176,11245.9893872,11315.9301478,6104.3010188,6105.9432828,6131.0825372,5133.1622988,5140.0461044,5184.8476107,7893.9395114,7895.337981,8009.9752383,5107.4087693,5102.0398764,5147.0236539,2786.5307421,2793.2981045,2862.9515844,3343.5238062,3350.6514062,3305.9549095,996.8922495,1003.9034063,984.0588832,2346.6315568,2346.7479999,2321.8960263,62.0345926,62.0886849,62.4748252,68.3942093,68.4298705,68.7116084,55.8576579,55.9316946,56.4192046,620.7855033,619.5851367,620.1409733,330.8809288,330.2268688,331.9503294,289.9045745,289.3582679,288.190644,444.1543595,443.1075594,432.8079436,263.9609169,264.3263476,259.4774579,180.1934426,178.7812118,173.3304857,176.6311438,176.4775773,187.3330297,66.9200119,65.9005212,72.4728714,109.7111319,110.5770561,114.8601583,5.2350521,5.2217036,5.1955201,5.1417494,5.1307977,5.1361387,5.345768,5.3294661,5.2656428,5.3268093,5.3140307,5.1263657,4.9142199,4.9256114,4.7993601,6.0738185,6.015358,5.7086424,5.0177093,5.0034342,5.3626564,6.2905848,6.160056,6.8595072,4.4664424,4.4998954,4.71365,11858.2488209,11865.574524,11936.0711211,6435.1819476,6436.1701516,6463.0328665,5423.0668733,5429.4043724,5473.0382546,65.4615382,65.5093912,65.8986002,72.101487,72.1307535,72.4318064,59.0123196,59.0803625,59.555167,6176.7128788,2459.8881335,3716.8247454,18112.784,8922.921,9189.863
2011-10-01,11247.4378677,11249.2745618,11270.9275609,6111.0445503,6106.8174289,6114.771445,5136.3933174,5142.457133,5156.1561159,7899.3120505,7916.454493,7888.1915191,5111.4685231,5127.1716784,5118.3530614,2787.8435274,2789.2828146,2769.8384577,3348.1258172,3332.8200688,3382.7360418,999.5760272,979.6457505,996.4183837,2348.54979,2353.1743183,2386.3176581,62.0013663,62.0129201,62.1322848,68.3748648,68.3321634,68.4211648,55.8116721,55.876522,56.0253714,624.8005123,615.5102256,588.5535235,333.2907852,334.9031785,324.4008883,291.5097272,280.6070471,264.1526351,447.920871,453.8134912,434.0757273,265.7169467,269.0781667,261.153349,182.2039243,184.7353244,172.9223783,176.8796413,161.6967344,154.4777962,67.5738385,65.8250118,63.2475393,109.3058029,95.8717226,91.2302568,5.2627019,5.1877066,4.9627258,5.1718411,5.1989709,5.0379283,5.3705773,5.1743265,4.8733872,5.3661001,5.4217319,5.215835,4.9415619,4.9863919,4.8545969,6.1347143,6.2116408,5.8761954,5.0178544,4.6271557,4.3672168,6.3321789,6.2962078,5.9686301,4.447202,3.9146558,3.6822802,11872.23838,11864.7847874,11859.4810844,6444.3353354,6441.7206074,6439.1723334,5427.9030446,5423.06418,5420.308751,65.4455716,65.4059911,65.3767538,72.1039674,72.0795587,72.0510448,58.9791954,58.9255209,58.8955812,6280.7299156,2497.7866666,3782.943249,18140.211,8936.959,9203.252
2011-11-01,11255.7542754,11252.7915906,11239.4184518,6117.3877903,6119.7089535,6106.0568337,5138.3664851,5133.0826371,5133.3616181,7907.2254354,7882.4956865,7905.9193355,5117.193344,5102.9447935,5112.2987475,2790.0320914,2779.550893,2793.6205881,3348.52884,3370.2959042,3333.4991162,1000.1944463,1016.76416,993.7580862,2348.3343937,2353.5317441,2339.74103,61.9528364,61.9386535,61.8650438,68.3425383,68.3691654,68.2166444,55.7481905,55.6935107,55.6965376,624.7178047,621.1498679,578.1630754,332.7911107,329.0213974,308.0222473,291.926694,292.1284705,270.140828,448.3658086,443.5716836,418.4022697,265.4822595,258.0204599,244.1678164,182.8835491,185.5512237,174.2344534,176.3519961,177.5781843,159.7608056,67.3088512,71.0009375,63.854431,109.0431449,106.5772468,95.9063747,5.2583584,5.231202,4.8923976,5.159409,5.1021113,4.8022833,5.375892,5.3846471,4.9993653,5.3660572,5.3275053,5.0262627,4.9321616,4.8129478,4.5583747,6.1516562,6.2578359,5.8707198,5.0030626,5.0051997,4.5734016,6.3052593,6.5272307,6.0376017,4.4373786,4.3322165,3.9376132,11880.4720801,11873.9414586,11817.5815271,6450.178901,6448.730351,6414.079081,5430.2931791,5425.2111076,5403.5024461,65.3913479,65.3576439,65.0474224,72.0604306,72.0449805,71.6578577,58.9154198,58.8630798,58.6275427,6350.0584729,2536.898919,3813.1595539,18167.64,8950.978,9216.662
2011-12-01,11263.8912712,11231.8135415,11355.7551112,6123.0350316,6124.5125484,6191.18647,5140.8562396,5107.300993,5164.5686412,7918.064652,7916.5504472,8041.3260995,5123.8116549,5123.0990309,5194.8041796,2794.252997,2793.4514163,2846.5219199,3345.8266192,3315.2630943,3314.4290117,999.2233766,1001.4135175,996.3822904,2346.6032426,2313.8495768,2318.0467213,61.8974248,61.7299928,62.411175,68.2944692,68.3157282,69.0594409,55.6864107,55.3333695,55.953817,620.9844579,615.6962876,602.0448335,329.7152239,314.1642499,306.5691509,291.269234,301.5320377,295.4756826,445.3767473,436.6597777,426.1104878,263.2635289,246.9536167,236.5442349,182.1132183,189.706161,189.5662529,175.6077107,179.03651,175.9343457,66.451695,67.2106333,70.024916,109.1560157,111.8258767,105.9094296,5.2249975,5.1968413,5.0347458,5.1096852,4.8793294,4.7180776,5.3619754,5.5748077,5.4115986,5.3252809,5.2274487,5.0323434,4.8869474,4.5987187,4.3551659,6.1186428,6.3592404,6.2437664,4.9868234,5.1236737,5.0405739,6.2356432,6.2894548,6.5664331,4.4448989,4.6100923,4.3692799,11884.8757291,11847.5098291,11957.7999447,6452.7502555,6438.6767984,6497.7556209,5432.1254736,5408.8330307,5460.0443238,65.3098636,65.1138566,65.7200105,71.9720125,71.8200658,72.4790591,58.8414762,58.600219,59.1550509,6237.2670553,2467.2553791,3770.0116762,18195.067,8965.011,9230.056
2012-01-01,11273.5109748,11308.6685204,11160.4515806,6128.3148837,6166.3564143,6105.3139152,5145.196091,5142.3121062,5055.1376654,7930.6238879,7965.6428897,7922.5016882,5130.654066,5167.7103317,5142.0725607,2799.9698219,2797.932558,2780.4291275,3342.8870869,3343.0256307,3237.9498924,997.6608177,998.6460825,963.2413545,2345.2262691,2344.3795482,2274.708538,61.8464493,62.042076,61.2289222,68.2371274,68.6591563,67.97948,55.6421996,55.6147792,54.6719762,616.1240972,601.2003674,642.3392291,325.8001454,316.6079958,342.1346743,290.3239519,284.5923716,300.2045548,440.2340285,430.9148207,472.9131594,259.7333985,254.3045131,276.866472,180.50063,176.6103076,196.0466874,175.8900687,170.2855467,169.4260697,66.0667469,62.3034827,65.2682023,109.8233219,107.982064,104.1578674,5.182027,5.0479176,5.4422656,5.0479445,4.8836917,5.3065126,5.341236,5.2441014,5.6057025,5.2591268,5.1320414,5.6329933,4.8184551,4.6902216,5.1092376,6.056112,5.9373933,6.5865372,4.9986135,4.8468678,4.9723327,6.210871,5.8724264,6.3459014,4.4733647,4.4031868,4.3784664,11889.635072,11909.8688878,11802.7908097,6454.1150291,6482.96441,6447.4485895,5435.5200429,5426.9044778,5355.3422202,65.2265043,65.3404058,64.7529497,71.8648239,72.1844209,71.7889708,58.7818784,58.6926829,57.9187278,6424.6271903,2533.6644105,3890.9627798,18227.418,8981.113,9246.305
2012-02-01,11286.3099249,11271.9635745,11237.7359131,6134.216034,6132.5649323,6123.5246746,5152.0938909,5139.3986422,5114.2112385,7942.8703769,7949.5884151,7987.6838541,5136.9718026,5145.2565048,5175.4995219,2805.8985743,2804.3319104,2812.1843321,3343.439548,3322.3751593,3250.052059,997.2442314,987.3084276,948.0251527,2346.1953165,2335.0667318,2302.0269063,61.8123592,61.7311502,61.5437017,68.1852328,68.1608008,68.0603222,55.6255771,55.4857018,55.2137749,612.5831458,617.2476141,699.6048415,322.7793441,327.9875016,364.9975586,289.8038017,289.2601125,334.6072828,435.1935135,439.2909292,492.8348407,256.1817126,262.6168406,291.0804828,179.0118009,176.6740885,201.7543579,177.3896323,177.9566849,206.7700008,66.5976315,65.3706609,73.9170758,110.7920008,112.586024,132.852925,5.1482364,5.1916616,5.8606423,4.9989093,5.0767718,5.6252802,5.325418,5.32839,6.1409144,5.1944401,5.2365866,5.8113761,4.7501283,4.8561944,5.3247274,5.9972253,5.9266599,6.6940432,5.0382914,5.0839947,5.9815055,6.2601063,6.2099325,7.2329995,4.5092622,4.5997548,5.4562415,11898.8930706,11889.2111886,11937.3407546,6456.995378,6460.5524339,6488.5222332,5441.8976926,5428.6587547,5448.8185213,65.1673273,65.11152,65.3751026,71.7731052,71.8062397,72.1171119,58.7544998,58.6085964,58.8262442,6322.4252455,2508.6797668,3813.7454787,18259.766,8997.202,9262.564
2012-03-01,11302.4458357,11333.4071638,11334.5335101,6141.072089,6141.9492049,6143.950788,5161.3737466,5191.457959,5190.5827221,7953.6371252,7966.8953276,7937.9497562,5142.8654974,5150.2614881,5142.0042089,2810.7716278,2816.6338395,2795.9455473,3348.8087104,3366.5118363,3396.5837539,998.2065916,991.6877167,1001.9465791,2350.6021188,2374.8241195,2394.6371748,61.799258,61.957876,61.9640335,68.1463486,68.1431267,68.1653336,55.6372148,55.9496095,55.9401768,611.5148422,619.5414531,659.8616174,321.6528049,327.2815882,342.8072689,289.8620373,292.259865,317.0543485,432.2176384,439.3295471,455.8739266,254.1069718,258.6981019,265.5446758,178.1106667,180.6314452,190.3292508,179.2972038,180.211906,203.9876908,67.5458331,68.5834863,77.2625931,111.7513707,111.6284198,126.7250976,5.1327586,5.1831684,5.5014164,4.9770462,5.0590495,5.2847241,5.3173638,5.3295934,5.7566311,5.1541274,5.2262407,5.4310639,4.7083244,4.7827701,4.9106292,5.9591061,6.0265418,6.3734674,5.0819677,5.081081,5.6654254,6.337854,6.4684852,7.1591861,4.5383967,4.4894651,5.0260567,11913.9606779,11952.948617,11994.3951275,6462.7248939,6469.230793,6486.7580569,5451.235784,5483.717824,5507.6370706,65.1428851,65.3448074,65.5713886,71.7156707,71.77422,71.9686798,58.7617931,59.0993654,59.3571489,6297.7218726,2526.5489431,3771.1729294,18292.117,9013.307,9278.81
2012-04-01,11319.5329981,11322.0380389,11331.6316897,6147.7859353,6155.0065146,6163.5572284,5171.7470628,5167.0315243,5168.0744612,7961.1366166,7945.5364383,7912.2739846,5147.4622766,5133.2079849,5122.1137109,2813.6743399,2812.3284534,2790.1602737,3358.3963816,3376.5016006,3419.3577051,1000.3236587,1021.7985297,1041.4435176,2358.0727229,2354.7030708,2377.9141875,61.7958934,61.8084745,61.8608475,68.1103955,68.1878526,68.2825811,55.6646645,55.6109398,55.6221646,613.2338401,595.2561084,599.2862944,322.9092853,316.5977323,313.6273486,290.3245548,278.6583761,285.6589458,432.3140432,422.698506,421.9538793,254.4059187,251.1306776,249.0806788,177.9081246,171.5678284,172.8732005,180.9197969,172.5576024,177.3324151,68.5033666,65.4670548,64.5466698,112.4164302,107.0905477,112.7857453,5.139075,4.9948931,5.0229689,4.9903337,4.8921059,4.842032,5.3152828,5.1170445,5.2378605,5.1506116,5.0512266,5.0629031,4.7095914,4.6640951,4.6373425,5.9469571,5.749792,5.8343317,5.1117162,4.862066,4.9304335,6.4092098,6.021257,5.8360979,4.5503713,4.3501026,4.5282751,11932.7668383,11917.2941473,11930.9179841,6470.6952206,6471.604247,6477.184577,5462.0716176,5445.6899004,5453.7334071,65.1436757,65.0580548,65.1324291,71.6878589,71.6952606,71.757082,58.7894923,58.6100417,58.6966112,6387.0200159,2549.359423,3837.660593,18317.938,9026.544,9291.394
2012-05-01,11335.0175995,11364.0516403,11393.1529779,6153.7352762,6165.2932478,6180.0537916,5181.2823233,5198.7583926,5213.0991863,7966.2824896,7986.981954,7984.8792357,5151.3203596,5160.424668,5154.5633738,2814.9621299,2826.557286,2830.3158619,3368.7351099,3377.0696863,3408.2737422,1002.4149166,1004.8685797,1025.4904178,2366.3201933,2372.2011066,2382.7833243,61.788435,61.9504999,62.1091442,68.0709694,68.2017007,68.3649848,55.6870147,55.8767931,56.0309295,617.6182771,623.3963879,620.9381901,326.6557755,321.9739093,318.0587254,290.9625016,301.4224786,302.8794647,436.1318619,431.4615694,430.0044773,257.6369544,248.4120451,246.3366412,178.4949075,183.0495243,183.6678361,181.4864152,191.9348184,190.9337128,69.0188211,73.5618642,71.7220842,112.4675941,118.3729542,119.2116286,5.167214,5.2004095,5.1684158,5.04068,4.9631671,4.8946325,5.3170593,5.4802285,5.490947,5.1905541,5.1251941,5.1100466,4.7631538,4.5927074,4.5610295,5.9628351,6.082174,6.0938563,5.1119744,5.3778251,5.3048821,6.4417256,6.8211969,6.5367542,4.5372014,4.7528382,4.764663,11952.6358766,11987.4480282,12014.0911679,6480.3910517,6487.267157,6498.112517,5472.2448248,5500.1808711,5515.9786509,65.1551406,65.3489109,65.4941545,71.684348,71.7634402,71.8834137,58.8142006,59.1165131,59.2863093,6329.6698321,2541.681483,3787.9883491,18343.761,9039.794,9303.967
2012-06-01,11347.3365029,11338.6170853,11356.0437073,6158.2707643,6163.4009951,6169.1941485,5189.0657387,5175.2160901,5186.8495588,7971.5584548,7959.0376666,7925.4583561,5155.2651951,5154.4765066,5132.6325942,2816.2932596,2804.56116,2792.8257619,3375.7780482,3379.5794187,3430.5853513,1003.0055691,1008.9244885,1036.5615544,2372.7724791,2370.6549301,2394.0237969,61.7668156,61.7249664,61.8198332,68.0196131,68.0811521,68.1451435,55.6928303,55.5485785,55.6734472,623.1381588,617.2005898,599.270207,331.7520862,316.8568736,306.7857557,291.3860726,300.3437162,292.4844513,442.7825532,429.2198533,422.9076023,263.0119786,242.9636293,240.517131,179.7705747,186.256224,182.3904713,180.3556056,187.9807365,176.3626047,68.7401077,73.8932443,66.2686247,111.6154979,114.0874922,110.09398,5.2056261,5.1623453,5.0125845,5.1117245,4.889572,4.737287,5.3168257,5.4851691,5.3379562,5.2622369,5.1169132,5.065753,4.8541625,4.5014604,4.4762782,6.0002251,6.2276027,6.1303266,5.0716768,5.269168,4.8895245,6.4138451,6.8241627,6.00896,4.4926758,4.5915219,4.3965176,11970.4746618,11955.8176751,11955.3139143,6490.0228505,6480.2578688,6475.9799042,5480.4518113,5475.5598063,5479.3340101,65.1587358,65.0848722,65.0821299,71.6838964,71.5811647,71.5339101,58.8201977,58.7723408,58.8128515,6414.2660857,2577.0410958,3837.2249899,18369.58,9053.021,9316.559
2012-07-01,11355.9930019,11348.5517452,11368.7583672,6161.6377788,6150.1712408,6170.3765818,5194.355223,5198.3805044,5198.3817853,7978.9194529,7966.6369453,7989.4145273,5160.4745019,5148.6342702,5161.9084727,2818.4449509,2818.0026751,2827.5060546,3377.073549,3381.9147999,3379.3438398,1001.1632769,1001.5369706,1008.4681091,2375.9102721,2380.3778293,2370.8757307,61.7267359,61.6882234,61.7980621,67.9578925,67.8336813,68.0565373,55.6724315,55.7163491,55.7163629,628.49953,620.2623161,583.375407,336.8723471,332.2396465,314.3036886,291.6271829,288.0226696,269.0717183,450.8926535,448.6146691,425.6988424,269.2333077,268.9231667,258.1164889,181.6593458,179.6915024,167.5823535,177.6068765,171.647647,157.6765646,67.6390394,63.3164798,56.1871997,109.9678371,108.3311672,101.4893649,5.2442732,5.1823206,4.880931,5.1838397,5.1252482,4.8468648,5.3158607,5.249754,4.9213353,5.3487865,5.3309715,5.0587416,4.9585229,4.9639191,4.7622749,6.055101,5.994324,5.595239,4.9964232,4.8302978,4.4578924,6.3284892,5.9460276,5.2775015,4.4237019,4.3529062,4.1049506,11984.4925319,11968.8140614,11952.1337741,6498.510126,6482.4108873,6484.6802704,5485.9824059,5486.403174,5467.4535037,65.1430135,65.0598325,64.9691621,71.6733226,71.4981383,71.5231686,58.7980542,58.803382,58.6002791,6444.4922259,2581.8647296,3862.6274964,18396.626,9066.545,9330.081
2012-08-01,11362.6281549,11360.7780699,11264.1168555,6165.1183867,6159.5930335,6108.2259897,5197.5097682,5201.1850364,5155.8908658,7988.8124151,7978.357262,7896.5720486,5167.0407586,5163.4772514,5121.9977141,2821.7716565,2814.8800106,2774.5743346,3373.8157398,3382.4208079,3367.5448068,998.0776281,996.1157821,986.2282756,2375.7381117,2386.3050258,2381.3165312,61.6758834,61.6640303,61.1393726,67.8989947,67.8363599,67.2706483,55.6284267,55.66578,55.1810183,633.2446963,617.7187655,590.767867,341.3897001,341.6779191,327.76435,291.8549963,276.0408464,263.003517,458.8297626,467.541243,442.8426569,274.9244579,284.44151,274.2140693,183.9053047,183.099733,168.6285876,174.4149338,150.1775225,147.9252101,66.4652422,57.2364091,53.5502807,107.9496916,92.9411135,94.3749294,5.2788547,5.1568972,4.9833287,5.2468958,5.2555557,5.0926793,5.3167353,5.039793,4.8534535,5.4314536,5.5357194,5.3102367,5.0519334,5.2211041,5.0816032,6.1185985,6.1074373,5.7294244,4.9155466,4.2511916,4.2078359,6.2435477,5.433739,5.1501621,4.3463471,3.7487651,3.8120635,11995.8728513,11978.4968355,11854.8847225,6506.5080868,6501.2709526,6435.9903397,5489.3647645,5477.2258829,5418.8943828,65.1131099,65.0168842,64.3459424,71.6588605,71.5993011,70.8803576,58.7521215,58.6201123,57.9958183,6568.7862775,2644.0856603,3924.7006172,18423.671,9080.076,9343.595
2012-09-01,11370.4788749,11389.9726339,11457.579725,6169.5884428,6158.7357628,6182.4155989,5200.8904321,5231.2368711,5275.1641261,8000.790596,8023.0917869,8136.2829723,5173.8669947,5163.056362,5206.9340466,2826.9236012,2860.0354248,2929.3489257,3369.6882789,3366.880847,3321.2967527,995.7214481,995.6794008,975.4815523,2373.9668309,2371.2014462,2345.8152004,61.631643,61.73187,62.0982899,67.8526318,67.7260614,67.9864626,55.5857687,55.9064908,56.3759436,637.1881501,661.4201972,661.0912471,344.8338217,370.5393478,371.4831545,292.3543284,290.8808493,289.6080926,464.6636953,485.505328,474.4569835,278.5729104,300.1854591,294.4389584,186.0907849,185.3198689,180.0180251,172.5244548,175.9148692,186.6342636,66.2609113,70.3538888,77.0441961,106.2635435,105.5609804,109.5900675,5.3065108,5.4883299,5.4551464,5.2933907,5.6750457,5.6681247,5.3220699,5.2675597,5.2043117,5.4889399,5.7060561,5.5100605,5.1091422,5.4946398,5.3520995,6.1762329,6.0853283,5.7895394,4.8705278,4.9654251,5.3203516,6.2393608,6.5995959,7.3199346,4.2844223,4.2620551,4.4632171,12007.667025,12051.3928311,12118.670972,6514.4222645,6529.2751107,6553.8987534,5493.2447605,5522.1177204,5564.7722187,65.0854072,65.316664,65.681301,71.6450862,71.800789,72.071569,58.710376,59.015149,59.4709998,6332.046028,2539.6992466,3792.3467814,18450.717,9093.598,9357.119
2012-10-01,11381.1978701,11391.0430892,11405.9647716,6175.0090824,6187.000077,6190.9145956,5206.1887877,5204.0430123,5215.050176,8011.7497946,8038.3048953,8007.3210694,5178.9175078,5195.1354358,5183.697735,2832.8322868,2843.1694595,2823.6233343,3369.4480754,3352.738194,3398.6437022,996.0915745,991.8646412,1007.2168606,2373.3565009,2360.8735528,2391.4268416,61.6019164,61.6529582,61.7337204,67.8171619,67.9464445,67.9894343,55.5617571,55.537232,55.6546998,640.4626896,651.5562865,623.6190531,347.3011892,346.8488045,335.9634332,293.1615004,304.7074819,287.6556199,467.490015,473.0994104,453.2128607,279.8381854,284.0278288,275.790619,187.6518296,189.0715816,177.4222417,172.9726747,178.4568761,170.4061924,67.4630038,62.8209757,60.1728142,105.5096708,115.6359004,110.2333782,5.3275726,5.410429,5.1840451,5.3248186,5.3084914,5.1473834,5.3308388,5.5313357,5.2275304,5.5133482,5.5584178,5.3567879,5.1264098,5.1837811,5.0515836,6.2126408,6.2353744,5.9120142,4.8828947,5.0537247,4.7745534,6.3431633,5.9563698,5.6373802,4.2563682,4.6693099,4.4064089,12021.6605597,12042.5993757,12029.5838247,6522.3102716,6533.8488815,6526.8780288,5499.3502881,5508.7504942,5502.7057959,65.0684873,65.1794458,65.1090003,71.6314042,71.7555835,71.6790287,58.6904505,58.7890518,58.7245431,6446.4851753,2578.8229712,3867.6622042,18476.069,9105.701,9370.368
2012-11-01,11394.6054422,11385.1439192,11378.3335893,6180.3479027,6173.2922497,6162.8179999,5214.2575395,5211.8516696,5215.5155894,8019.1946783,8015.6662353,8042.2443047,5181.0950191,5182.3855481,5194.0788994,2838.0996592,2833.2806872,2848.1654053,3375.4107639,3369.4776839,3336.0892846,999.2528835,990.9067015,968.7391005,2376.1578803,2378.5709824,2367.3501841,61.5845603,61.5365885,61.4997787,67.779657,67.7057772,67.5909005,55.5646417,55.5421338,55.5811798,644.4055805,631.7108629,589.17245,349.6567196,344.2852834,323.3230992,294.7488609,287.4255795,265.8493508,468.4411169,460.3559004,434.572759,279.9657132,274.5084341,260.3642005,188.4754037,185.8474663,174.2085585,175.9644636,171.3549625,154.599691,69.6910064,69.7768493,62.9588988,106.2734572,101.5781132,91.6407923,5.3526455,5.2568736,4.9231013,5.3546167,5.2824118,4.9848299,5.3503089,5.2266065,4.8500575,5.5191001,5.431273,5.126603,5.1265812,5.0304887,4.7734332,6.2273494,6.1556667,5.7639644,4.954826,4.8393974,4.4289162,6.5196131,6.5784794,6.1024543,4.281023,4.0956454,3.7267641,12039.0110227,12016.8547821,11967.5060393,6530.0046223,6517.577533,6486.1410992,5509.0064004,5499.2772491,5481.3649402,65.0673868,64.9509793,64.6842499,71.6143299,71.4817369,71.1369568,58.7055711,58.6051968,58.4143073,6533.9159607,2631.6809008,3902.2350598,18501.422,9117.822,9383.6
2012-12-01,11409.5961495,11396.7602966,11521.3259666,6184.8686743,6195.6060573,6262.2926727,5224.7274752,5201.1542393,5259.033294,8022.3604386,8004.8677527,8132.3441757,5180.5089816,5182.1037851,5256.3551377,2841.851457,2822.7639676,2875.989038,3387.2357109,3391.8925439,3388.9817909,1004.3596927,1013.5022722,1005.937535,2382.8760182,2378.3902717,2383.0442559,61.5725129,61.5150824,62.1874373,67.7307319,67.8604489,68.5908672,55.5897603,55.3499644,55.9659053,650.119237,654.6849993,637.8284158,352.825401,352.9498004,344.7202881,297.293836,301.7351989,293.1081277,469.8670459,473.0443257,459.5866576,280.9557698,282.1156281,270.5476257,188.9112762,190.9286975,189.0390319,180.2521911,181.6406736,178.2417583,71.8696312,70.8341723,74.1726624,108.3825599,110.8065014,104.0690958,5.390834,5.432419,5.2456643,5.3967866,5.3897349,5.2174907,5.3837865,5.4832139,5.2791906,5.532907,5.5797267,5.3490498,5.14433,5.162963,4.8951038,6.2331265,6.3353739,6.1676118,5.0526364,5.0829435,4.9966523,6.6779105,6.5324902,6.8671384,4.3505143,4.4514963,4.1843326,12059.7153865,12051.4452959,12159.1543824,6537.6940753,6548.5558577,6607.0129608,5522.0213112,5502.8894382,5552.1414216,65.0809171,65.0488061,65.630176,71.5945363,71.7263067,72.3665871,58.7528904,58.5609887,59.0851215,6367.6196176,2522.9090392,3844.7105783,18526.774,9129.922,9396.852
2013-01-01,11424.137902,11470.079915,11305.9312673,6188.5480214,6225.2653459,6152.157636,5235.5898805,5244.8145691,5153.7736312,8020.9107529,8069.8301306,8000.4582334,5177.6216813,5213.2761553,5174.7125963,2843.2890717,2856.5539753,2825.745637,3403.227149,3400.2497845,3305.4730339,1010.9263401,1011.9891906,977.4450397,2392.3008089,2388.2605938,2328.0279942,61.5555329,61.8081485,60.9236103,67.6701631,68.07657,67.2770985,55.6166593,55.7185576,54.7513795,657.20415,653.4035776,696.8740676,356.9370269,356.7526244,383.9065742,300.2671231,296.6509533,312.9674934,473.5275193,465.8112234,508.9120206,284.0117993,279.8446343,303.3879459,189.5157201,185.9665891,205.5240746,183.6766307,187.5923542,187.9620471,72.9252276,76.90799,80.5186283,110.751403,110.6843642,107.4434188,5.4398274,5.3895696,5.8059266,5.4531792,5.4201102,5.8736659,5.4240404,5.3532942,5.7249371,5.5745595,5.4572492,5.9806073,5.2001256,5.0944562,5.538196,6.2488598,6.1122541,6.7801316,5.1207571,5.2285565,5.3804362,6.7283408,7.0629249,7.6107177,4.4246541,4.4292438,4.4116066,12081.342052,12123.4834926,12002.8053349,6545.4850484,6582.0179703,6536.0642102,5535.8570036,5541.4655223,5466.7411247,65.0966799,65.3291061,64.6788148,71.5731767,71.9778487,71.47532,58.8063389,58.8700442,58.0762058,6554.7476651,2608.4407898,3946.3068753,18557.553,9144.505,9413.048
2013-02-01,11437.6334329,11468.7452165,11425.3118584,6192.2832245,6211.4296076,6198.6660368,5245.3502084,5257.3156089,5226.6458216,8016.8401391,8010.9417294,8044.8367143,5174.2032261,5162.4297784,5191.8638152,2842.636913,2848.511951,2852.9728991,3420.7932938,3457.8034871,3380.4751441,1018.0799984,1048.9998292,1006.8022215,2402.7132954,2408.8036579,2373.6729225,61.532543,61.6986182,61.4649589,67.6093018,67.8172375,67.6778831,55.6316246,55.7553243,55.4300625,665.0565768,653.9292553,740.9822388,361.5391371,354.8419857,395.1117896,303.5174397,299.0872696,345.8704492,480.1582234,464.7864558,521.7845761,288.9647466,277.3737017,307.4126067,191.1934768,187.412754,214.3719694,184.8983533,189.1427995,219.1976627,72.5743904,77.468284,87.699183,112.3239629,111.6745156,131.4984798,5.4951137,5.3942656,6.0904515,5.5164623,5.4040102,5.9921914,5.4698987,5.3827499,6.2067194,5.6509158,5.4837348,6.0909028,5.2893257,5.0989655,5.5900555,6.302049,6.1731687,6.9888447,5.127958,5.1863336,6.0893774,6.6542061,6.8770951,8.0127063,4.4660954,4.4306877,5.2490811,12102.6900096,12122.6744718,12166.2940972,6553.8223616,6566.2715933,6593.7778264,5548.8676481,5556.4028785,5572.5162708,65.1104355,65.2165733,65.4512346,71.5567001,71.6914508,71.9917676,58.8506981,58.9272297,59.0981168,6422.0399028,2565.2941736,3856.7457292,18588.334,9159.072,9429.262
2013-03-01,11448.3454921,11435.0753644,11437.3370622,6196.3890667,6187.6542621,6189.833648,5251.9564254,5247.4211022,5247.5034142,8011.5698115,7993.3811955,7964.8936275,5170.9547578,5163.2631727,5155.2797839,2840.6150538,2830.1180228,2809.6138436,3436.7756805,3441.6941689,3472.4434347,1025.4343089,1024.3910894,1034.5538641,2411.3413716,2417.3030794,2437.8895706,61.496719,61.4157901,61.4279373,67.5538371,67.450298,67.474055,55.6155372,55.5549379,55.5558093,673.2796583,683.5385828,726.087422,366.3506127,375.1172134,391.0378276,306.9290456,308.4213694,335.0495943,489.1239899,497.2011184,515.8585913,294.8412743,305.0749066,312.4434899,194.2827156,192.1262118,203.4151014,184.1556684,186.3374644,210.2288307,71.5093385,70.0423068,78.5943377,112.6463299,116.2951576,131.634493,5.5543679,5.6404023,5.9694326,5.5822816,5.7158354,5.9420371,5.5214134,5.551298,6.0017271,5.7539302,5.8559131,6.0826985,5.3942971,5.5789328,5.7143252,6.4016231,6.357071,6.7511831,5.0858647,5.1360485,5.7085946,6.5189619,6.3998693,7.0605457,4.4630301,4.5901183,5.1229134,12121.6251504,12118.6139471,12163.4244842,6562.7396794,6562.7714755,6580.8714756,5558.885471,5555.8424716,5582.5530086,65.1133542,65.0869563,65.3276259,71.547839,71.5393706,71.7366749,58.8657591,58.8202238,59.1030107,6455.6885158,2592.7785244,3862.9099914,18619.113,9173.65,9445.463
2013-04-01,11455.8963334,11467.3289892,11481.0679374,6200.7129059,6201.5431771,6211.389242,5255.1834275,5265.7858121,5269.6786954,8007.3579033,8023.4197832,7992.2768662,5168.4796533,5178.1994738,5167.225123,2838.87825,2845.2203094,2825.0517431,3448.5384301,3443.9092059,3488.7910713,1032.2332526,1023.3437032,1044.164119,2416.3051775,2420.5655027,2444.6269523,61.4478709,61.5088486,61.582542,67.5043687,67.5136929,67.620883,55.5673608,55.6768048,55.7179655,680.3901257,678.8549548,682.9062991,370.3599643,365.9180915,361.9757628,310.0301614,312.9368633,320.93053629999997,498.1044394,497.3577207,496.5258334,300.0083705,300.042708,297.0647656,198.096069,197.3150127,199.4610678,182.2856863,181.4972342,186.3804656,70.3515939,65.8753835,64.9109972,111.9340924,115.6218507,121.4694684,5.6062464,5.589039,5.6141709,5.6362176,5.5716825,5.5067041,5.5708583,5.6094716,5.7405289,5.8562888,5.8369993,5.8491857,5.4861302,5.4769888,5.4364752,6.5228101,6.4852168,6.5948164,5.0205044,5.0062589,5.0713406,6.3806059,6.0479461,5.8527142,4.4273536,4.5588844,4.7336284,12136.2864591,12146.183944,12163.9742365,6571.0728703,6567.4612686,6573.3650048,5565.2135888,5578.7226755,5590.6092317,65.0973911,65.1501138,65.245538,71.5363108,71.4972952,71.5615668,58.8455638,58.9855844,59.1112647,6479.4067635,2612.2429952,3867.1637683,18643.381,9185.608,9457.773
2013-05-01,11461.1202852,11457.6372059,11491.6647664,6204.5076861,6212.1963966,6230.1353237,5256.6125991,5245.4408093,5261.5294427,8004.5460367,8003.9850375,8003.3615197,5165.8795044,5167.2574293,5162.5931694,2838.6665323,2836.7276082,2840.7683503,3456.5742485,3453.6521684,3488.3032467,1038.6281817,1044.9389673,1067.5421543,2417.9460668,2408.7132011,2420.7610924,61.3908941,61.3769628,61.5592437,67.4540812,67.5418606,67.7369008,55.5035897,55.3894917,55.5593804,685.7148235,680.9366386,676.9061813,373.1835633,369.025538,363.5092262,312.5312602,311.9111006,313.3969552,505.384601,506.4483033,503.738701,303.7090696,302.7897813,299.3433575,201.6755314,203.6585221,204.3953435,180.3302225,174.4883353,173.1674803,69.4744937,66.2357567,64.1658687,110.8557288,108.2525785,109.0016116,5.6452139,5.6096923,5.5627418,5.6734734,5.6072496,5.5130243,5.6118367,5.612585,5.6215443,5.9387629,5.9509109,5.9213914,5.5526858,5.5354144,5.4805353,6.6333171,6.6984427,6.7121299,4.9583437,4.8093048,4.7294514,6.2696802,5.9608768,5.6698254,4.3837255,4.3009158,4.3087682,12146.8351088,12138.5738445,12168.5709477,6577.6912495,6581.2219346,6593.6445499,5569.1438593,5557.3519099,5574.9263978,65.0638899,65.0246453,65.1853356,71.5112531,71.5540762,71.6891406,58.8035488,58.6831324,58.8687111,6499.0800523,2603.9054501,3895.1746022,18667.651,9197.55,9470.101
2013-06-01,11464.6067835,11470.2166081,11492.4854477,6206.6353365,6215.6137545,6224.2059368,5257.971447,5254.6028536,5268.2795108,8002.1451544,7993.1217025,7965.5831424,5161.6427948,5163.2150606,5143.7938664,2840.5023596,2829.9066419,2821.789276,3462.461629,3477.0949057,3526.9023052,1044.9925416,1052.3986939,1080.4120704,2417.4690874,2424.6962117,2446.4902348,61.3283499,61.3645748,61.4837109,67.3912595,67.4912683,67.5845652,55.4410095,55.4142069,55.5584388,689.4119208,692.6537086,673.4005686,375.3638426,378.3791327,367.6331,314.0480783,314.2745759,305.7674686,509.8889876,514.1635783,506.0507994,306.0274493,305.9100248,302.644516,203.8615383,208.2535535,203.4062833,179.5229332,178.4901303,167.3497692,69.3363932,72.4691079,64.988584,110.18654,106.0210224,102.3611853,5.672296,5.6948211,5.5351543,5.702885,5.7382399,5.5770946,5.6361626,5.6434098,5.485556,5.9902131,6.0438032,5.9734734,5.5970356,5.5933997,5.5567418,6.6963591,6.8545942,6.72374,4.9292612,4.8826694,4.5300041,6.2222555,6.4424555,5.6738735,4.3592386,4.1893666,4.015973,12154.0187043,12162.8703167,12165.8860162,6581.999179,6593.9928872,6591.8390368,5572.0195253,5568.8774295,5574.0469794,65.0162649,65.0702066,65.0863403,71.4669367,71.5998389,71.5764516,58.7523897,58.7284967,58.7830139,6526.0329838,2617.6689632,3908.3640206,18691.919,9209.508,9482.411
2013-07-01,11466.6599338,11457.3258449,11479.9723996,6206.3206023,6197.6417444,6220.262618,5260.3393315,5259.6841005,5259.7097816,7998.9900683,7991.9204799,8014.7143861,5154.9893948,5152.1759653,5165.6703081,2844.0006734,2839.7445146,2849.044078,3467.6698655,3465.4053649,3465.2580135,1051.3312074,1045.4657791,1054.5923099,2416.3386581,2419.9395859,2410.6657036,61.2612363,61.2126494,61.3336424,67.3080822,67.213717,67.4590414,55.3898244,55.3857751,55.3860455,692.7519112,684.2672937,647.1758146,377.9913564,373.5406392,356.5245025,314.7605548,310.7266545,290.6513121,512.3595297,507.4829254,483.9034139,308.0848141,303.3315538,293.5742298,204.2747156,204.1513716,190.3291841,180.3923815,176.7843683,163.2724007,69.9065423,70.2090854,62.9502728,110.4858392,106.5752829,100.3221279,5.6972485,5.6357291,5.336587,5.7407875,5.684527,5.4209524,5.6458281,5.5781641,5.2366199,6.0197214,5.9708064,5.6939072,5.6394038,5.5600978,5.3775615,6.7013209,6.7069105,6.2621194,4.9448822,4.8537935,4.499684,6.2347653,6.2929701,5.6329194,4.3725173,4.2182725,3.9953251,12159.411845,12141.5931386,12127.1482142,6584.3119587,6571.1823836,6576.7871205,5575.0998863,5570.410755,5550.3610936,64.9622999,64.8684601,64.7912857,71.4074311,71.2647828,71.3255665,58.7041604,58.6578037,58.4466758,6590.1037858,2644.0118795,3946.0919064,18717.252,9220.799,9496.453
2013-08-01,11465.9457579,11459.6068756,11361.4097873,6202.5471452,6196.5214911,6144.8618919,5263.3986127,5263.0853845,5216.5478953,7992.3775113,7997.2662395,7915.5026767,5145.7722855,5140.2672232,5098.4371991,2846.6052258,2856.9990162,2817.0654776,3473.5682466,3462.3406361,3445.9071106,1056.7748597,1056.2542678,1046.4246929,2416.7933869,2406.0863683,2399.4824177,61.1820888,61.1420895,60.6181645,67.1935507,67.1192919,66.559727,55.3461876,55.3398444,54.8505159,696.435478,711.199369,680.9789535,381.5647931,389.2636545,373.5024105,314.8706849,321.9357146,307.476543,514.3090012,515.5755248,488.8662425,310.8080576,309.7796085,299.1898707,203.5009436,205.7959163,189.6763718,182.1264768,195.6238443,192.112711,70.7567355,79.484046,74.3125398,111.3697413,116.1397983,117.8001712,5.7261441,5.8434861,5.6548495,5.7952355,5.9106643,5.7300021,5.6445946,5.7642703,5.5661691,6.0459381,6.0564444,5.8168108,5.6960227,5.6839807,5.5429889,6.6719298,6.7192196,6.308369,4.9819936,5.347888,5.2806945,6.2753661,6.9984472,6.6306836,4.4051644,4.6046544,4.6796562,12162.3812359,12170.8062446,12042.3887408,6584.1119383,6585.7851456,6518.3643025,5578.2692975,5585.0210991,5524.0244383,64.8982565,64.9366538,64.2514895,71.3271257,71.3357061,70.605419,58.6571457,58.7249068,58.0835442,6700.1942592,2713.7376975,3986.4565617,18742.583,9232.102,9510.481
2013-09-01,11461.9244758,11474.145922,11539.2776889,6196.3710118,6202.8976899,6225.2800221,5265.5534641,5271.2482321,5313.9976668,7980.6722333,8002.9062349,8115.5762314,5135.0375042,5149.2976275,5193.950089,2845.6347291,2853.6086075,2921.6261424,3481.2522426,3471.239687,3423.7014575,1061.3335076,1053.6000624,1031.3299331,2419.918735,2417.6396246,2392.3715244,61.0876118,61.1370273,61.4840651,67.0577269,67.1062564,67.3484004,55.293526,55.3439836,55.7928192,701.101227,694.3956471,693.3544513,385.7321894,376.617426,377.1016271,315.3690376,317.7782211,316.2528243,517.3134809,511.0471127,498.9126998,314.4117658,308.1913252,302.3384631,202.901715,202.8557875,196.5742367,183.7877461,183.3485344,194.4417516,71.3204236,68.4261008,74.763164,112.4673226,114.9224336,119.6785876,5.7642008,5.7064821,5.6680724,5.8603182,5.7240909,5.7116,5.6508407,5.6857527,5.6170294,6.0874835,6.0024655,5.7915531,5.7696063,5.6471269,5.5007749,6.655709,6.6369426,6.3040925,5.0146178,5.016941,5.3740756,6.2967533,6.0984408,6.7592108,4.4411602,4.5377934,4.7641799,12163.0257029,12168.5415691,12232.6321402,6582.1032012,6579.5151159,6602.3816492,5580.9225017,5589.0264532,5630.2504911,64.8242094,64.8369354,65.1784255,71.232158,71.1807046,71.428087,58.6052132,58.6804064,59.1132265,6535.2838597,2641.0153508,3894.2685089,18767.916,9243.397,9524.519
2013-10-01,11456.4361259,11470.5944862,11482.559747,6189.6726297,6195.4177883,6198.2416315,5266.7634962,5275.1766979,5284.3181155,7966.3677327,7965.1837153,7933.5715473,5124.6187247,5118.1265951,5105.8206456,2841.749008,2847.0571202,2827.7509018,3490.0683932,3505.4107709,3548.9881997,1065.0539051,1077.2911932,1092.420986,2425.0144882,2428.1195776,2456.5672137,60.9855945,61.0561793,61.1198685,66.917192,66.9738404,67.0043668,55.230757,55.3159547,55.4118123,706.1601032,709.2453503,680.4325743,389.3638657,391.6395242,380.9961015,316.7962375,317.6058261,299.4364728,521.2260465,527.7333136,506.9004381,317.7799429,322.6757262,315.0773526,203.4461035,205.0575874,191.8230855,184.9340568,181.5120367,173.5321362,71.5839228,68.963798,65.9187489,113.350134,112.5482387,107.6133873,5.8059981,5.823109,5.594286,5.9182506,5.9455916,5.7908852,5.6737324,5.6788517,5.3626367,6.1410343,6.2138051,6.0055935,5.8389685,5.9306644,5.8122723,6.6808889,6.7185413,6.3526539,5.0322159,4.9231309,4.661684,6.2978656,6.0164447,5.6907958,4.4654788,4.4298683,4.1967944,12162.5962292,12179.8398365,12162.9923213,6579.0364955,6587.0573125,6579.237733,5583.5597337,5592.782524,5583.7545883,64.7446687,64.8313813,64.7417046,71.1266451,71.2075506,71.1230192,58.5528914,58.6463965,58.5517288,6623.9586786,2671.266267,3952.6924116,18786.951,9250.504,9536.447
2013-11-01,11453.2912473,11449.2783896,11445.9000442,6185.0918295,6187.5664017,6178.2844765,5268.1994178,5261.7119879,5267.6155677,7953.4713857,7954.4854556,7983.3970255,5116.7800542,5120.8476453,5134.5684253,2836.6913314,2833.6378103,2848.8286002,3499.8198617,3494.7929339,3462.5030187,1068.3117753,1066.7187563,1043.7160512,2431.5080864,2428.0741776,2418.7869675,60.8934935,60.8810257,60.8630615,66.7956595,66.8378316,66.7375687,55.1689649,55.1056526,55.1674805,710.0323721,704.4834072,657.5810212,391.1355708,389.0252249,365.84798,318.8968013,315.4581823,291.7330412,524.3294758,515.7992253,487.1249728,319.1593372,314.5351924,298.4195222,205.1701385,201.2640329,188.7054506,185.7028963,188.6841819,170.4560484,71.9762336,74.4900326,67.4284578,113.7266628,114.1941493,103.0275906,5.8374865,5.7964227,5.4329909,5.9477197,5.9153015,5.5904733,5.7077378,5.6562409,5.2476119,6.1847345,6.0895146,5.7508259,5.8712821,5.7868084,5.492733,6.7448876,6.6316488,6.2124555,5.0387125,5.1224475,4.6919342,6.31211,6.5272922,6.0683788,4.468219,4.4918213,4.0854547,12163.3236194,12153.7617968,12103.4810653,6576.2274003,6576.5916266,6544.1324564,5587.0962192,5577.1701702,5559.3486089,64.668509,64.6270847,64.3597192,71.0197129,71.0400657,70.6894431,58.5084752,58.4094307,58.2227864,6702.5069347,2713.4485436,3989.0583911,18805.988,9257.581,9548.407
2013-12-01,11455.1514659,11419.1502165,11537.5922029,6184.4196167,6172.4609596,6234.2992635,5270.7318492,5246.6892569,5303.2929394,7946.4424235,7909.3077862,8032.8399466,5113.7961599,5102.9053311,5174.6727811,2832.6462636,2806.4024551,2858.1671655,3508.7090424,3509.8424303,3504.7522563,1070.6234567,1069.5556285,1059.6264824,2438.0855856,2440.2868018,2445.1257739,60.8229171,60.6594224,61.2885955,66.7085838,66.6235239,67.2909863,55.1161087,54.879758,55.4718259,711.8482106,716.0704237,694.6201289,390.4513244,396.9921833,385.9855489,321.3968862,319.0782404,308.63458,525.311792,527.9619007,510.5096809,317.7910078,322.2932358,307.3529185,207.5207843,205.6686649,203.1567624,186.5364186,188.108523,184.110448,72.6603166,74.6989475,78.6326304,113.8761019,113.4095755,105.4778176,5.8506471,5.9007615,5.6786141,5.9385398,6.043002,5.8303466,5.7473084,5.7328705,5.4996181,6.200744,6.257497,5.9755213,5.8507946,5.9406717,5.6065574,6.8259665,6.8281477,6.6362387,5.0480116,5.0868312,4.9909813,6.3554052,6.5281756,6.9081486,4.4622967,4.4409968,4.1354061,12166.9996765,12135.2206402,12232.2123318,6574.8709411,6569.4531429,6620.2848124,5592.1287354,5565.7674973,5611.9275194,64.6025864,64.4632447,64.9784722,70.9202086,70.9085276,71.4571881,58.47696,58.2172792,58.7001076,6592.8106683,2644.4021876,3948.4084807,18825.023,9264.687,9560.336
2014-01-01,11463.8370703,11453.3354038,11323.7672331,6188.1809675,6187.1307142,6140.8390459,5275.6561027,5266.2046896,5182.9281872,7948.6988998,7937.1620763,7928.6773637,5116.4066364,5121.4416978,5111.3076926,2832.2922633,2815.7203785,2817.3696711,3515.1381705,3516.1733275,3395.0898694,1071.7743311,1065.6890164,1029.5313533,2443.3638394,2450.4843111,2365.5585161,60.7841086,60.7382249,60.0511115,66.6618194,66.6662218,66.1674299,55.0865489,54.9930712,54.1234448,711.8684474,724.2132511,772.0829283,387.6750288,387.6896257,416.1000168,324.1934187,336.5236255,355.9829115,524.1231251,543.8312794,591.3359265,314.1926519,317.4732536,343.1191128,209.9304733,226.3580258,248.2168136,187.7453223,180.3819717,180.7470018,73.4823769,70.216372,72.980904,114.2629454,110.1655997,107.7660978,5.84663,5.9471185,6.3830398,5.8954306,5.8965813,6.3459491,5.7893238,6.0064241,6.4269476,6.1859334,6.4123536,6.9405517,5.7855981,5.8370696,6.2906539,6.9005622,7.4409005,8.0968785,5.0702465,4.8797315,5.0546769,6.4162363,6.1815335,6.6195095,4.4675379,4.3022515,4.3571352,12175.7055177,12177.5486549,12095.8501615,6575.8559963,6574.8203398,6556.9390628,5599.8495214,5602.728315,5538.9110987,64.5586117,64.5788029,64.1455473,70.8380261,70.8435705,70.6509001,58.4716628,58.5072657,57.8408456,6761.0318385,2723.8189372,4037.2129013,18856.882,9280.758,9576.124
2014-02-01,11478.5377498,11478.8706398,11464.5644341,6195.7383849,6195.1482461,6222.0849921,5282.7993649,5283.7223937,5242.479442,7960.5197436,7957.1489696,8060.2854609,5123.9935249,5117.6209629,5178.9264347,2836.5262187,2839.5280067,2881.3590262,3518.0180062,3521.7216702,3404.2789733,1071.74486,1077.5272832,1043.1585575,2446.2731462,2444.194387,2361.1204158,60.7759095,60.7709771,60.6952377,66.6523055,66.6373188,66.9270604,55.0808442,55.085121,54.6551452,711.5983526,716.6506752,837.1655999,384.4215061,380.9951105,427.6408347,327.1768465,335.6555647,409.5247652,521.9891792,523.2186113,580.4423963,309.9598112,305.9437908,334.405774,212.029368,217.2748204,246.0366223,189.6091734,193.4320639,256.7232036,74.461695,75.0513196,93.2350607,115.1474784,118.3807443,163.4881429,5.8374931,5.8763431,6.8052672,5.8421302,5.793595,6.4309544,5.8320541,5.9731801,7.2456557,6.1537121,6.1697634,6.7175174,5.7041309,5.6410093,6.0654022,6.9550763,7.1079109,7.8671409,5.1140302,5.2065696,7.0123751,6.4963592,6.511601,8.2044689,4.4954537,4.6196009,6.4757819,12190.1361024,12195.521315,12301.730034,6580.159891,6576.1433566,6649.7258269,5609.9762113,5619.3779584,5652.0042072,64.54364,64.5650404,65.1273263,70.7878222,70.7354439,71.5269243,58.4921372,58.5844774,58.9246203,6587.0079659,2647.0891731,3939.9187928,18888.738,9296.815,9591.923
2014-03-01,11496.979932,11532.2269785,11535.7075507,6205.8654535,6232.5484425,6236.0275776,5291.1144785,5299.678536,5299.6799731,7978.4917984,7989.2821609,7962.8636645,5134.7971286,5132.9683931,5126.5216394,2843.6946697,2856.3137678,2836.3420251,3518.4881337,3542.9448176,3572.8438862,1071.0683249,1099.5800494,1109.5059382,2447.4198088,2443.3647682,2463.337948,60.7903873,60.9506539,60.9690496,66.6722061,66.9240069,66.9613653,55.0909105,55.1606149,55.1606299,712.8894898,719.818216,766.8110356,382.7748278,373.4291701,389.6399259,330.114662,346.389046,377.1711097,520.8609437,508.9317739,529.3535892,307.0345804,296.012073,303.0617592,213.8263633,212.9197009,226.29183,192.0285461,210.8864422,237.4574464,75.7402474,77.4170971,86.5781667,116.2882987,133.4693451,150.8792797,5.8386332,5.8750862,6.2329598,5.8096179,5.6528979,5.8807649,5.872642,6.1350496,6.6440198,6.1282425,5.988691,6.2333967,5.6421183,5.4524431,5.5816761,6.9934552,6.9372273,7.388798,5.1752509,5.6178988,6.231986,6.6044368,6.5775093,7.2384681,4.5359414,5.1795862,5.7714898,12209.8694218,12252.0451945,12302.5185862,6588.6402813,6605.9776125,6625.6675035,5621.2291405,5646.067582,5676.8510827,64.559797,64.7550701,65.0218343,70.784516,70.9338236,71.1452502,58.5280536,58.7659341,59.0863379,6618.0774137,2687.2064965,3930.8709172,18920.596,9312.874,9607.722
2014-04-01,11514.8362608,11537.9297975,11555.0602161,6215.8721599,6237.025722,6249.0415591,5298.9641009,5300.9040755,5306.018657,7996.8739721,8007.2410222,7977.9154577,5145.9566366,5164.7618286,5153.5419565,2850.9173355,2842.4791936,2824.3735012,3517.9622887,3530.6887753,3577.1447584,1069.9155234,1072.2638934,1095.4996026,2448.0467654,2458.4248819,2481.6451558,60.8074608,60.9213371,61.0117873,66.6968103,66.911192,67.0400986,55.1012248,55.1160559,55.1692347,717.0726185,710.9937264,714.2270759,383.8599804,383.8097623,378.8294827,333.2126381,327.1839641,335.3975932,522.4677685,516.7386834,515.339399,306.7153577,307.1380357,303.0132666,215.7524108,209.6006478,212.3261324,194.60485,194.255043,198.8876769,77.1446227,76.6717266,75.8162161,117.4602273,117.5833163,123.0714608,5.8623116,5.8045405,5.8212597,5.8162964,5.7969989,5.7157039,5.9162319,5.8134123,5.9452729,6.1327246,6.0621764,6.0676314,5.6250469,5.6130054,5.5531971,7.0353976,6.8674694,6.9920031,5.2417867,5.2149791,5.2671072,6.7254209,6.6732831,6.472739,4.5784411,4.5645552,4.7249463,12231.9088793,12248.9235239,12269.287292,6599.7321403,6620.8354843,6627.8710418,5632.176739,5628.0880396,5641.4162502,64.5941725,64.6754497,64.7829723,70.8156589,71.0287265,71.1042044,58.566133,58.5179454,58.6565252,6669.774708,2693.4779582,3976.2967498,18939.062,9321.349,9617.713
2014-05-01,11528.2362105,11512.8569016,11553.3487631,6222.8979556,6211.3671939,6232.9035591,5305.3382549,5301.4897077,5320.4452039,8010.4460076,8021.5235398,8022.7857495,5153.991895,5158.2841116,5155.372784,2856.4541126,2863.2394282,2867.4129655,3517.7902029,3491.3333618,3530.5630136,1068.9060606,1053.0830823,1077.5307752,2448.8841423,2438.2502795,2453.0322384,60.8068857,60.7297402,60.9433328,66.6965285,66.575231,66.806064,55.1007407,55.0650801,55.2619655,725.3599857,725.7310168,717.9358301,387.9653838,382.7686219,373.8671365,337.3946019,342.9623949,344.0686936,527.176132,537.2386877,531.3398454,309.0156888,314.1608273,307.7068965,218.1604432,223.0778604,223.6329489,198.1838537,188.4923291,186.5959847,78.949695,68.6077946,66.16024,119.2341587,119.8845345,120.4357447,5.9195682,5.9298591,5.8505352,5.8686039,5.8046821,5.6588484,5.9792765,6.0760972,6.074108,6.1747419,6.2770606,6.2115039,5.6565122,5.7407764,5.6324805,7.095538,7.2279626,7.2348634,5.3332949,5.1223168,5.0198548,6.8780153,6.1164619,5.7848002,4.6428608,4.6864041,4.6799006,12253.5961962,12238.5879184,12271.2845932,6610.8633394,6594.1358157,6606.7706956,5642.7328568,5644.4521026,5664.5138976,64.6328727,64.5579348,64.7304081,70.8547108,70.6778559,70.8132802,58.6048891,58.627333899999996,58.8357101,6686.2424068,2723.0763044,3963.1661024,18957.527,9329.847,9627.68
2014-06-01,11536.2919712,11528.7684833,11553.2234435,6226.1473071,6216.994488,6227.3656478,5310.1446641,5311.7739953,5325.8577957,8017.3041384,7999.9106239,7976.6124328,5157.7166735,5138.5496029,5121.3520082,2859.5874649,2861.361021,2855.2604246,3518.9878329,3528.8578594,3576.6110107,1068.4306336,1078.4448851,1106.0136396,2450.5571993,2450.4129743,2470.5973711,60.7817475,60.7544938,60.8833669,66.6608865,66.5750637,66.6861239,55.0860691,55.1147113,55.2608441,737.0082772,742.1725247,721.8138837,394.1320269,400.9801983,389.6550418,342.8762503,341.1923265,332.1588419,533.7072019,541.0895941,533.1631734,313.0266735,319.3357086,316.2369358,220.6805284,221.7538855,216.9262375,203.3010753,201.0829306,188.6507103,81.1053534,81.6444896,73.4181059,122.195722,119.438441,115.2326044,6.0049723,6.048212,5.8803396,5.9534048,6.0589564,5.888678,6.0653632,6.0356335,5.8705879,6.2414512,6.3352017,6.2653024,5.7218307,5.8509054,5.8157566,7.1643288,7.1925274,7.0609719,5.4617221,5.3910489,5.0102947,7.0554862,7.0377758,6.2248711,4.7496097,4.6476789,4.4563102,12273.3002485,12270.941008,12275.0373272,6620.279334,6617.9746862,6617.0206896,5653.0209145,5652.9663218,5658.0166377,64.664854,64.6656067,64.6871936,70.8807016,70.8689846,70.8587686,58.6429788,58.6549064,58.7073083,6700.9556728,2721.3023104,3979.6533624,18975.993,9338.323,9637.67
2014-07-01,11541.3876217,11545.2922776,11542.1595137,6227.1743471,6227.8965408,6224.3679264,5314.2132746,5317.3957368,5317.7915873,8018.4716224,8030.7019871,8043.6470469,5158.1914837,5170.0269103,5172.644672,2860.2801387,2860.6750769,2871.0023749,3522.9159992,3514.5902905,3498.5124668,1068.9828634,1057.8696306,1051.7232544,2453.9331359,2456.72066,2446.7892123,60.7418431,60.766548,60.7500592,66.6035331,66.6157935,66.5780501,55.0634561,55.1000227,55.1041246,749.7737184,759.4418461,741.7106201,400.7041421,408.9908569,405.5228909,349.0695762,350.4509892,336.1877292,540.3877038,547.2749588,540.5975949,317.4780541,321.7372654,322.2366065,222.9096498,225.5376933,218.3609884,209.3860145,212.1668873,201.1130252,83.2260881,87.2535914,83.2862844,126.1599265,124.9132959,117.8267408,6.1001048,6.1719484,6.0380858,6.0457376,6.1623896,6.1165848,6.163732,6.1831416,5.9460375,6.3137818,6.3800003,6.2975558,5.7979769,5.8585412,5.8643052,7.2298387,7.3079113,7.0681549,5.6101037,5.6930698,5.4360374,7.2231767,7.619581,7.337937,4.8897433,4.8385363,4.594323,12291.16134,12304.7341237,12283.8701338,6627.8784892,6636.8873977,6629.8908173,5663.2828508,5667.846726,5653.9793165,64.687871,64.7637321,64.6539183,70.8893151,70.9905049,70.915667,58.680356,58.7314729,58.5877757,6715.5508662,2719.0881827,3996.4626835,18999.421,9348.979,9650.442
2014-08-01,11545.9798754,11548.7970633,11572.7635314,6228.0339486,6232.6342098,6225.3297553,5317.9459268,5316.1628535,5347.4337761,8016.7734095,8015.6190739,7964.2358467,5157.7512204,5158.9464602,5120.6472318,2859.0221891,2856.6726137,2843.5886148,3529.2064659,3533.1779894,3608.5276848,1070.2827281,1073.6877496,1104.6825235,2458.9237378,2459.4902398,2503.8451613,60.6982211,60.7101433,60.8361311,66.5442449,66.5907825,66.5127402,55.0356721,55.0142841,55.337891,761.2472994,750.3199282,733.8306401,406.5577014,402.993848,396.8414213,354.6895981,347.3260802,336.9892188,545.2426189,540.9744396,517.193509,321.2718845,320.5967589,312.6961435,223.9707344,220.3776808,204.4973655,216.0046805,209.3454886,216.6371311,85.2858169,82.3970892,84.1452778,130.7188636,126.9483995,132.4918533,6.1853681,6.1006,5.962906,6.1278481,6.0731832,5.992618,6.2526421,6.1327229,5.9282924,6.368157,6.3223108,6.0979522,5.8636709,5.8507935,5.7551331,7.2647178,7.1619785,6.7090419,5.7674901,5.5936987,5.6634718,7.3804204,7.1272528,7.0780039,5.0477569,4.9082316,5.0256038,12307.2271748,12299.1169916,12306.5941715,6634.5916499,6635.6280578,6622.1711766,5672.6355249,5663.4889337,5684.422995,64.7001644,64.6544528,64.6937591,70.888164,70.896454,70.7526779,58.7063714,58.6085862,58.8252223,6716.2518285,2737.4338234,3978.818005,19022.846,9359.605,9663.241
2014-09-01,11552.9519582,11547.1261186,11533.7784499,6231.0373125,6225.4600009,6214.9791986,5321.9146456,5321.6661177,5318.7992513,8015.0545705,8011.8801501,7978.3722381,5158.4697404,5153.1881807,5130.9684142,2856.5848301,2858.6919694,2847.4038239,3537.8973877,3535.2459685,3555.4062118,1072.5675722,1072.2718202,1084.0107844,2465.3298155,2462.9741483,2471.3954274,60.6654384,60.6266933,60.5566131,66.5066619,66.438498,66.3266462,55.0086161,54.9985368,54.9689082,770.2065987,768.0886516,746.4175677,411.6373162,402.6268739,400.1178857,358.5692825,365.4617777,346.299682,547.7986694,544.6833747,525.0532297,324.3601718,318.2588169,311.4906945,223.4384975,226.4245578,213.5625351,222.4079294,223.4052769,221.3643381,87.2771444,84.368057,88.6271912,135.130785,139.0372199,132.7371469,6.2500746,6.2369083,6.0782219,6.196861,6.0745564,6.0485565,6.3123017,6.426122,6.112862,6.3973848,6.3656791,6.1746085,5.9159262,5.8167212,5.7233447,7.2544417,7.3392546,6.9769645,5.9146242,5.9437618,5.861207,7.5248991,7.2942373,7.5579329,5.1964173,5.3434517,5.0971732,12323.1585569,12315.2147702,12280.1960177,6642.6746287,6628.0868748,6615.0970843,5680.4839282,5687.1278954,5665.0989333,64.7098524,64.6594435,64.475582,70.900252,70.7353571,70.5967293,58.7148762,58.7755236,58.547858,6766.0779823,2755.1629157,4010.9150667,19046.274,9370.26,9676.014
2014-10-01,11564.0008365,11542.3599434,11550.1473412,6237.3628965,6229.8357104,6229.6906955,5326.6379399,5312.524233,5320.4566457,8015.6688484,8013.7641225,7981.6868759,5162.0527701,5147.6635419,5134.1965466,2853.6160783,2866.1005806,2847.4903293,3548.3319881,3528.5958209,3568.4604653,1075.3101264,1082.1721685,1095.4941489,2473.0218616,2446.4236524,2472.9663164,60.6517058,60.5346929,60.5755344,66.5019391,66.4178371,66.4162911,54.9873346,54.8384843,54.9203666,775.6441156,783.6177988,751.9593601,415.7751412,414.9653953,403.1502159,359.8689744,368.6524035,348.8091442,548.3809705,540.5511371,518.8850343,327.0659345,320.7915511,313.3166382,221.3150361,219.759586,205.5683961,227.263145,243.0666617,233.0743258,88.7092067,94.1738442,89.8335777,138.5539383,148.8928175,143.2407481,6.2857896,6.3574494,6.1124438,6.2493088,6.2449634,6.0780926,6.3284716,6.489015,6.1526335,6.4032903,6.3190462,6.1041191,5.9584416,5.866219,5.7515536,7.1973982,7.1215018,6.733195,6.0192668,6.4445497,6.1310586,7.6209393,8.0056245,7.5787966,5.3053769,5.7369812,5.4751304,12339.6449521,12325.9777423,12302.1067012,6653.1380377,6644.8011057,6632.8409114,5686.5069143,5681.1766365,5669.2657898,64.71986,64.6444298,64.5192365,70.9348787,70.841887,70.7143764,58.7022925,58.6438955,58.5209459,6765.2402988,2746.9220886,4018.3182102,19067.347,9379.763,9687.584
2014-11-01,11579.2416425,11542.0549087,11581.725704,6246.8606553,6250.1811514,6259.7534854,5332.3809872,5291.8737573,5321.9722186,8019.8449797,7984.3213856,8012.7697433,5168.0582058,5172.6142163,5187.0976224,2851.7867739,2811.7071693,2825.6721209,3559.3966628,3557.7335231,3568.9559607,1078.8024494,1077.5669351,1072.655863,2480.5942134,2480.166588,2496.3000977,60.656616,60.466257,60.6740835,66.5268337,66.5673101,66.6692599,54.9739166,54.5601356,54.870456,777.6806321,775.643173,723.7626939,418.8368123,422.5389289,398.2224134,358.8438199,353.1042441,325.5402805,547.7141079,548.5896904,518.4149137,329.3683949,334.7826667,318.5196097,218.3457131,213.8070237,199.895304,229.9665242,227.0534826,205.3477802,89.4684174,87.7562623,79.7028037,140.4981068,139.2972204,125.6449765,6.2934816,6.2969815,5.8816251,6.2834657,6.3323341,5.9811333,6.3052125,6.2551926,5.7643127,6.3928839,6.4291036,6.0767049,5.9913196,6.0787823,5.785357,7.1119313,7.0667996,6.6068699,6.068738,5.9991086,5.4406798,7.6581913,7.5306372,6.9164928,5.3602884,5.3177761,4.7920522,12356.9222746,12317.6980818,12305.4883979,6665.6974675,6672.7200803,6657.9758988,5691.2248071,5644.9780014,5647.5124992,64.7304126,64.529679,64.4657152,70.9872961,71.0675445,70.9105122,58.6733991,58.2007016,58.2268327,6782.9346021,2731.2891012,4051.6455008,19088.423,9389.265,9699.158
2014-12-01,11598.9082623,11598.784805,11715.6939143,6258.8332134,6260.7995866,6320.694957,5340.0750489,5337.9852184,5394.9989574,8028.4192293,8030.0814883,8154.0601866,5175.2703346,5186.1783592,5258.1222336,2853.1488946,2843.9031291,2895.937953,3570.489033,3568.7033167,3561.6337277,1083.5628787,1074.6212274,1062.5727234,2486.9261543,2494.0820893,2499.0610044,60.6804473,60.6964454,61.3082308,66.5728574,66.6130098,67.2502784,54.9771342,54.9699571,55.5570781,776.6592081,754.2767925,731.9524648,420.3416978,399.3729987,390.4207316,356.3175103,354.9037938,341.5317332,545.8428634,544.9682821,528.9444552,330.4896772,325.4274973,312.3258941,215.3531862,219.5407848,216.618561,230.8163447,209.3085104,203.0080096,89.8520207,73.9455015,78.0948375,140.964324,135.3630089,124.9131721,6.2757462,6.1059907,5.8802479,6.2933177,5.9964362,5.8175235,6.2551432,6.2341597,5.9536286,6.3660623,6.3552784,6.0917214,6.0026168,5.9044044,5.6068361,7.0181861,7.1664699,6.9595061,6.0720285,5.5401762,5.3924921,7.6573104,6.4380675,6.8464152,5.3641628,5.1479686,4.7604574,12375.5674704,12353.0615975,12447.6463791,6679.1749112,6660.1725853,6711.1156886,5696.3925592,5692.8890122,5736.5306905,64.7435907,64.6435761,65.1385383,71.0438742,70.8622175,71.4042366,58.6454938,58.6247155,59.0741325,6661.8496209,2687.6483114,3974.2013095,19109.496,9398.764,9710.732
2015-01-01,11622.438221,11608.3999748,11467.3810824,6272.0751649,6263.1990809,6208.5496834,5350.3630561,5345.2008939,5258.8313989,8040.7201274,8029.9056886,8006.5486934,5182.3320804,5174.1218611,5156.2592249,2858.388047,2855.7838274,2850.2894685,3581.7180936,3578.4942862,3460.8323889,1089.7430845,1089.0772198,1052.2904585,2491.9750091,2489.4170665,2408.5419304,60.7211243,60.6529929,59.9161801,66.628202,66.5398496,65.9592577,55.0044291,54.9559613,54.067965,773.2482244,787.3410848,837.6400707,419.7358025,429.5802278,460.0107693,353.5124219,357.760857,377.6293014,542.895342,544.9934807,593.6821089,329.6629564,330.6925739,357.3179432,213.2323857,214.3009068,236.3641657,230.3528824,242.3476041,243.9579618,90.0728462,98.8876539,102.6928261,140.2800362,143.4599502,141.2651357,6.2380428,6.3517065,6.807303,6.2723798,6.4185626,6.898202,6.1977584,6.2732467,6.6997593,6.3247864,6.3556838,6.9030951,5.9808283,6.0073337,6.4806918,6.9420161,6.9802929,7.6576187,6.0427228,6.3427802,6.584933,7.634483,8.3241227,8.8912825,5.3292722,5.4487904,5.5402284,12395.6864454,12395.7410596,12305.0211531,6691.8109674,6692.7793087,6668.5604528,5703.875478,5702.9617509,5636.4607003,64.7609394,64.7667893,64.2927848,71.0870519,71.103684,70.8463843,58.638715,58.6342312,57.9505096,6834.0178469,2744.1435472,4089.8742997,19139.039,9412.704,9726.335
2015-02-01,11648.0225876,11673.7000002,11724.132317,6285.0387412,6298.4790244,6334.1063614,5362.9838464,5375.2209758,5390.0259556,8056.1378471,8067.8910153,8152.7751021,5188.1409977,5193.0473346,5249.8060859,2867.9968494,2874.8436808,2902.9690163,3591.8847405,3605.8089849,3571.3572148,1096.8977435,1105.4316898,1084.3002755,2494.986997,2500.377295,2487.0569393,60.7717958,60.9001878,61.1632867,66.6794864,66.8158366,67.1937803,55.0553452,55.1760158,55.3279872,768.6983716,765.4346024,837.4873114,416.8404135,413.2982461,444.6321392,351.8579581,352.1363563,392.8551723,539.3841811,538.1728378,581.9114416,326.6841046,325.3266092,346.4849753,212.7000765,212.8462285,235.4264663,229.3141905,227.2617646,255.5758699,90.156309,87.9716369,98.1471639,139.1578816,139.2901277,157.428706,6.1908323,6.1534393,6.6670329,6.2197542,6.1578063,6.5592166,6.1569151,6.1483217,6.793416,6.2751765,6.2534144,6.6620758,5.9237437,5.8953346,6.1913323,6.9042844,6.893381,7.5014914,6.0011058,5.9289739,6.678347,7.5949624,7.3714925,8.3003405,5.2828484,5.276806,5.9530936,12416.7209592,12439.1346026,12561.6196284,6701.8791548,6711.7772705,6778.7385005,5714.8418044,5727.3573321,5782.8811279,64.7823633,64.8933614,65.53235,71.1018466,71.2002075,71.9105489,58.6674503,58.7906544,59.3605997,6606.9583716,2647.8874995,3959.0708721,19168.578,9426.626,9741.952
2015-03-01,11673.2162034,11693.5748294,11698.2006911,6296.1586921,6320.4714734,6324.7907159,5377.0575112,5373.103356,5373.4099751,8072.2537783,8101.403362,8076.9760906,5191.8173274,5226.0894396,5221.073366,2880.4364508,2875.3139224,2855.9027246,3600.9624251,3592.1714675,3621.2246004,1104.3413647,1094.3820338,1103.7173499,2496.6210604,2497.7894337,2517.5072505,60.8230707,60.9099965,60.9340919,66.7141037,66.9501966,66.9959486,55.1236492,55.0660324,55.0691748,764.4212034,760.0822746,808.7887232,412.4258071,409.2091703,426.9881818,351.9953964,350.8731043,381.8005414,536.1968253,534.9187903,556.9065222,322.5079378,323.513899,331.6284753,213.6888875,211.4048913,225.2780469,228.2243782,225.1634843,251.882201,89.9178693,85.6952713,95.3597064,138.3065089,139.468213,156.5224946,6.1460322,6.1032857,6.4666939,6.1477322,6.0806625,6.3240842,6.1440416,6.1298838,6.6339978,6.2287263,6.1938263,6.4502443,5.8485476,5.8294959,5.9723804,6.9062777,6.8488549,7.3114193,5.9601265,5.8984471,6.5033632,7.5291751,7.2618354,7.9527588,5.2489682,5.2883803,5.8534313,12437.6374068,12453.657104,12506.9894142,6708.5844992,6729.6806437,6751.7788977,5729.0529076,5723.9764603,5755.2105166,64.8060728,64.8691458,65.1469454,71.084168,71.2847838,71.5188616,58.7321787,58.6619412,58.9820422,6691.1315858,2688.7781023,4002.3534834,19198.121,9440.557,9757.564
2015-04-01,11695.7400086,11692.1723701,11711.5074593,6303.9384255,6305.5065956,6320.0265589,5391.8015831,5386.6657745,5391.4809004,8086.8983081,8085.0383402,8057.6500372,5193.4778055,5187.2206258,5175.8819863,2893.4205026,2897.8177144,2881.7680509,3608.8417005,3607.1340299,3653.8574221,1110.4606199,1118.2859698,1144.1445726,2498.3810806,2488.8480601,2509.7128495,60.8652112,60.8414446,60.9420568,66.7188556,66.7297039,66.8833653,55.2029302,55.1453573,55.1946515,761.7497182,761.2080906,764.6777652,407.947996,412.1345711,406.3098832,353.8017222,349.0735194,358.367882,534.3762952,533.0375525,531.5868017,318.5335812,318.6377562,313.6341646,215.842714,214.3997963,217.9526371,227.373423,228.1705381,233.0909635,89.4144148,93.4968149,92.6757186,137.9590082,134.6737231,140.4152449,6.1147931,6.1124615,6.1290992,6.0779931,6.1351085,6.0405822,6.1577819,6.0859377,6.2326488,6.1983444,6.1851109,6.1889876,5.7788992,5.7872494,5.7133298,6.9419248,6.8889721,7.0313638,5.9270248,5.9492156,5.9967599,7.4519773,7.7156415,7.4930626,5.2329746,5.1333183,5.2984324,12457.4897269,12453.3804606,12476.1852245,6711.8864215,6717.6411668,6726.3364422,5745.6033054,5735.7392939,5749.8487823,64.8293945,64.8024707,64.9211377,71.0364459,71.0912279,71.1832479,58.8252616,58.7189564,58.8634006,6741.2617755,2722.9885578,4018.2732176,19217.447,9449.325,9768.122
2015-05-01,11715.7439514,11733.599001,11781.4409312,6309.0715297,6317.9737477,6343.2994865,5406.6724217,5415.6252532,5438.1414448,8099.4853998,8107.3397021,8109.0942376,5194.8236128,5200.4554171,5198.5334558,2904.6617869,2906.884285,2910.5607817,3616.2585516,3626.2592989,3672.3466937,1114.2479169,1117.5183306,1144.7660306,2502.0106347,2508.7409683,2527.5806631,60.8989825,60.9956754,61.2443758,66.7013319,66.7998343,67.0676029,55.2873039,55.3818303,55.6120877,760.5561781,739.780418,730.1910352,404.6503622,399.0057173,388.3432526,355.9058159,340.7747007,341.8477826,534.4690927,510.7426126,503.5529851,316.0354312,307.8156172,300.4052274,218.4336615,202.9269954,203.1477577,226.0870854,229.0378054,226.6380501,88.6149309,91.1901001,87.9380252,137.4721545,137.8477053,138.7000249,6.0960074,5.930874,5.8360975,6.0272136,5.9402551,5.7689225,6.1761559,5.9199274,5.9143325,6.1903163,5.9264068,5.8466691,5.7347762,5.5882438,5.4629674,6.9941398,6.5253797,6.5243023,5.8840903,5.94086,5.8127452,7.3670021,7.5444249,7.13375,5.208299,5.2085051,5.2020039,12476.3001295,12473.379419,12511.6319664,6713.7218919,6716.979465,6731.642739,5762.5782376,5756.3999539,5779.9892274,64.852389,64.8413331,65.0401843,70.9794128,71.0185153,71.1735498,58.9267094,58.866696,59.1079271,6725.1400336,2726.425261,3998.7147726,19236.772,9458.068,9778.704
2015-06-01,11735.3748404,11727.53804,11752.901484,6312.9344881,6304.9066343,6316.6858264,5422.4403523,5422.6314057,5436.2156575,8110.4756276,8107.1430189,8085.3210348,5196.9211511,5190.0381105,5174.2891298,2913.5544764,2917.1049084,2911.031905,3624.8992128,3620.3950211,3667.5804491,1116.013337,1114.8685238,1142.3966966,2508.8858758,2505.5264973,2525.1837525,60.9334294,60.9029859,61.0347023,66.6739515,66.5999281,66.7243539,55.3825149,55.3936805,55.5324474,760.1302434,749.5448567,729.7044028,402.8351347,402.8061016,391.8038964,357.2951086,346.738755,337.9005064,535.798426,540.5426601,533.0143897,315.1146617,316.0809086,313.1003315,220.6837642,224.4617515,219.9140582,224.3318174,209.0021966,196.6900131,87.720473,86.725193,78.7035649,136.6113444,122.2770036,117.9864482,6.0832294,6.0073726,5.8457698,5.9983465,6.0051185,5.8404188,6.1818592,6.0099932,5.8519866,6.1968707,6.2507205,6.1846559,5.7168471,5.740539,5.7058157,7.0410654,7.1448986,7.0238855,5.8279645,5.4578354,5.089965,7.2873647,7.2175139,6.4452992,5.1639194,4.6532019,4.4638233,12495.5050838,12477.0828966,12482.6058867,6715.7696228,6707.7127359,6708.4897228,5779.7354609,5769.3701607,5774.1161639,64.8802435,64.7954925,64.8241743,70.928488,70.8548456,70.863053,59.0317762,58.9357128,58.9841946,6773.4911133,2758.3472772,4015.1438361,19256.097,9466.837,9789.26
2015-07-01,11757.4602252,11760.498484,11759.9120647,6317.0945943,6326.4422771,6323.7301958,5440.3656309,5434.0562069,5436.1818689,8122.0467113,8132.1015862,8147.5065329,5200.3087361,5206.2863109,5209.5151287,2921.7379752,2925.8152752,2937.9914042,3635.4135139,3628.3968978,3612.4055318,1116.7858582,1120.1559662,1114.2150671,2518.6276556,2508.2409317,2498.1904647,60.9810564,60.9997586,60.996717,66.6511005,66.7529662,66.7243498,55.4992589,55.4371816,55.4588672,759.2589318,787.3061177,770.9601549,401.8484763,405.4025257,403.9804294,357.4104555,381.9035921,366.9797255,536.7197781,562.1188387,557.5203212,314.8975087,319.3810414,321.7706546,221.8222694,242.7377972,235.7496666,222.5391537,225.1872791,213.4398336,86.9509676,86.0214842,82.2097747,135.5881861,139.1657949,131.2300589,6.065958,6.2744531,6.152486,5.9808287,6.0221609,6.0047236,6.164613,6.5664758,6.3237895,6.1985709,6.4654312,6.404579,5.7096234,5.7799542,5.8172849,7.0564027,7.6608405,7.4281317,5.7683225,5.8435801,5.5788934,7.2234201,7.1317437,6.8712862,5.1084084,5.2566836,4.9908357,12516.719157,12547.8046018,12530.8722196,6718.9430706,6731.8448028,6727.7106252,5797.7760864,5815.959799,5803.1615944,64.9190167,65.0833851,64.9955597,70.8909679,71.0305395,70.9869181,59.1453402,59.3332876,59.2027228,6748.7097804,2749.6843748,3999.0254056,19279.582,9477.395,9802.187
2015-08-01,11784.2258871,11764.6648771,11702.6312549,6323.8439417,6312.9010917,6276.4792507,5460.3819455,5451.7637854,5426.1520042,8136.1557803,8117.144052,8051.7513524,5205.6611583,5201.8433399,5165.0417498,2930.494622,2915.3007121,2886.7096026,3648.0701069,3647.5208251,3650.8799025,1118.1827834,1111.0577518,1111.4375009,2529.8873235,2536.4630733,2539.4424017,61.0518217,60.9471466,60.6257798,66.655321,66.535951,66.1520765,55.6353653,55.5446246,55.2836822,757.1038813,762.5893193,760.3228751,400.9975752,413.5004366,415.5750631,356.1063062,349.0888826,344.747812,536.0280682,543.2295439,540.8790987,314.4250006,331.3914093,334.2018979,221.6030677,211.8381346,206.6772008,221.0758131,219.3597754,219.4437763,86.5725746,82.1090273,81.3731652,134.5032385,137.2507481,138.0706111,6.0368709,6.0874419,6.1006634,5.9629297,6.1474242,6.2099774,6.1223592,6.0178891,5.9739005,6.1810044,6.2725879,6.2946859,5.6960162,5.9891081,6.0772339,7.0303363,6.7741838,6.6812595,5.7138143,5.6727838,5.6699076,7.1859049,6.8816052,6.8219683,5.0481803,5.1333373,5.1566738,12541.3297685,12527.2541964,12462.95413,6724.8415169,6726.4015283,6692.0543138,5816.4882516,5800.852668,5770.8998162,64.9742322,64.89776,64.5646518,70.8819627,70.8941129,70.5321043,59.2637021,59.1012738,58.7961028,6840.10687,2795.9006862,4044.2061838,19303.061,9487.955,9815.106
2015-09-01,11815.3283583,11783.9016024,11771.0386774,6334.1041349,6321.4561669,6310.4377915,5481.2242234,5462.4454355,5460.6008859,8153.7010402,8143.4976873,8107.5664940999995,5213.1690477,5200.664956,5177.9449051,2940.5319925,2942.8327313,2929.6215891,3661.627318,3640.4039151,3663.4721833,1120.9350871,1120.7912109,1132.4928864,2540.6922309,2519.6127042,2530.9792969,61.1432643,60.9726239,60.9060682,66.6953959,66.5521381,66.4361369,55.7775791,55.5801947,55.5614265,753.0643645,775.4650194,753.5571166,399.1591343,417.3802808,414.5690067,353.9052303,358.0847386,338.9881099,533.3886372,557.0241354,536.3138146,312.6609395,328.6448806,321.9706351,220.7276976,228.3792547,214.3431796,219.6757274,218.4408841,217.243302,86.4981947,88.7354002,92.5983717,133.1775326,129.7054839,124.6449303,5.9917316,6.1743959,6.0166183,5.9281676,6.193655,6.1645887,6.0650793,6.1520983,5.8450368,6.1400153,6.4021923,6.2045493,5.6581715,5.9436872,5.8541014,6.9822703,7.2016395,6.8176076,5.6598448,5.6607844,5.5980219,7.1638074,7.3363744,7.5584877,4.9807038,4.8958062,4.6936208,12568.3927228,12559.3666219,12524.595794,6733.2632691,6738.8364477,6725.0067982,5835.1294537,5820.5301741,5799.5889958,65.0403049,64.9850587,64.8051465,70.8983702,70.9463076,70.8007094,59.3789601,59.2236946,59.0106189,6801.949206,2773.4952018,4028.4540042,19326.545,9498.502,9828.043
2015-10-01,11847.3660677,11860.8558076,11865.7759157,6346.7481965,6359.5632261,6357.9544389,5500.6178712,5501.2925815,5507.8214769,8172.5383533,8175.9159905,8142.3368277,5221.2737964,5235.4532695,5221.1153331,2951.2645569,2940.462721,2921.2214946,3674.8277145,3684.9398172,3723.4390881,1125.4744001,1124.1099567,1136.8391057,2549.3533144,2560.8298605,2586.5999823,61.2363041,61.3020738,61.327503,66.7572738,66.8871137,66.8701932,55.9018924,55.905695,55.9720435,747.5811347,745.338559,713.7453765,396.1777831,401.0855716,388.2052447,351.4033516,344.2529874,325.5401319,529.0951881,529.704972,506.1277368,309.2788265,312.3594222,303.3376336,219.8163616,217.3455498,202.7901032,218.4859466,215.633587,207.6176397,86.8989566,88.7261494,84.8676111,131.58699,126.9074376,122.7500286,5.9355639,5.9124787,5.6738675,5.875458,5.9326491,5.7544627,6.0048202,5.8891507,5.5806609,6.0804122,6.0846317,5.8522265,5.5921867,5.6303167,5.4908176,6.9319064,6.8827975,6.4913364,5.6118249,5.5282535,5.2814715,7.1676729,7.3155927,6.9466436,4.9082402,4.7217203,4.530608,12594.9472025,12606.1943667,12579.5212923,6742.9259796,6760.6487977,6746.1596835,5852.0212229,5845.5455689,5833.3616087,65.1003787,65.1543084,65.0164503,70.9244076,71.1055569,70.9531667,59.473148,59.4040915,59.2802746,6768.6917077,2761.7453165,4006.9463913,19348.213,9507.905,9840.308
2015-11-01,11877.9396514,11893.5767677,11935.26632,6360.6938516,6362.4053293,6373.6960612,5517.2457999,5531.1714383,5561.5702588,8189.8402116,8192.8827642,8221.1150692,5228.0179773,5223.3697554,5239.033522,2961.8222343,2969.5130087,2982.0815472,3688.0994398,3700.6940035,3714.1512508,1132.6758742,1139.0355739,1134.6625392,2555.4235655,2561.6584296,2579.4887116,61.3167471,61.4024256,61.6176543,66.826892,66.8511874,66.9698216,55.9938826,56.1391208,56.4476564,741.1904835,739.0840099,689.0761048,392.3256103,387.8300357,365.4527446,348.8648731,351.2539742,323.6233602,524.0626816,515.5537004,486.8947962,305.0531785,299.2261799,285.0881677,219.0095032,216.3275204,201.8066285,217.1278019,223.5303095,202.1813086,87.2724319,88.6038557,80.3645769,129.85537,134.9264538,121.8167317,5.8735466,5.8505807,5.4583129,5.8096325,5.7454298,5.4228324,5.947124,5.971244,5.4989416,6.0140983,5.9201638,5.5913441,5.5132705,5.4182161,5.1607872,6.8852904,6.7902809,6.3383705,5.5599275,5.6961655,5.1625163,7.1537811,7.2174169,6.6142209,4.8358243,5.0036049,4.5095504,12619.1301349,12632.6607776,12624.3424248,6753.0194619,6750.235365,6739.1488058,5866.110673,5882.4254126,5885.193619,65.1429486,65.2180609,65.1751161,70.9487539,70.9262026,70.8097137,59.5344714,59.7042045,59.7323007,6745.5385752,2778.1171942,3967.421381,19369.881,9517.266,9852.615
2015-12-01,11903.4280024,11907.8283753,12025.0291789,6373.5083341,6378.5634903,6435.2656144,5529.9196683,5529.2648849,5589.7635645,8201.9487031,8222.2362906,8348.9896878,5231.3283312,5244.6405923,5315.8166291,2970.6203719,2977.5956983,3033.1730587,3701.4792993,3685.5920846,3676.0394911,1142.180003,1133.922898,1119.4489853,2559.2992964,2551.6691866,2556.5905058,61.364551,61.4073088,62.0116999,66.8767286,66.9547927,67.5499861,56.0407278,56.0500134,56.663287,734.8479253,725.275341,702.9856324,388.4669986,379.8288241,373.5450589,346.3809266,345.446517,329.4405735,519.5503436,512.7466803,496.7696685,301.4451872,297.5327597,286.6019104,218.1051565,215.2139206,210.1677581,215.2975816,212.5286608,206.2159639,87.0218114,82.2960644,86.9431485,128.2757702,130.2325964,119.2728154,5.8144634,5.7410701,5.5231365,5.7448745,5.6201062,5.4862013,5.8945406,5.8802296,5.5656228,5.9571221,5.8700364,5.6159076,5.4483558,5.3685214,5.1156819,6.8398849,6.7405811,6.4799776,5.4968049,5.45208,5.3117567,7.0795382,6.76655,7.206873,4.7729186,4.8559793,4.4573583,12638.2759277,12633.1037163,12728.0148113,6761.9753327,6758.3923144,6808.8106733,5876.3005949,5874.7114019,5919.204138,65.152839,65.1474708,65.6369164,70.9528827,70.941797,71.4710307,59.5509848,59.5517957,60.0028174,6663.5341887,2717.8613267,3945.672862,19391.549,9526.672,9864.877
2016-01-01,11921.4427965,11912.6316794,11759.6157464,6383.1775303,6392.4715633,6328.4520205,5538.2652662,5520.160116,5431.163726,8206.6453693,8190.0265766,8155.1409033,5229.7953801,5233.2353664,5208.8553252,2976.8499892,2956.7912102,2946.2855781,3714.7974271,3722.6051027,3604.4748432,1153.3821501,1159.2361969,1119.5966953,2561.415277,2563.3689058,2484.8781479,61.3686874,61.3288308,60.5410713,66.8867598,66.9908675,66.3199651,56.0399318,55.8613686,54.9607679,729.5541558,765.9467453,816.0817505,385.3727531,413.9337824,443.7016835,344.1814027,352.0129628,372.380067,516.2489618,546.5873709,594.0725514,299.416706,322.1386896,348.2865907,216.8322558,224.4486812,245.7859608,213.3051939,219.3593744,222.0091991,85.9560471,91.7950928,95.4150928,127.3491469,127.5642816,126.5941062,5.766772,6.0412668,6.4893558,5.6935789,6.0815329,6.5518549,5.8509906,5.9945945,6.4164256,5.9183219,6.2562839,6.7900109,5.4151785,5.7986859,6.267369,6.7894123,7.0553837,7.6998889,5.4302348,5.5647223,5.801911,6.9356409,7.3375537,7.8530179,4.7363445,4.7405221,4.8476144,12650.9969522,12678.5784246,12575.6974969,6768.5502833,6806.4053458,6772.153704,5882.4466689,5872.1730789,5803.543793,65.1242547,65.272092,64.7424385,70.9249264,71.3287489,70.9698037,59.5225931,59.4235707,58.7290753,6848.4975031,2770.149296,4078.348207,19424.195,9542.303,9881.892
2016-02-01,11934.292621,11926.3242373,11975.8940345,6389.9365595,6383.8071549,6418.3334854,5544.3560615,5542.5170824,5557.5605491,8204.5646779,8211.0772771,8295.9522126,5224.1280756,5227.1331075,5282.9789083,2980.4366023,2983.9441696,3012.9733042,3729.7279431,3715.2469602,3679.941822,1165.8084839,1156.6740474,1135.3545771,2563.9194592,2558.5729128,2544.5872449,61.3443518,61.296322,61.5510901,66.8631945,66.790359,67.1515896,56.0152997,55.9914798,56.1434516,725.4102318,720.1520634,787.8359465,382.9477126,378.5698748,406.2918966,342.4625192,341.5821886,381.5440499,513.236445,513.9952504,556.4408925,298.4423671,297.109659,315.7643381,214.7940778,216.8855914,240.6765544,212.1737868,206.156813,231.395054,84.5053454,81.4602158,90.5275585,127.6684414,124.6965972,140.8674955,5.7300731,5.6944879,6.1724586,5.6541305,5.5981776,5.9533216,5.8174465,5.8051738,6.4242689,5.8872236,5.8910141,6.285768,5.4040482,5.3782875,5.6399146,6.722334,6.7759177,7.3971252,5.3825235,5.2572197,5.9160093,6.7587308,6.5792716,7.384687,4.7432388,4.6471887,5.2455732,12659.7028528,12646.4763007,12763.729981,6772.884272,6762.3770297,6824.625382,5886.8185807,5884.099271,5939.104599,65.0730873,64.9976026,65.6002376,70.8702934,70.7511331,71.4024043,59.4752399,59.442203,59.9978765,6693.105019,2733.351618,3959.753401,19456.835,9557.977,9898.858
2016-03-01,11943.9431652,11941.8044128,11945.4993755,6393.9217179,6392.9677841,6399.3237985,5550.0214473,5548.8366286,5546.175577,8198.1525016,8189.5134764,8165.5536089,5215.993482,5213.8220427,5209.993148,2982.1590196,2975.6914336,2955.5604609,3745.7906637,3752.2909364,3779.9457667,1177.928236,1179.1457414,1189.3306505,2567.8624277,2573.145195,2590.6151161,61.3054559,61.2730755,61.2920343,66.812079,66.7769606,66.8433516,55.9884602,55.9591619,55.9323256,722.1123151,715.5634704,762.2667934,380.7786781,382.1981657,400.0592667,341.333637,333.3653046,362.2075267,509.4232055,503.2796165,525.8606139,297.3566794,294.9540518,303.0486557,212.066526,208.3255647,222.8119582,212.6891096,212.2838539,236.4061795,83.4219987,87.2441139,97.010611,129.2671109,125.03974,139.3955685,5.7011618,5.6533355,5.9984326,5.620598,5.6411632,5.8837583,5.7938052,5.6673557,6.1304002,5.8503448,5.7896192,6.0503458,5.3933937,5.3542574,5.496941,6.6390592,6.5428534,7.0102533,5.3729998,5.3545176,5.8860922,6.6137062,6.8891987,7.5415921,4.7927661,4.6342168,5.1060448,12666.0554803,12657.3678831,12707.7661689,6774.700396,6775.1659499,6799.3830652,5891.3550843,5882.2019333,5908.3831037,65.0118889,64.9446123,65.2032046,70.790954,70.7691647,71.0221216,59.4318243,59.3210996,59.5851327,6781.7148311,2774.2299348,4007.4848963,19489.481,9573.613,9915.868
2016-04-01,11953.0985609,11948.2025513,11968.5115958,6397.1604698,6384.2487039,6400.9528785,5555.9380911,5563.9538474,5567.5587173,8190.78174,8174.7555507,8147.6434302,5208.2524947,5182.1514471,5170.0246984,2982.5292454,2992.6041036,2977.6187318,3762.3168209,3773.4470006,3820.8681656,1188.9079751,1202.0972568,1230.9281801,2573.4088458,2571.3497438,2589.9399855,61.2678433,61.2364152,61.3405022,66.7573434,66.6157055,66.7900033,55.9676936,56.0436242,56.0799347,719.7944448,714.8552579,719.3649394,378.829395,376.8486734,371.7309683,340.9650498,338.0065845,347.6339711,504.7351533,506.2977375,505.9190351,295.6432802,300.1519445,295.3424967,209.0918731,206.145793,210.5765384,215.0592916,208.5575204,213.4459043,83.1861148,76.6967288,76.3884716,131.8731767,131.8607916,137.0574327,5.6797958,5.6452025,5.6697032,5.5907609,5.5737797,5.4886804,5.7821036,5.7270222,5.8769678,5.8045446,5.8322155,5.8463672,5.3715276,5.474924,5.4038912,6.5512749,6.4445737,6.6048821,5.4070645,5.2375008,5.2907607,6.5393052,5.9975829,5.8431499,4.8746554,4.8779327,5.0259466,12672.8930058,12663.0578092,12687.8765352,6775.9898648,6761.0973772,6772.6838468,5896.903141,5901.9604319,5915.1926885,64.9572844,64.9001607,65.0273606,70.7106042,70.5478895,70.6687871,59.402402,59.448238,59.5815216,6823.7204648,2811.0151532,4012.7053115,19511.597,9583.699,9927.898
2016-05-01,11961.4125326,11941.8498508,11999.9494196,6400.1175387,6391.5282749,6420.8034837,5561.2949939,5550.3215758,5579.1459358,8182.9157649,8169.467436,8170.7802854,5202.0110142,5196.0093756,5194.5868551,2980.9047507,2973.4580605,2976.1934303,3778.4967677,3772.3824147,3829.1691342,1198.1065244,1195.5188994,1226.2166287,2580.3902433,2576.8635154,2602.9525055,61.229283,61.1345618,61.4319941,66.7037126,66.6213626,66.9265093,55.9442533,55.8388014,56.1287878,717.7146947,724.7051985,715.1397025,376.8766516,383.6913054,373.2288124,340.8380431,341.0138931,341.9108901,499.4994041,505.8676793,498.7915282,293.1799006,299.6765358,292.3972377,206.3195035,206.1911435,206.3942905,218.2152906,218.8375192,216.3481743,83.696751,84.0147696,80.8315747,134.5185396,134.8227496,135.5165996,5.6606001,5.7214072,5.6243389,5.5611181,5.6631568,5.4934801,5.7748282,5.7883971,5.7744909,5.7530007,5.8311025,5.7533583,5.3352086,5.4529415,5.3289245,6.4733287,6.4847136,6.4851092,5.4598702,5.4829732,5.3478494,6.5296097,6.566046,6.1842841,4.9548088,4.9719155,4.9486262,12679.1272273,12666.5550493,12715.0891221,6776.9941902,6775.2195804,6794.0322962,5902.1330371,5891.3354689,5921.0568259,64.9031932,64.8445846,65.0930477,70.6316204,70.6207249,70.8168171,59.3729385,59.2695588,59.5685694,6818.6238779,2799.7797038,4018.8441741,19533.713,9593.812,9939.901
2016-06-01,11967.4892107,11963.0070076,11991.2572457,6402.1197401,6392.9044461,6406.0503099,5565.3694705,5570.1025615,5585.2069358,8174.9443975,8207.805552,8189.765432,5197.2736729,5221.7697643,5208.4121701,2977.6707246,2986.0357877,2981.3532619,3792.5448132,3755.2014556,3801.4918136,1204.8460672,1171.1346818,1197.6381398,2587.698746,2584.0667738,2603.8536738,61.1803533,61.1736123,61.3180717,66.6416328,66.5657262,66.7026067,55.9088677,55.9700681,56.1218414,715.8976229,722.4303023,703.5399532,375.1219659,366.2182422,356.6840683,340.775657,356.2120601,346.855885,495.1081814,491.9645088,485.5674706,290.6542263,284.182346,281.7783942,204.4539551,207.7821627,203.7890765,220.7894415,230.4657935,217.9724826,84.4677396,82.0358961,74.9056741,136.3217019,148.4298974,143.0668085,5.6443727,5.6949578,5.541955,5.5350242,5.4181328,5.2742581,5.769849,6.0106843,5.8471378,5.7105557,5.6549139,5.5971048,5.2962472,5.1613661,5.1323973,6.4250768,6.505761,6.3981152,5.5013968,5.7823641,5.4229237,6.5513717,6.5462673,5.8862943,5.0044302,5.4320248,5.2082617,12683.3868336,12685.4373099,12694.7971989,6777.241706,6759.1226883,6762.7343782,5906.1451275,5926.3146216,5932.0628207,64.8401744,64.8678065,64.9156689,70.5463927,70.3789512,70.4165577,59.3322489,59.5493942,59.6071538,6861.0318011,2841.1636218,4019.8681793,19555.829,9603.898,9951.931
2016-07-01,11970.9666303,11996.0169078,11995.3298724,6402.9769057,6414.8181318,6412.6710581,5567.9897246,5581.198776,5582.6588143,8168.2418318,8175.2204434,8193.0173815,5194.6887895,5200.5872075,5204.1390693,2973.5530423,2974.6332358,2988.8783122,3802.7247985,3820.7964645,3802.3124909,1208.2881161,1214.2309243,1208.5319888,2594.4366823,2606.5655402,2593.7805021,61.1174792,61.2495113,61.2460034,66.5669645,66.695364,66.6730407,55.8583983,55.9945131,56.0091612,715.2257157,724.2346151,708.8436854,374.8214625,374.3892199,373.5287024,340.4042532,349.8453953,335.314983,493.5936481,478.1724232,475.3259349,289.4602817,284.1748295,287.0246158,204.1333664,193.9975938,188.3013191,221.6320676,246.0621919,233.5177505,85.3611808,90.2143904,86.5040866,136.2708868,155.8478015,147.0136639,5.6378281,5.6935558,5.5796127,5.5301359,5.5144761,5.5042397,5.7613669,5.8985464,5.6660437,5.6984879,5.5258374,5.4834692,5.2781257,5.1811697,5.2270271,6.423962,6.1224423,5.9266816,5.5072668,6.050424,5.7861143,6.5984793,6.9159197,6.6796662,4.9903142,5.6417264,5.3639075,12686.192346,12720.2515229,12704.1735578,6777.7983682,6789.2073517,6786.1997605,5908.3939777,5931.0441712,5917.9737973,64.7690467,64.9473234,64.8652322,70.4637031,70.5879179,70.5566477,59.2733537,59.5044082,59.373277,6881.3164422,2831.8872395,4049.4292027,19585.49,9618.087,9967.403
2016-08-01,11973.0863003,11955.8576403,11895.6099511,6402.6297378,6393.373995,6358.4509249,5570.4565625,5562.4836453,5537.1590262,8163.9745516,8165.0815866,8100.1553484,5193.9311965,5195.7149173,5159.7601344,2970.0433551,2969.3666693,2940.395214,3809.1117487,3790.7760537,3795.4546026,1208.6985413,1197.6590777,1198.6907904,2600.4132074,2593.116976,2596.7638122,61.0464398,60.9533631,60.6462083,66.4781191,66.3766263,66.0140516,55.8055448,55.7206928,55.4670102,715.8983988,711.2692546,708.1165679,376.1019947,379.1899076,380.2637742,339.796404,332.0793469,327.8527936,495.4029181,496.601249,493.0523259,290.1656721,290.5536801,292.0889599,205.237246,206.0475689,200.963366,220.4954806,214.6680056,215.064242,85.9363226,88.6362276,88.1748143,134.559158,126.031778,126.8894276,5.6418887,5.6150796,5.6183111,5.5482649,5.5989122,5.6429719,5.7492701,5.6336551,5.5899767,5.7209992,5.7333114,5.7376982,5.2910384,5.2960163,5.3576127,6.463594,6.4888406,6.3973393,5.4718852,5.3594059,5.3625042,6.6378811,6.8908148,6.8519054,4.9199458,4.6349718,4.6587952,12688.984699,12667.1268949,12603.726519,6778.7317325,6772.5639026,6738.7146991,5910.2529665,5894.5629923,5865.0118199,64.696547,64.5795566,64.2563288,70.3831635,70.3134126,69.9619869,59.2096686,59.0472088,58.7511879,7011.036356,2893.2511758,4117.7851801,19614.762875,9631.965875,9982.797
2016-09-01,11974.7785666,11942.349342,11932.4230703,6401.3928757,6372.5830529,6362.439024,5573.3856908,5569.7662891,5569.9840463,8162.2311148,8106.7963572,8069.7179982,5194.7509505,5149.859383,5127.4418832,2967.4801644,2956.9369742,2942.2761151,3812.5474517,3835.5529848,3862.7050721,1206.6419253,1222.7236699,1234.9971408,2605.9055265,2612.8293149,2627.7079313,60.9725948,60.7937601,60.7432294,66.3787536,66.0656513,65.9604864,55.7571286,55.707668,55.709846,717.8229835,717.1715212,696.2180621,378.4253137,379.5995489,376.1896654,339.3976698,337.5719723,320.0283967,499.9096747,502.7123439,483.7463998,292.4153929,295.7510135,289.9069631,207.4942818,206.9613304,193.8394367,217.9133089,214.4591773,212.4716623,86.0099208,83.8485354,86.2827023,131.9033881,130.6106419,126.18896,5.6554441,5.6650763,5.5130085,5.581644,5.6218792,5.5825849,5.740066,5.7144514,5.4334078,5.7712024,5.8390364,5.655561,5.3290783,5.4309984,5.3514546,6.5353056,6.5413395,6.1808767,5.40666,5.2952724,5.2138024,6.6537576,6.4174437,6.5302368,4.8178449,4.7608347,4.5821962,12692.6015501,12659.5208632,12628.6411325,6779.8181894,6752.1826018,6738.6286894,5912.7833607,5907.3382614,5890.0124431,64.6275709,64.4445957,64.2873992,70.3028059,70.0010243,69.8605086,59.1525225,59.0839941,58.9107048,7015.3968676,2907.2053106,4108.191557,19644.038,9645.834,9998.204
2016-10-01,11977.6362796,11961.0921522,11964.1880926,6400.3694396,6388.933975,6387.2373799,5577.26684,5572.1581772,5576.9507127,8163.019162,8146.0303634,8111.1557242,5196.8487688,5181.8408975,5167.0599973,2966.1703932,2964.1894659,2944.0957269,3814.6171176,3815.0617888,3853.0323684,1203.5206708,1207.0930775,1220.1773826,2611.0964468,2607.9687113,2632.8549857,60.9032707,60.8138498,60.8295905,66.2791635,66.1546289,66.1370614,55.7174914,55.6615119,55.7093856,722.2630004,709.1871487,677.9522001,381.8690418,376.5970965,363.3444172,340.3939586,332.5900523,314.607783,506.3940979,498.7983982,474.5613539,295.6984499,291.9539078,282.1037533,210.695648,206.8444903,192.4576006,215.8689025,210.3887506,203.3908462,86.1705919,84.6431887,81.2406639,129.6983106,125.7455619,122.1501823,5.6871553,5.5972495,5.3626378,5.6304278,5.5664085,5.3824163,5.7521708,5.6325865,5.3399755,5.8411577,5.7699049,5.5273351,5.3836305,5.3336655,5.17701,6.6321855,6.5229352,6.1359582,5.3559025,5.2264647,5.014044,6.6814899,6.552668,6.2424725,4.7321424,4.5998063,4.4337551,12699.89928,12670.279301,12642.1402929,6782.2384814,6765.5310715,6750.5817971,5917.6607986,5904.7482295,5891.5584957,64.5757965,64.4195741,64.2765068,70.2336166,70.0541278,69.8993346,59.1180634,58.9838269,58.8520718,7026.2283321,2906.9948278,4119.2335042,19668.368625,9657.576625,10010.792
2016-11-01,11983.0186754,11987.3145067,12032.7998565,6400.6736783,6398.6176205,6412.9996786,5582.3449971,5588.6968862,5619.800178,8166.6192185,8186.3606868,8215.783458,5200.5099411,5208.6547323,5226.6877856,2966.1092774,2977.7059545,2989.0956723,3816.3994569,3800.95382,3817.0163988,1200.1637372,1189.9628882,1186.311893,2616.2357197,2610.9909317,2630.7045058,60.8435956,60.8718533,61.102829,66.1886777,66.1744802,66.3232194,55.687674,55.7565432,56.0668502,728.9353638,733.6660547,683.9464658,385.2881071,385.0799702,363.2365531,343.6472567,348.5860845,320.7099126,513.3065298,515.3316389,486.1270179,298.7510415,301.9111679,287.7912647,214.5554883,213.420471,198.3357532,215.628834,218.3344158,197.819448,86.5370656,83.1688022,75.4452885,129.0917684,135.1656136,122.3741595,5.7342511,5.7673703,5.3783134,5.6777229,5.6765498,5.360447,5.7989825,5.8711381,5.3986932,5.9137203,5.9222002,5.5864401,5.4325671,5.4787688,5.2188296,6.7456178,6.6879353,6.222432,5.3478998,5.4321662,4.9272114,6.7255002,6.5326158,5.9793825,4.7022357,4.9219923,4.4449932,12711.9540392,12720.9805614,12716.7463221,6785.9617854,6783.6975907,6776.2362316,5925.9922539,5937.2829708,5940.5100905,64.5447538,64.5974261,64.5759245,70.1729006,70.1569759,70.0798105,59.1157882,59.2342689,59.2664648,6975.9586782,2893.0767686,4082.8819096,19692.7050001,9669.313,10023.3920001
2016-12-01,11992.8626917,12017.8113629,12128.2708669,6403.6695354,6416.1135892,6467.4652069,5589.1931563,5601.6977737,5660.80566,8173.6830496,8205.9908792,8329.7438238,5206.4764171,5225.9789438,5294.0778461,2967.2066325,2980.0119354,3035.6659777,3819.1796421,3811.8204837,3798.5270432,1197.1931183,1190.1346453,1173.3873608,2621.9865238,2621.6858384,2625.1396824,60.8015896,60.9514095,61.5116332,66.1192575,66.2749283,66.8053623,55.671885,55.8161568,56.4051166,735.7063115,744.8944906,722.4218029,387.5415729,397.0118453,390.978498,348.1647386,347.8826453,331.4433049,518.1691668,529.6878434,513.1443985,300.0041255,303.900094,292.9148113,218.1650413,225.7877493,220.2295872,217.5371447,215.2066473,209.2774044,87.5374474,93.1117513,98.0636867,129.9996973,122.094896,111.2137177,5.7799609,5.8364934,5.6216565,5.7065164,5.8271618,5.7006883,5.8639675,5.8471795,5.5312005,5.9615506,6.0634996,5.802905,5.448201,5.4956011,5.2427993,6.8489666,7.0431022,6.7640249,5.3889623,5.3440575,5.2217469,6.8136814,7.2559527,7.7127379,4.7238499,4.449878,4.0643039,12728.5690032,12762.7058535,12850.6926697,6791.2111083,6813.1254345,6858.4437048,5937.3578948,5949.5804191,5992.2489649,64.5314842,64.7293328,65.1755805,70.1207072,70.3758426,70.8439554,59.1398252,59.2825116,59.7076674,6866.3433304,2822.6132952,4043.7300352,19717.036,9681.057,10035.979
2017-01-01,12010.5731902,12039.2723633,11864.3051123,6411.1940806,6416.9514667,6339.9944348,5599.3791096,5622.3208966,5524.3106776,8187.0924962,8155.4445639,8094.7792598,5216.1336888,5216.6801567,5180.8842801,2970.9588074,2938.7644072,2913.8949797,3823.480694,3883.8277995,3769.5258526,1195.0603917,1200.27131,1159.1101547,2628.4203022,2683.5564895,2610.4156979,60.7950403,60.9476583,60.0619034,66.0904135,66.1580486,65.3646303,55.6863896,55.9210396,54.946205,740.0172374,725.5350211,773.1516721,387.7875431,376.3257753,403.7970689,352.2296943,349.2092458,369.3546032,519.409722,510.7267818,555.1584991,299.053499,295.9888717,320.0326702,220.356223,214.7379101,235.1258289,220.6075153,214.8082393,217.993173,88.734044,80.3369037,83.7643988,131.8734713,134.4713357,134.2287743,5.803788,5.6838697,6.1179372,5.7036122,5.5396793,5.9876861,5.9182266,5.8479023,6.2669762,5.965768,5.8933381,6.4180635,5.4223635,5.369248,5.8178059,6.9048722,6.8095054,7.4666331,5.4550619,5.2409689,5.4668873,6.9118577,6.2733397,6.7395699,4.7775158,4.7718243,4.8905706,12750.5904275,12764.8073845,12637.4567843,6798.9816236,6793.2772421,6743.7915036,5951.6088039,5971.5301424,5893.6652807,64.5408547,64.6206095,63.9759094,70.0879588,70.0379251,69.5277327,59.1893494,59.394364,58.6199002,7116.0049658,2955.6352465,4160.3697194,19753.46175,9699.42675,10054.035
2017-02-01,12036.7205812,12015.1753182,12062.0929505,6423.6793289,6414.5194507,6448.9121506,5613.0412523,5600.6558675,5613.1808,8207.9360866,8179.2906579,8263.4855623,5229.899196,5217.8319039,5273.5343516,2978.0368906,2961.4587539,2989.9512108,3828.7844947,3835.8846603,3798.6073883,1193.7801329,1196.6875468,1175.3777991,2635.0043617,2639.1971135,2623.2295892,60.8297632,60.7137355,60.9508144,66.1100423,66.0079394,66.3618539,55.7351746,55.6057524,55.7301054,741.2386003,752.4392372,824.1296568,386.5327642,396.2204467,424.6997355,354.7058361,356.2187905,399.4299213,517.1956008,522.9953648,567.0079654,296.7652721,298.8180406,316.6428601,220.4303287,224.1773242,250.3651053,224.0429995,229.4438724,257.1216915,89.7674921,97.402406,108.0568754,134.2755075,132.0414664,149.0648161,5.8009154,5.8933424,6.3954324,5.6757816,5.817583,6.1786982,5.9437143,5.9799612,6.6432028,5.9276538,6.0098618,6.4210224,5.3696995,5.4166576,5.6642723,6.8917489,7.0371291,7.7265637,5.5280665,5.6439196,6.3397157,6.9937017,7.5267106,8.4193514,4.8487518,4.7647094,5.3769475,12777.9591815,12767.6145554,12886.2226073,6810.2120931,6810.7398974,6873.611886,5967.7470884,5956.874658,6012.6107213,64.5757477,64.515877,65.1152139,70.0880892,70.0852043,70.7321819,59.2572566,59.1424478,59.6958197,6903.6572678,2844.187989,4059.4692788,19789.879875,9717.799875,10072.08
2017-03-01,12071.2739629,12075.6945132,12079.5723598,6440.3256415,6435.4967716,6443.6950004,5630.9483214,5640.1977416,5635.8773594,8236.8540722,8251.9228114,8228.7525014,5246.8733505,5239.9936292,5236.5222648,2989.9807217,3011.9291822,2992.2302366,3834.4198907,3823.7717018,3850.8198583,1193.452291,1195.5031424,1207.1727355,2640.9675997,2628.2685594,2643.6471228,60.9097389,60.9074384,60.9269975,66.1749301,66.0987995,66.1830032,55.8292262,55.8981839,55.8553659,739.3736645,749.7425085,799.5779899,384.3161741,386.0672091,404.5089178,355.0574904,363.6752994,395.0690721,512.2856001,515.4903587,540.0201917,294.1137288,295.0990041,303.4720039,218.1718714,220.3913546,236.5481878,227.0880643,234.2521498,259.5577982,90.2024453,90.9682051,101.0369139,136.885619,143.2839447,158.5208843,5.7715557,5.8457463,6.2083132,5.6313018,5.6595117,5.9067884,5.9314592,6.0573449,6.5506977,5.8552683,5.8796175,6.1584467,5.3079663,5.3314194,5.4778397,6.8005453,6.8183632,7.3262441,5.5912254,5.7725671,6.3146947,7.0270021,7.0711412,7.7232968,4.9277485,5.1698081,5.6570799,12810.6476274,12825.4370216,12879.1503496,6824.6418156,6821.5639807,6848.2039182,5986.0058118,6003.8730409,6030.9464314,64.6405015,64.6889928,64.9599123,70.1238136,70.0640845,70.3377025,59.3495186,59.5024527,59.7707683,6947.1546502,2887.9740817,4059.1805685,19826.3049999,9736.178,10090.127
2017-04-01,12113.1000506,12132.9556131,12151.1870612,6459.975002,6487.3454797,6504.359549,5653.1250486,5645.6101333,5646.8275122,8272.7902966,8259.4395996,8232.3499479,5266.1164812,5266.6149052,5253.9300564,3006.6738154,2992.8246944,2978.4198914,3840.309754,3873.5160135,3918.8371132,1193.8585208,1220.7305745,1250.4294925,2646.4512332,2652.785439,2668.4076207,61.0320657,61.1259427,61.2177929,66.2769351,66.5511289,66.7256695,55.9706805,55.8905006,55.9025525,735.4984083,720.929382,727.3398974,382.1698321,364.7670655,360.2232616,353.3285762,356.1623165,367.1166358,505.8963309,502.5577787,503.8729886,291.8360178,284.0631485,279.4512422,214.0603132,218.4946302,224.4217464,229.6020773,218.3716033,223.4669088,90.3338143,80.703917,80.7720194,139.268263,137.6676863,142.6948894,5.7243474,5.6086497,5.6476948,5.5855268,5.3234249,5.2475623,5.8824824,5.9342856,6.1044238,5.7627792,5.7356532,5.7676297,5.2507829,5.1176297,5.0502799,6.6463205,6.8038899,7.0069573,5.6414509,5.336696,5.3947491,7.0342901,6.2011509,6.0676027,4.9993642,4.9335244,5.0761183,12848.5984589,12853.8849951,12878.5269585,6842.1448341,6852.1125452,6864.5828105,6006.4536248,6001.7724499,6013.944148,64.7378872,64.7579916,64.8821381,70.1978551,70.2931309,70.4210585,59.4689298,59.416442,59.5369396,6970.5830413,2883.3291894,4087.2538519,19849.1099999,9747.912,10101.198
2017-05-01,12157.6437737,12164.8543946,12230.1211118,6479.8749699,6481.4214174,6510.149094,5677.7688037,5683.4329772,5719.9720178,8312.0651127,8323.6509798,8324.6543034,5285.8501747,5292.9009591,5291.3066263,3026.2149379,3030.7500207,3033.3476771,3845.578661,3841.2034149,3905.4668083,1194.0247952,1188.5204584,1218.8424676,2651.5538658,2652.6829565,2686.6243407,61.174114,61.2163073,61.5447443,66.3888511,66.4104423,66.704794,56.1413191,56.2033016,56.5646351,730.7447789,714.389182,703.7720393,380.6837768,373.197022,363.2320264,350.0610022,341.19216,340.5400129,499.5465316,487.0731276,479.1929757,290.3315109,279.5114245,273.0698151,209.2150207,207.5617032,206.1231606,231.1982473,227.3160544,224.5790636,90.3522658,93.6855975,90.1622113,140.8459815,133.6304569,134.4168523,5.6697917,5.5468256,5.4413009,5.5488742,5.4444609,5.2846193,5.8074135,5.6632928,5.6189974,5.6691846,5.528185,5.4429951,5.2066365,5.015986,4.9074648,6.4663746,6.4095653,6.3628651,5.6711037,5.5871935,5.4376893,7.034715,7.3065945,6.8878448,5.0439045,4.7959593,4.7647958,12888.3885526,12879.2435767,12933.8931511,6860.5587467,6854.6184394,6873.3811204,6027.8298059,6024.6251372,6060.5120307,64.8510324,64.8112758,65.0862848,70.2891051,70.2343225,70.4265702,59.602694,59.5773408,59.9322253,6938.0248487,2886.2608795,4051.7639692,19871.9179999,9759.642,10112.276
2017-06-01,12201.0358854,12197.3324682,12227.7253488,6498.5100795,6484.8418835,6496.4317378,5702.5258059,5712.4905847,5731.293611,8350.2302826,8385.8569403,8371.6841665,5304.2486444,5328.75003,5316.8353203,3045.9816383,3057.1069104,3054.8488461,3850.8056028,3811.4755278,3856.0411822,1194.2614351,1156.0918536,1179.5964174,2656.5441677,2655.3836743,2676.4447648,61.3144774,61.3093888,61.4621574,66.4935779,66.3657048,66.484315,56.3156978,56.4288726,56.6146119,725.8986337,726.6470851,707.4646284,379.5688708,379.0068047,369.2977909,346.3297629,347.6402804,338.1668375,494.6900801,495.1924771,488.9006268,289.4910881,293.6008078,291.1704513,205.198992,201.5916693,197.7301755,231.2085536,231.454608,218.5640016,90.0777827,85.4059969,78.1273396,141.130771,146.0486111,140.436662,5.6153965,5.6224716,5.4693022,5.5185303,5.5217826,5.3788573,5.7255419,5.7365144,5.5716128,5.5929286,5.5758329,5.5177016,5.1752692,5.2220293,5.1920498,6.3115223,6.1862631,6.0791813,5.6640802,5.7249223,5.3640535,7.0135507,6.8792706,6.2118044,5.0445736,5.213355,4.9855369,12926.9345192,12923.9795533,12935.1899772,6878.0789503,6863.8486883,6865.7295287,6048.8555689,6060.130865,6069.4604485,64.9623722,64.9618505,65.0181992,70.3773746,70.2444506,70.2636991,59.7359019,59.8629175,59.9550766,6959.5320227,2905.6454712,4053.8865515,19894.7219999,9771.375,10123.347
2017-07-01,12240.5611101,12232.852927,12234.1056557,6514.4681951,6513.37893,6512.6980766,5726.0929149,5719.4739971,5721.4075791,8383.7110164,8370.4478002,8391.0241351,5319.5990014,5311.1933093,5315.3325796,3064.1120151,3059.2544909,3075.6915555,3856.8500937,3862.4051268,3843.0815205,1194.8691938,1202.1856207,1197.3654969,2661.9808999,2660.2195061,2645.7160236,61.4375691,61.4027344,61.4090225,66.5748022,66.5678743,66.5609159,56.4789981,56.4175432,56.4366163,721.3551986,726.452321,712.4062063,378.5510955,383.028346,382.7868162,342.8041031,343.4239751,329.6193901,491.6427211,482.911125,480.5681453,288.975239,289.6984619,292.8320448,202.6674821,193.2126631,187.7361005,229.7124775,243.541196,231.838061,89.5758565,93.329884,89.9547714,140.136621,150.2113119,141.8832896,5.5651894,5.6056425,5.5026884,5.4918038,5.5540273,5.5512676,5.6485405,5.6643535,5.4473297,5.5394155,5.4545527,5.4169323,5.1523832,5.1723631,5.2215308,6.2038923,5.9404954,5.7527275,5.6211663,5.9314267,5.6893898,6.9738956,7.2040731,6.9877538,5.0010972,5.3447788,5.0898021,12961.9163087,12959.305248,12946.511862,6893.0192907,6896.4072759,6895.4848928,6068.897018,6062.8979721,6051.0269692,65.0581801,65.0491577,64.9849413,70.4434164,70.4824912,70.4730642,59.8602273,59.8051164,59.6880195,6975.8141378,2889.0831071,4086.7310307,19922.3259999,9784.568,10137.758
2017-08-01,12275.0179362,12281.8957884,12221.564248,6526.6164317,6523.9589675,6488.9176704,5748.4015045,5757.9368209,5732.6465777,8411.5247255,8414.7360141,8347.22776,5330.8264902,5323.1688728,5286.4066664,3080.6982353,3091.5671413,3060.8210936,3863.4932107,3867.1597743,3874.336488,1195.7899416,1200.7900947,1202.5110039,2667.7032692,2666.3696796,2671.8254841,61.5362847,61.5636003,61.2611856,66.6196463,66.5861073,66.2284619,56.6297157,56.716411,56.4672989,718.225154,718.9233614,714.8639579,377.6790017,379.6347617,380.0764477,340.5461524,339.2885997,334.7875102,490.437898,493.1668774,488.8641528,288.4932162,289.6866684,290.7592048,201.9446818,203.480209,198.104948,227.787256,225.756484,225.9998051,89.1857855,89.9480932,89.3172429,138.6014705,135.8083907,136.6825621,5.527682,5.5298313,5.5259763,5.4702034,5.499089,5.5332184,5.5928573,5.5646393,5.5177775,5.5093233,5.5362848,5.5325834,5.1339527,5.1611282,5.2133864,6.1518931,6.1753349,6.0788415,5.5676275,5.5157856,5.5117383,6.9406592,6.9687326,6.9140184,4.9389316,4.8465296,4.8667321,12993.2430902,13000.8191498,12936.4282059,6904.2954334,6903.5937292,6868.9941181,6088.9476568,6097.2254206,6067.4340878,65.1368421,65.1672387,64.8444759,70.4747589,70.4608099,70.1076726,59.9845669,60.0584469,59.7649985,7013.5027939,2928.7838818,4084.7189121,19949.9309999,9797.778,10152.153
2017-09-01,12305.3321044,12321.6721053,12308.5763515,6535.6793957,6538.0960072,6525.017715,5769.6527088,5783.5760981,5783.5586365,8435.2683581,8429.1231251,8387.3234305,5338.6852775,5348.2541393,5323.2243531,3096.5830806,3080.8689858,3064.0990774,3870.0637463,3892.5489803,3921.2529209,1196.9941182,1189.8418679,1201.7933618,2673.0696281,2702.7071124,2719.4595591,61.6151522,61.677643,61.6120906,66.6349016,66.640689,66.5073862,56.7701663,56.8881914,56.8880197,717.3180412,712.1582799,691.3316601,377.4741222,373.7984119,370.8668394,339.843919,338.359868,320.4648207,491.0057592,485.5063099,467.1441047,288.1170917,282.010564,277.2619485,202.8886675,203.4957458,189.8821562,226.312282,226.6519701,224.1875554,89.3570305,91.7878479,93.6048909,136.9552515,134.8641222,130.5826645,5.508234,5.4639216,5.3179735,5.4602306,5.4080457,5.3780894,5.5625519,5.5270076,5.2500588,5.5006798,5.4461749,5.2758012,5.1204409,5.0088331,4.9506763,6.1491258,6.1958936,5.8353795999999996,5.524695,5.5023286,5.4080515,6.9465504,7.1618071,7.2259547,4.8738092,4.7528013,4.58178,13022.6501457,13033.8303853,12999.9080116,6913.1535179,6911.8944191,6895.8845544,6109.4966277,6121.9359661,6104.0234572,65.2069009,65.2424388,65.0726362,70.4834611,70.4506948,70.2875115,60.114041,60.2163539,60.0401636,6977.6259882,2915.0824455,4062.5435427,19977.5339999,9810.967,10166.567
2017-10-01,12333.110661,12325.3444494,12321.8755234,6543.2880886,6539.9722511,6535.1296674,5789.8225723,5785.3721982,5786.745856,8455.2251882,8446.5631464,8407.1011095,5344.1684766,5342.2490272,5325.2637656,3111.0567117,3104.3141193,3081.8373439,3877.8854728,3878.7813029,3914.7744138,1199.1196121,1197.723224,1209.8659018,2678.7658607,2681.058079,2704.9085121,61.6805175,61.6344358,61.617089,66.6345393,66.5942773,66.544967,56.8992392,56.8482191,56.8617169,717.6483079,704.1397177,671.7607109,377.4323593,365.2144467,350.9565198,340.2159486,338.925271,320.8041911,492.5609641,489.2223739,462.9897488,287.8505796,282.8068489,271.5028968,204.7103845,206.415525,191.486852,225.0873438,214.9173438,208.7709621,89.5817797,82.4075978,79.453623,135.5055641,132.509746,129.3173391,5.4989009,5.4042026,5.1699209,5.4536571,5.2889873,5.0966036,5.5499806,5.5341086,5.2525839,5.5048361,5.474867,5.2196731,5.110966,5.0276274,4.8510669,6.1738469,6.2347442,5.8499202,5.4859575,5.2499552,5.0628996,6.9513217,6.4374356,6.1624463,4.814943,4.7096695,4.5627041,13050.7589689,13029.4841671,12993.6362344,6920.7204479,6905.1866979,6886.0861872,6130.038521,6124.2974692,6107.5500471,65.2696298,65.1555751,64.976313,70.4781774,70.3131298,70.1186359,60.2426972,60.1785663,60.0140028,7003.8607655,2934.5358127,4069.3249528,19997.4969999,9820.622,10176.875
2017-11-01,12359.4367661,12368.3426674,12418.7381307,6550.945368,6558.0369801,6575.102334,5808.4913981,5810.3056873,5843.6357966,8471.3933315,8486.6008693,8517.0563176,5348.3424758,5355.4871735,5374.701703,3123.0508557,3131.1136958,3142.3546146,3888.0434346,3881.7417981,3901.681813,1202.6028922,1202.5498066,1200.400631,2685.4405424,2679.1919915,2701.281182,61.7349088,61.7877757,62.0395332,66.6298854,66.7125349,66.8861346,57.0108401,57.0355398,57.3627172,719.1372423,713.5357832,664.5540815,378.0474687,375.0649294,353.218529,341.0897736,338.4708537,311.3355526,494.6995618,492.5099317,463.7712525,287.9854459,287.4408635,273.7721697,206.7141159,205.0690682,189.9990828,224.4376804,221.0258515,200.782829,90.0620228,87.6240659,79.4463592,134.3756577,133.4017856,121.3364698,5.4985906,5.4543832,5.0794102,5.4560234,5.4097709,5.0981838,5.5465529,5.5046862,5.0582779,5.5174485,5.4850635,5.1640147,5.1094516,5.0938247,4.8468343,6.2080693,6.1468176,5.7016481,5.4574763,5.3872378,4.8942001,6.9671592,6.7916478,6.2074889,4.7654048,4.7430165,4.2987214,13078.5740084,13081.8784506,13083.2922122,6928.9928366,6933.1019095,6928.320863,6149.5811717,6148.776541,6154.9713492,65.3269715,65.3523429,65.3594056,70.4750189,70.5279346,70.4792987,60.3586654,60.3580617,60.4188716,6934.1667876,2901.9711369,4032.1956507,20017.4589999,9830.292,10187.167
2017-12-01,12383.3944385,12398.0814937,12511.9108853,6558.8986762,6559.1373688,6610.7573048,5824.4957623,5838.9441249,5901.1535805,8482.9411748,8491.2898949,8621.2184621,5351.4858504,5354.1476378,5423.8889769,3131.4553243,3137.1422571,3197.3294852,3900.4532637,3906.7915988,3890.6924231,1207.4128258,1204.989731,1186.8683278,2693.040438,2701.8018678,2703.8240953,61.7707666,61.8746369,62.442721,66.6196585,66.6582185,67.1828138,57.0912321,57.2587639,57.8688119,722.1984677,737.8002774,714.2147004,379.6108702,395.5324193,390.8205026,342.5875974,342.267858,323.3941978,497.2548859,502.051054,486.6437139,288.7946422,298.1543679,289.0184443,208.4602438,203.8966862,197.6252696,224.9435817,235.7492233,227.5709865,90.8162281,97.3780515,101.8020583,134.1273537,138.3711719,125.7689282,5.5106127,5.6166787,5.4000296,5.4710722,5.6872926,5.5818919,5.5550992,5.5372289,5.1954649,5.5372386,5.5824755,5.3431168,5.1202177,5.2749193,5.059043,6.2414824,6.1027929,5.8211459,5.4526532,5.690933,5.5258968,6.9953933,7.4770009,7.8997748,4.7442304,4.8719275,4.4447709,13105.5929062,13135.8817711,13226.1255857,6938.5095464,6954.6697882,7001.5778074,6167.0833598,6181.2119829,6224.5477783,65.3732323,65.5567489,66.0071253,70.4754196,70.6778761,71.1545859,60.4492478,60.6151643,61.0401305,6811.2954141,2838.3751926,3972.9202216,20037.4209999,9839.953,10197.468
2018-01-01,12403.3702897,12437.4678743,12247.3784284,6566.9861382,6602.9465366,6517.6988593,5836.3841515,5834.5213377,5729.6795691,8488.7113072,8482.9641844,8405.4687992,5354.0081391,5338.7469363,5296.3073482,3134.703168,3144.217248,3109.1614509,3914.6589825,3954.5036899,3841.9096292,1212.977999,1264.1996002,1221.391511,2701.6809835,2690.3040897,2620.5181182,61.7800649,61.9597396,61.0127709,66.6020243,66.9780351,66.1133118,57.1263351,57.1166849,56.0903429,725.5524267,727.2479157,776.8626165,381.5348218,378.8557307,407.3930188,344.0176049,348.392185,369.4695978,499.511049,497.4728241,541.633022,289.9545851,283.3615238,307.424744,209.5564638,214.1113003,234.208278,226.0413777,229.7750916,235.2295945,91.5802366,95.4942069,99.9682747,134.4611411,134.2808847,135.2613198,5.5263668,5.5242204,5.9647438,5.4908782,5.4263314,5.8828536,5.5662661,5.6347575,6.0577236,5.5573953,5.5395169,6.0537259,5.1374291,5.0401291,5.4860714,6.2661542,6.3755317,7.0051564,5.4590132,5.4913906,5.7694766,7.020019,7.0232141,7.5655606,4.7409874,4.7540041,4.9082781,13128.9227164,13164.71579,13024.241045,6948.52096,6981.8022673,6925.0918781,6180.4017564,6182.9135227,6099.1491669,65.3939759,65.5826708,64.8828677,70.4715302,70.8210183,70.2457674,60.493568,60.5272486,59.7072426,7049.2259549,2933.2841218,4115.941833,20073.4669999,9858.376,10215.091
2018-02-01,12418.7317889,12421.8642234,12471.0718185,6574.9648537,6582.6866215,6619.8461559,5843.7669352,5839.1776019,5851.2256626,8489.4041282,8496.1705198,8584.6282059,5356.8160227,5363.0058762,5421.9305142,3132.5881055,3133.1646436,3162.6976918,3929.3276607,3925.6937036,3886.4436125,1218.148831,1219.6807453,1197.9156417,2711.1788297,2706.0129583,2688.5279708,61.7626718,61.7710966,62.0157947,66.5779337,66.6479827,67.0242133,57.1149608,57.0638377,57.1815784,727.3250868,734.3318949,804.5017742,383.3018665,384.8494366,412.0056875,344.0232204,349.4824583,392.4960867,500.932141,512.8459777,556.7288038,291.0987405,296.82668,314.2259733,209.8334005,216.0192977,242.5028305,226.3929459,221.4859172,247.7729704,92.2031259,88.0227566,97.7797142,134.1898199,133.4631606,149.9932562,5.5326483,5.581643,6.0600152,5.5085826,5.5234653,5.8591349,5.5597105,5.6471426,6.2862521,5.5718955,5.6925856,6.0902206,5.1540923,5.2444428,5.4779882,6.2778857,6.4499084,7.1215433,5.4477422,5.3406396,5.9932267,7.0365161,6.7310944,7.546505,4.7160785,4.7002741,5.2842041,13146.0568758,13156.1961182,13275.5735927,6958.2667201,6967.5360581,7031.8518434,6187.7901556,6188.6600601,6243.7217493,65.3799124,65.4227615,66.0163985,70.459239,70.5444827,71.1956632,60.477325,60.4791835,61.0172783,6833.9354071,2844.9461565,3988.9892507,20109.5089999,9876.798,10232.711
2018-03-01,12432.455511,12442.3889405,12446.0426402,6584.2993737,6584.0004672,6594.4868518,5848.1561373,5858.3884733,5851.5557884,8489.5673663,8472.9223329,8450.470896,5361.9173764,5358.0899208,5355.2150674,3127.6499899,3114.8324121,3095.2558285,3942.8881447,3969.4666076,3995.5717441,1222.3819973,1225.9105464,1239.2717843,2720.5061474,2743.5560612,2756.2999598,61.7379497,61.7624499,61.7805864,66.5675318,66.5371947,66.643169,57.0757776,57.1531248,57.0864667,726.557829,728.3559441,777.9557107,384.1967893,382.4181879,402.4135884,342.3610397,345.9377562,375.5421223,501.5361913,516.6807858,544.4803121,291.8516617,299.698554,310.6966614,209.6845295,216.9822318,233.7836508,225.0216378,211.6751583,233.4753986,92.3451276,82.7196339,91.716927,132.6765101,128.9555244,141.7584716,5.5213701,5.5301044,5.8829084,5.5133386,5.4894517,5.7513122,5.5304109,5.5757506,6.0307727,5.5781383,5.7475372,6.0531769,5.1620726,5.2970972,5.4836128,6.2829941,6.5124341,7.0225557,5.3989086,5.0626161,5.5207566,7.0239007,6.3210856,6.8908869,4.6501233,4.4892952,4.891498,13159.01334,13170.7448846,13223.9983509,6968.496163,6966.418655,6996.9004402,6190.517177,6204.3262295,6227.0979107,65.345941,65.377917,65.6422605,70.4517768,70.4018714,70.7099171,60.417091,60.528016,60.7501715,6921.5576489,2898.3175597,4023.2400892,20145.5559999,9895.218,10250.338
2018-04-01,12448.2563822,12460.5553105,12475.5308428,6596.7732436,6600.6748855,6616.0864669,5851.4831386,5859.8804249,5859.4443759,8494.0979539,8514.9456994,8486.1624756,5370.6999692,5377.3337283,5363.1180444,3123.3979847,3137.6119711,3123.0444311,3954.1584283,3945.6096111,3989.3683672,1226.0732744,1223.3411573,1252.9684224,2728.0851539,2722.2684538,2736.3999448,61.7273224,61.7807233,61.8549735,66.592657,66.6236842,66.7792404,57.0299438,57.1049279,57.1006786,723.192825,731.3744789,738.8129251,383.8935639,388.7477512,385.118166,339.2992611,342.6267277,353.6947591,500.9932033,496.9762925,499.5792518,291.8167361,289.8988897,285.5579349,209.1764672,207.0774029,214.021317,222.1996217,234.3981864,239.2336733,92.0768278,98.8488615,99.5602311,130.122794,135.5493248,139.6734421,5.4906094,5.5441053,5.5909922,5.4993824,5.5619437,5.5007415,5.480717,5.5240037,5.6926901,5.569629,5.5146537,5.5596885,5.1534812,5.1153519,5.0553074,6.276723,6.1912297,6.4134582,5.320416,5.6076017,5.6575121,6.9853067,7.4761464,7.3610441,4.5526007,4.7431059,4.8563935,13171.4492072,13191.9297893,13214.343768,6980.6668075,6989.4226367,7001.2046329,6190.7823997,6202.5071526,6213.139135,65.3134275,65.4069536,65.5180845,70.4679596,70.5474962,70.6664174,60.336835,60.4438484,60.5474577,6954.6582319,2906.195367,4048.4628649,20169.0019999,9907.4,10261.602
2018-05-01,12469.829418,12452.3132449,12526.129863,6613.309042,6607.0932495,6636.5743816,5856.520376,5845.2199954,5889.5554814,8508.5225564,8491.3758067,8491.6037674,5383.9985808,5380.5880534,5377.9973408,3124.5239756,3110.7877532,3113.6064266,3961.3068616,3960.9374383,4034.5260955,1229.3104612,1226.5051961,1258.5770407,2731.9964004,2734.4322422,2775.9490548,61.7493704,61.6681765,62.033742,66.6635112,66.6067304,66.9039324,57.0042753,56.8994814,57.331059,717.5490342,715.7548996,705.4950478,381.9666325,377.3386237,367.8534482,335.5824018,338.4162759,337.6415996,498.479876,492.4954978,485.1966567,290.3189324,286.9672928,281.1794743,208.1609436,205.5282049,204.0171824,219.0691582,223.2594018,220.2983911,91.6477001,90.3713308,86.6739738,127.4214581,132.888071,133.6244172,5.4411803,5.4355346,5.3318852,5.4603514,5.4025672,5.2517273,5.4195225,5.4727714,5.4220478,5.5343593,5.4819964,5.4050066,5.1163674,5.0633346,4.9685579,6.2460433,6.1974856,6.1494975,5.2404175,5.3357767,5.1776141,6.9379715,6.8625516,6.4429592,4.4562028,4.6345736,4.5925775,13187.3784522,13168.0681445,13231.6249108,6995.2756745,6984.4318732,7004.4278297,6192.1027778,6183.6362714,6227.197081,65.3026028,65.2128432,65.5275983,70.5138131,70.4107166,70.6122977,60.2706571,60.1937476,60.6177842,6960.821089,2915.1301702,4045.6909189,20192.4459999,9919.558,10272.888
2018-06-01,12498.1177884,12522.1178174,12558.311982,6633.1649211,6629.7201378,6641.174277,5864.9528673,5892.3976796,5917.137705,8534.1587052,8527.0619818,8518.6711636,5401.2804838,5398.2174467,5388.7389445,3132.8782213,3128.8445351,3129.932219,3963.9590832,3995.0558356,4039.6408184,1231.8844373,1231.5026911,1252.4353324,2732.0746459,2763.5531445,2787.205486,61.8067227,61.9419505,62.1209887,66.7707176,66.7529101,66.8682389,57.0129817,57.2958577,57.5364221,710.8492816,706.6169692,687.4885977,378.7429384,385.2965684,375.0925483,332.1063432,321.3204008,312.3960494,493.8937031,495.2781681,488.7342532,287.1769906,293.8643168,291.2367227,206.7167125,201.4138512,197.4975305,216.9555785,211.3388012,198.7543445,91.5659477,91.4322516,83.8558256,125.3896307,119.9065496,114.8985189,5.381566,5.341531,5.1902382,5.4014249,5.492454,5.3460417,5.3590959,5.1711455,5.0147581,5.4706561,5.4894646,5.425916,5.0484159,5.1626861,5.1274291,6.1898738,6.0479947,5.935438,5.1891894,5.0242267,4.6893774,6.9187292,6.9113188,6.2752661,4.3881434,4.1584264,3.9591455,13208.96707,13228.7347866,13245.8005798,7011.9078595,7015.0167062,7016.2668253,6197.0592105,6213.7180804,6229.5337544,65.3220732,65.4373044,65.5217221,70.5832171,70.6323601,70.6449472,60.2413747,60.4202782,60.5740649,6970.0914201,2915.4651746,4054.6262455,20215.8919999,9931.732,10284.16
2018-07-01,12530.1855046,12522.9031534,12524.4995506,6653.4786933,6650.4992075,6651.2456169,5876.7068113,5872.4039458,5873.2539337,8566.9970043,8552.8403613,8575.8812724,5419.4694163,5415.7963049,5420.5218323,3147.527588,3137.0440565,3155.3594401,3963.1885002,3970.062792,3948.6182781,1234.009277,1234.7029027,1230.7237845,2729.1792233,2735.3598894,2717.8944936,61.88303,61.8525847,61.8604696,66.8837731,66.859797,66.8673009,57.053439,57.0167471,57.0249998,703.3126248,700.1214335,688.1521394,374.3316594,374.2385463,373.761439,328.9809654,325.8828872,314.3907004,487.247652,493.6045687,490.3387411,282.5381912,284.1579731,286.4337619,204.7094608,209.4465956,203.9049791,216.0649728,206.5168648,197.8133983,91.7934682,90.0805732,87.3276771,124.2715046,116.4362916,110.4857213,5.3146388,5.2947148,5.2082818,5.3264337,5.327438,5.3204422,5.3012813,5.2576284,5.0809431,5.3814279,5.4563375,5.4084143,4.9550651,4.9852676,5.0190291,6.1066523,6.2586936,6.0699294,5.1699418,4.9446409,4.7706899,6.9236143,6.799645,6.6255135,4.3551306,4.0829107,3.9063249,13233.4981293,13223.0245869,13212.65169,7027.8103527,7024.7377538,7025.0070559,6205.6877767,6198.2868331,6187.6446341,65.3564915,65.3105944,65.259361,70.646724,70.6221481,70.6248555,60.2473189,60.1808316,60.0775036,7033.7183098,2921.925944,4111.7923658,20246.3699999,9946.933,10299.437
2018-08-01,12563.4164176,12585.7548181,12524.4824938,6672.3428194,6689.8447095,6653.739444,5891.0735982,5895.9101086,5870.7430499,8602.4322645,8620.6461968,8550.2642945,5436.6028298,5446.5159047,5408.6364414,3165.8294346,3174.1302921,3141.6278531,3960.9841532,3965.1086213,3974.2181993,1235.7399896,1243.3288047,1245.1030026,2725.2441636,2721.7798165,2729.1151967,61.9647904,62.0695913,61.7674125,66.9830012,67.1525389,66.7901149,57.1181341,57.1603617,56.9163691,694.9944604,696.4967109,693.2218067,368.7979985,365.8111055,366.0017727,326.1964619,330.6856054,327.2200339,479.1414046,481.6736548,478.0721204,276.9788848,274.4464928,275.2150944,202.1625198,207.227162,202.8570259,215.8530558,214.8230561,215.1496863,91.8191137,91.3646127,90.7866783,124.0339421,123.4584434,124.363008,5.2419137,5.2438151,5.2446461,5.2377592,5.1846507,5.2138927,5.2466188,5.3108572,5.279477,5.2759733,5.2917681,5.2952404,4.8477277,4.7972085,4.8420528,6.0024645,6.1285198,6.0654191,5.167859,5.1393916,5.1356122,6.9163861,6.8453632,6.7959712,4.3531708,4.339125,4.3582954,13258.410878,13282.251529,13217.7043005,7041.1408179,7055.655815,7019.7412167,6217.2700601,6226.595714,6197.9630838,65.3926148,65.5045276,65.1861979,70.6853284,70.8245441,70.464034,60.28084,60.3663313,60.0887403,7059.1406993,2942.4207832,4116.7199161,20276.8449999,9962.162,10314.683
2018-09-01,12595.5457837,12601.493293,12583.3617313,6687.9977806,6696.8241309000005,6680.8108748,5907.5480031,5904.6691621,5902.5508565,8635.0836289,8647.5363103,8599.2094904,5450.5756784,5460.7805985,5431.6067558,3184.5079504,3186.7557117,3167.6027346,3960.4621549,3953.9569827,3984.1522408,1237.4221022,1236.0435323,1249.2041189,2723.0400527,2717.9134503,2734.9481219,62.0415448,62.0539394,61.9646536,67.0513802,67.1201745,66.9596787,57.2029112,57.1606309,57.1401244,686.7778904,666.0178307,644.8014992,363.1971388,341.2001998,337.1881503,323.5807516,324.817631,307.6133489,470.9358797,447.483991,429.0781274,272.1437013,250.9237887,246.0664224,198.7921784,196.5602023,183.0117051,215.8420107,218.5338397,215.7233717,91.0534375,90.2764111,91.1217279,124.7885732,128.2574287,124.6016438,5.1706155,5.0199154,4.8744598,5.1508594,4.8479543,4.8046195,5.1929717,5.2141957,4.9533851,5.1716986,4.9200989,4.752597,4.7554962,4.3931508,4.3339307,5.8756886,5.8096911,5.4620342,5.1682541,5.2374912,5.1364229,6.8539792,6.8065335,6.7984758,4.3818849,4.5063151,4.3573868,13282.3236742,13267.5111237,13228.1632305,7051.1949194,7038.0243307,7017.9990251,6231.1287547,6229.4867931,6210.1642054,65.4243884,65.3336325,65.1398704,70.6926598,70.5399175,70.3392101,60.3361504,60.3050544,60.1180005,7079.1587693,2959.3649749,4119.7937945,20307.3219999,9977.364,10329.958
2018-10-01,12623.9872929,12624.7944084,12617.6658554,6699.6672039,6696.9865102,6690.7543233,5924.320089,5927.8078982,5926.9115321,8661.9441371,8682.1587423,8639.5566808,5460.6587253,5467.7381471,5450.0839292,3201.2854118,3214.4205951,3189.4727516,3962.0431559,3942.6356661,3978.1091746,1239.0084786,1229.2483631,1240.6703941,2723.0346773,2713.387303,2737.4387805,62.0999417,62.0982517,62.0631882,67.0799318,67.0465731,66.9841798,57.2901064,57.3189461,57.3102787,679.4510574,664.7991777,634.7185867,358.2878696,350.8589419,336.1132998,321.1631878,313.9402359,298.6052869,463.8599378,440.1679414,416.4034496,268.9883855,259.0218556,247.5860106,194.8715523,181.1460858,168.817439,215.5911196,224.6312363,218.3151371,89.2994841,91.8370863,88.5272893,126.2916355,132.79415,129.7878479,5.1073342,5.0024041,4.7894671,5.0763694,4.978244,4.7832593,5.1423272,5.0296845,4.7964739,5.0829487,4.8251719,4.5981149,4.6946763,4.5230087,4.3453905,5.7380019,5.3347822,5.0268866,5.160603,5.3903732,5.2024085,6.7227997,6.9516386,6.6602049,4.4323332,4.6656952,4.5265989,13303.4383503,13289.5935861,13252.3844421,7057.9550735,7047.8454521,7026.8676231,6245.4832768,6241.748134,6225.516819,65.4422986,65.368235,65.1852124,70.6672631,70.5591813,70.3491627,60.3958591,60.3545916,60.1976429,7077.9695577,2961.6913768,4116.2781809,20330.3539999,9988.559,10341.795
2018-11-01,12648.5631516,12644.4890737,12697.9794187,6708.2727242,6698.9126799,6719.4879234,5940.2904274,5945.5763939,5978.4914953,8683.2273187,8665.7597513,8696.5082743,5467.73755,5454.3435271,5474.966526,3215.4897687,3211.4162242,3221.5417483,3965.3358329,3978.7293224,4001.4711444,1240.5351742,1244.5691528,1244.5213973,2724.8006587,2734.1601697,2756.949747,62.1373231,62.1247416,62.3875496,67.0752764,66.9906475,67.1964046,57.3679949,57.4251309,57.7430402,674.1672438,680.8067817,634.283333,355.0516604,363.8472656,342.2283491,319.1155834,316.9595161,292.0549839,459.4122693,466.4786659,438.7974379,268.268368,272.1639119,258.7608098,191.1439012,194.314754,180.0366281,214.7549745,214.3281158,195.4858951,86.7832924,91.6833537,83.4675393,127.9716822,122.6447621,112.0183558,5.0602784,5.1091307,4.757507,5.0266934,5.1516301,4.8462489,5.0981768,5.0612008,4.6575683,5.0249413,5.108043,4.8033142,4.6769193,4.7527034,4.5129598,5.6109321,5.7055227,5.2927379,5.1375672,5.1114996,4.6578007,6.5382419,6.8612297,6.2852586,4.4858708,4.2930744,3.9044824,13322.7303954,13325.2958555,13332.2627517,7063.3243846,7062.7599455,7061.7162725,6259.4060108,6262.53591,6270.5464792,65.4492367,65.4696727,65.5039024,70.6253987,70.6292027,70.6187658,60.4498343,60.4864727,60.5638425,7021.1242481,2938.0567274,4083.0675207,20353.3869999,9999.773,10353.614
2018-12-01,12672.0995514,12670.1908065,12784.291409,6716.3765453,6722.9481375,6773.133593,5955.7230061,5947.242669,6011.157816,8700.5846825,8661.4500161,8794.8935539,5473.4241277,5439.374896,5509.4405657,3227.1605547,3222.0751202,3285.4529882,3971.5148689,4008.7407903,3989.397855,1242.9524176,1283.5732415,1263.6930273,2728.5624513,2725.1675488,2725.7048278,62.1655268,62.180652,62.7406159,67.0603582,67.1558182,67.6571228,57.4376206,57.3756286,57.9922457,671.4447969,669.3433256,646.0872705,353.8059102,351.422458,345.5014678,317.6388867,317.9208676,300.5858027,458.4899467,459.0789003,444.0631138,269.9665957,266.8860569,257.9164702,188.523351,192.1928434,186.1466436,212.9548502,210.2644253,202.0241568,83.8393145,84.5364011,87.5849977,129.1155358,125.7280242,114.4391591,5.0319824,5.0177414,4.8106408,5.0041977,4.9675438,4.8534791,5.0632961,5.0744225,4.7623259,5.0058545,5.033468,4.8064206,4.7004741,4.6770742,4.4720046,5.5193442,5.6291084,5.3619848,5.0891717,4.9837441,4.8199431,6.3189506,6.1790662,6.4816415,4.5181975,4.4101238,4.0293436,13343.5443483,13339.5341321,13430.3786795,7070.1824555,7074.3705955,7118.6350609,6273.3618928,6265.1635365,6311.7436186,65.459434,65.4655437,65.9113754,70.59297,70.6661922,71.1083519,60.5009635,60.4427491,60.8921273,6946.0413203,2892.3339391,4053.7073813,20376.4199999,10010.969,10365.451
2019-01-01,12697.8894618,12714.6765458,12559.647738,6726.8213633,6743.0734878,6689.6420799,5971.0680985,5971.6030579,5870.0056581,8717.1878098,8727.4419442,8714.0256128,5479.9485859,5498.3265566,5486.7262577,3237.2392239,3229.1153876,3227.299355,3980.7016519,3987.2346016,3845.6221252,1246.8727774,1244.7469312,1202.9158221,2733.8288746,2742.4876704,2642.7063031,62.2013952,62.2915137,61.5319994,67.0642028,67.235778,66.7030088,57.5040486,57.5156265,56.5370889,672.1251676,676.1673114,723.6993861,354.5542853,346.3390257,373.7770492,317.5708823,329.8282857,349.9223369,460.5584705,459.7035533,501.5162786,272.8033523,271.2689522,294.7818313,187.7551182,188.434601,206.7344473,211.5666971,216.4637581,222.1831075,81.750933,75.0700735,78.9952179,129.8157641,141.3936846,143.1878896,5.0271087,5.049475,5.4481704,5.0068561,4.8852994,5.2917297,5.0499143,5.2341804,5.6258262,5.0182088,5.0037692,5.4420704,4.7421365,4.7016979,5.0987014,5.4819103,5.5137336,6.0201634,5.0465924,5.1493647,5.4619898,6.1530539,5.6879153,6.1623011,4.5332358,4.9028953,5.1397462,13370.0146293,13390.8438572,13283.3471242,7081.3756485,7089.4125136,7063.4191291,6288.6389808,6301.4313436,6219.9279951,65.4938419,65.6041804,65.0775343,70.5989927,70.6891549,70.4299725,60.5623978,60.6923749,59.9073736,7128.2238756,2965.5768708,4162.6470048,20411.5709999,10028.996,10382.575
2019-02-01,12725.9273617,12725.1866007,12778.1062727,6740.2307434,6740.4546053,6780.3465623,5985.6966183,5984.7319954,5997.7597104,8734.3122263,8731.1309767,8824.2726752,5488.0744928,5484.5261645,5546.8175787,3246.2377334,3246.6048122,3277.4550964,3991.6151355,3994.055624,3953.8335974,1252.1562506,1255.9284409,1233.5289835,2739.4588849,2738.1271831,2720.3046139,62.2479768,62.2358334,62.4946508,67.0966728,67.0891466,67.4861995,57.563798,57.5471157,57.6723857,676.2864733,668.723721,730.099547,356.6066346,353.4051072,376.958656,319.6798388,315.3186137,353.140891,464.6716254,460.9102915,497.8616645,275.5381798,279.7524787,295.0317295,189.1334456,181.1578128,202.829935,211.6148479,207.8134294,232.2378825,81.0684548,73.6526285,81.9269265,130.5463931,134.1608009,150.3109561,5.0460803,4.9927445,5.4048595,5.0248669,4.9818452,5.2667679,5.0699564,5.0050172,5.5604852,5.0513365,5.0142322,5.3406403,4.7806505,4.8532088,5.0503139,5.5054734,5.2850163,5.8279691,5.034577,4.9457379,5.5478719,6.0806295,5.5395365,6.2280253,4.5486464,4.6708687,5.2361925,13402.213835,13393.9103217,13508.2058197,7096.837378,7093.8597126,7157.3052183,6305.376457,6300.0506091,6350.9006014,65.5559844,65.5064006,66.0653925,70.6465688,70.6066611,71.2381474,60.6381244,60.5791106,61.0680665,6938.5141801,2889.7067816,4048.8073985,20446.7199999,10047.012,10399.708
2019-03-01,12754.829337,12748.8847161,12754.0728476,6755.8444434,6758.1470575,6770.6269168,5998.9848935,5990.7376586,5983.4459307,8751.063409,8772.7371189,8751.40046,5496.9181458,5513.9570733,5511.5758317,3254.1452631,3258.7800456,3239.8246283,4003.765928,3976.1475972,4002.6723875,1258.9262976,1244.1899842,1259.0510851,2744.8396304,2731.957613,2743.6213024,62.3024795,62.2447332,62.2700636,67.1551119,67.1447477,67.2687398,57.614038,57.5101963,57.4401968,683.1077093,683.5163515,730.1578626,359.5879283,361.2632014,380.3891951,323.519781,322.2531501,349.7686675,469.7979769,467.7571535,493.3281673,277.6437169,275.8735996,285.9276895,192.15426,191.8835539,207.4004778,213.3097324,215.759198,236.8296953,81.9442114,85.3896018,94.4615055,131.365521,130.3695962,142.3681898,5.0834269,5.0885642,5.4149019,5.0536343,5.0743417,5.3193726,5.116956,5.1046035,5.5227667,5.0949467,5.0620361,5.3363185,4.8080482,4.7647956,4.9319106,5.5756692,5.5607725,6.0164472,5.0582382,5.1470419,5.586262,6.1112696,6.4223009,6.9789898,4.567321,4.5546713,4.9330807,13437.9370463,13432.4010677,13484.2307102,7115.4323718,7119.4102589,7151.0161119,6322.5046745,6312.9908087,6333.2145983,65.6392003,65.5819108,65.8349622,70.7295233,70.7340343,71.0480504,60.7211105,60.603779,60.7979243,6997.6382896,2914.025888,4083.6124016,20481.8689999,10065.042,10416.827
2019-04-01,12783.4296961,12785.8738373,12795.2076116,6771.7384974,6759.9780598,6772.378596,6011.6911987,6025.8957775,6022.8290156,8766.000092,8762.3047756,8729.541769,5505.1408793,5492.0137474,5473.9721781,3260.8592127,3270.2910282,3255.569591,4017.4296041,4023.5690616,4065.6658425,1266.597618,1267.9643124,1298.4064179,2750.831986,2755.6047493,2767.2594246,62.3610968,62.3645248,62.4100513,67.2231606,67.0968894,67.2199723,57.6631949,57.7918913,57.7624792,691.3436981,703.9397327,712.2751876,363.3466402,371.4515961,369.3762533,327.9970579,332.4881366,342.8989343,475.2411601,485.6166055,489.7896673,279.2788358,283.1243648,280.0381948,195.9623242,202.4922408,209.7514725,216.102538,218.3231272,222.4855202,84.0678043,88.3272314,89.3380585,132.0347337,129.9958958,133.1474617,5.1306518,5.2183059,5.2731897,5.0923939,5.2086554,5.1720657,5.1737096,5.2291296,5.3866414,5.1426118,5.2510893,5.3126376,4.8281219,4.9024692,4.8668351,5.6688586,5.8308344,6.0528727,5.1045446,5.1468335,5.1883784,6.2241768,6.5124074,6.4376447,4.5799805,4.5049857,4.5906477,13474.7733942,13489.81357,13507.4827992,7135.0851376,7131.4296559,7141.7548493,6339.6882566,6358.3839141,6365.7279499,65.7336621,65.7980693,65.8842529,70.8301087,70.7837722,70.886256,60.809291,60.9806484,61.0510821,6994.3552007,2933.1951506,4061.1600501,20501.8379999,10074.95,10426.888
2019-05-01,12810.8430937,12791.9259654,12872.4207386,6786.0664698,6799.5148865,6831.2764955,6024.7766239,5992.4110789,6041.1442432,8778.9390051,8741.7503233,8742.7125328,5511.9150574,5516.5080079,5514.5858033,3267.0239477,3225.2423154,3228.1267295,4031.9040887,4050.1756421,4129.7082058,1274.1514124,1283.0068786,1316.6906921,2757.7526762,2767.1687635,2813.0175137,62.4183351,62.3333192,62.7255594,67.2817743,67.4230441,67.7379878,57.7189441,57.4153032,57.882232,700.0109357,701.0482839,690.8924491,368.0023172,372.0201579,363.0392842,332.0086185,329.0281259,327.8531649,480.5847264,485.1699766,477.6688623,280.9750923,287.78415,282.1967158,199.6096341,197.3858267,195.4721464,219.4262093,215.8783072,213.2235868,87.0272249,84.2360079,80.8425683,132.3989844,131.6422993,132.3810185,5.1811006,5.1956542,5.0938325,5.1439583,5.1874551,5.0461961,5.2229013,5.2049559,5.1476417,5.1901668,5.2582006,5.180576,4.8503439,4.9581265,4.8681612,5.7580252,5.7670836,5.7095517,5.1613541,5.0603745,4.9096693,6.3935197,6.1610127,5.7846615,4.5810393,4.5412514,4.4945028,13510.8540294,13492.9742493,13563.3131878,7154.0687871,7171.5350445,7194.3157796,6356.7852424,6321.4392048,6368.9974081,65.8290019,65.7494324,66.0921845,70.9304047,71.1119443,71.3378349,60.899674,60.5678322,61.0235033,6958.4978121,2890.5372203,4067.9605918,20521.8109999,10084.853,10436.958
2019-06-01,12834.7469325,12804.6587599,12845.567143,6796.6234387,6796.7033223,6808.4744483,6038.1234938,6007.9554376,6037.0926947,8789.1912677,8763.8541727,8761.1714143,5516.4500326,5519.6159438,5513.3380313,3272.7412351,3244.2382288,3247.833383,4045.5556648,4040.8045872,4084.3957286,1280.1734061,1277.0873785,1295.136417,2765.3822587,2763.7172088,2789.2593116,62.4591266,62.3347089,62.5338561,67.3052168,67.3290301,67.4456364,57.7765431,57.5087907,57.7876956,707.7178127,710.7620796,689.5428234,373.2036311,370.1979743,359.5806376,334.5141816,340.5641053,329.9621859,485.2118497,482.4838357,474.5567555,283.2715122,276.4217088,273.4482238,201.9403375,206.0621269,201.1085316,222.505963,228.2782439,214.9860679,89.9321189,93.7762655,86.1324137,132.5738441,134.5019784,128.8536542,5.2259159,5.2588971,5.0944752,5.2051971,5.165384,5.0164324,5.2492264,5.3644649,5.1823361,5.2317313,5.2181073,5.1382711,4.8842261,4.7691496,4.7253901,5.8117653,5.9722953,5.8310211,5.2132791,5.3472433,5.0003949,6.5638827,6.8406705,6.2357458,4.5747361,4.6408491,4.41565,13542.4647452,13515.4208395,13535.1099664,7169.8270698,7166.9012966,7168.0550859,6372.6376754,6348.5195429,6367.0548805,65.9031709,65.7947892,65.8906383,71.0009565,70.9962595,71.0076891,60.977384,60.7687066,60.9461289,7006.6700334,2926.703914,4079.9661194,20541.7799999,10094.759,10447.021
2019-07-01,12853.4915279,12837.2767161,12839.0292617,6802.0457942,6802.9324841,6803.0375981,6051.4457337,6034.344232,6035.9916636,8797.5720621,8805.9730062,8831.1960547,5518.4805831,5519.7288402,5523.9307277,3279.091479,3286.244166,3307.265327,4055.9194658,4031.3037099,4007.8332069,1283.565211,1283.203644,1279.1068704,2772.3542547,2748.100066,2728.7263366,62.4721639,62.3999419,62.4084607,67.2763228,67.292419,67.2934588,57.8303141,57.6727885,57.6885337,712.8806431,714.967619,702.0398765,377.9577275,374.8817654,374.0339963,334.9229156,340.0858536,328.0058802,488.1882473,513.3656732,508.4389651,285.9602793,291.6665143,292.8795653,202.227968,221.6991588,215.5593997,224.6923958,201.6019458,193.6009115,91.9974482,83.215251,81.154431,132.6949476,118.3866948,112.4464805,5.2547625,5.27564,5.1845232,5.2640326,5.2227844,5.2115127,5.2443405,5.335157,5.1540856,5.2573858,5.5086063,5.4438847,4.9265775,5.0188723,5.0350544,5.808946,6.3199185,6.1189363,5.2490719,4.7627318,4.6079721,6.6879867,6.0900249,5.9660913,4.5677349,4.1300276,3.9577487,13566.3721711,13552.2443351,13541.0691383,7180.0035217,7177.8142495,7177.0715945,6386.3686494,6374.4300856,6363.9975438,65.9369965,65.8752847,65.8209639,71.014552,71.0006288,70.9932827,61.0309868,60.9231333,60.8234251,7031.5088615,2932.4364054,4099.0724561,20572.5779999,10109.508,10463.07
2019-08-01,12867.0301588,12882.8121602,12823.404028,6801.9370635,6815.6476131,6780.5760039,6065.0930953,6067.1645471,6042.8280241,8804.863583,8800.9424903,8729.9066342,5517.74886,5518.4477649,5481.3856717,3287.114723,3282.4947255,3248.5209625,4062.1665758,4081.8696699,4093.4973937,1284.1882035,1297.1998482,1299.1903322,2777.9783723,2784.6698217,2794.3070616,62.4560604,62.527685,62.2393432,67.1896664,67.3198985,66.9734872,57.8827183,57.8977415,57.6655029,714.5774136,714.9504288,712.883258,381.6283622,382.4971,383.6866148,332.9490514,332.4533288,329.1966432,489.2583392,486.9560154,484.7700392,288.5416062,286.7006226,288.5245622,200.716733,200.2553928,196.2454771,225.3190744,227.9944134,228.1132188,93.086756,95.7964774,95.1620526,132.2323184,132.197936,132.9511662,5.2613611,5.2578534,5.2664608,5.3125202,5.313829,5.3555632,5.2039209,5.1948934,5.1662801,5.2641696,5.2429084,5.260847,4.9694656,4.9387303,5.0005035,5.7547716,5.7499214,5.6969168,5.255273,5.2900604,5.2784306,6.7587634,6.8770086,6.8248209,4.5437369,4.5321882,4.5418325,13581.6075723,13597.762589,13536.2872861,7183.5654257,7198.1447131,7164.2626188,6398.0421467,6399.617876,6372.0246673,65.9245911,65.9977499,65.699375,70.9593988,71.0979204,70.7632583,61.0602452,61.0702773,60.8069609,7067.0857137,2960.0063812,4107.0793326,20603.3729999,10124.269,10479.104
2019-09-01,12877.0213576,12902.8859798,12881.176574,6797.5038786,6802.971427,6787.8564441,6079.5174791,6099.9145528,6093.3201299,8811.9803769,8833.8727874,8782.4988598,5514.6393615,5528.1795328,5498.2702943,3297.3410154,3305.6932546,3284.2285655,4065.0409807,4069.0131924,4098.6777141,1282.864517,1274.7918942,1289.5861498,2782.1764637,2794.2212982,2809.0915643,62.4204192,62.5316452,62.4264343,67.058676,67.0970121,66.9479346,57.9396169,58.1212043,58.0583714,713.1271105,711.9378081,690.288659,383.61531,387.8224699,383.1020057,329.5118005,324.1153382,307.1866533,488.5537019,482.9564823,464.2620066,290.071059,290.8535697,286.1316209,198.4826429,192.1029126,178.1303857,224.5734086,228.9813257,226.0266524,93.5442511,96.9689001,96.9703848,131.0291576,132.0124256,129.0562676,5.2473828,5.2291371,5.0863237,5.3419989,5.3933192,5.3424101,5.1413683,5.0453585,4.7994114,5.2529639,5.1837,5.0208069,4.9971667,4.9983144,4.9466068,5.6777075,5.4921128,5.1447695,5.235282,5.3276319,5.226407,6.7962551,7.0689365,6.993612,4.4977655,4.5113425,4.3924362,13590.1484681,13614.8237879,13571.4652331,7181.1191886,7190.7938969,7170.9584499,6409.0292795,6424.029891,6400.5067832,65.8772507,65.9819309,65.771801,70.8431144,70.9220655,70.7264305,61.0799627,61.20944,60.9853072,7062.7047668,2968.04955,4094.6552167,20634.1699999,10139.008,10495.162
2019-10-01,12886.7049146,12853.6878146,12844.5683236,6792.2587092,6769.9963921,6763.2623035,6094.4462054,6083.6914225,6081.3060202,8819.8236843,8812.2304857,8767.5257152,5511.2474686,5508.5016513,5490.9575049,3308.5762157,3303.7288344,3276.5682103,4066.8812303,4041.4573288,4077.0426084,1281.0112406,1261.4947407,1272.3047986,2785.8699898,2779.9625881,2804.7378098,62.3815648,62.21767,62.1735275,66.9185699,66.6947079,66.628367,57.9990492,57.893058,57.8703583,709.5492036,719.8521615,686.3439166000001,383.3551818,389.097682,371.6718717,326.1940218,330.7544796,314.6720449,486.8619314,491.4386067,464.1742089,289.8979282,291.8623144,278.0932878,196.9640031,199.5762923,186.0809211,222.6872723,228.4135548,222.1697077,93.4572536,97.2353675,93.5785839,129.2300187,131.1781873,128.5911238,5.218711,5.3033487,5.0724142,5.3424723,5.4350128,5.2091843,5.0803971,5.1563999,4.9198425,5.2313138,5.2822021,5.028047,4.9972533,5.0317931,4.820434,5.6186491,5.6968002,5.3739468,5.1913677,5.3494253,5.167684,6.7995195,7.1563416,6.8511401,4.4331247,4.506075,4.3837949,13596.2541182,13573.5399761,13530.9122403,7175.613891,7159.094074,7134.9341752,6420.6402273,6414.4459021,6395.9780651,65.8163287,65.7020805,65.4957429,70.695455,70.5279088,70.2898973,61.1033416,61.040553,60.8648111,7128.3117595,3015.7908247,4112.5209348,20659.2239999,10150.725,10508.499
2019-11-01,12897.5009268,12874.2083598,12933.3571441,6789.2556689,6778.3637152,6805.1640543,6108.2452579,6095.8446445,6128.1930898,8827.7466024,8802.9806407,8837.0613011,5508.9997635,5496.3818209,5521.6605938,3318.7468389,3306.5988199,3315.4007073,4069.7543243,4071.227719,4096.295843,1280.2559054,1281.9818944,1283.5034605,2789.498419,2789.2458246,2812.7923825,62.3464604,62.2415108,62.5274708,66.799321,66.7004617,66.9641824,58.0457227,57.9349049,58.2423445,705.3359732,702.2835015,654.1221988,380.7740669,374.1100777,351.2937655,324.5619063,328.1734237,302.8284333,484.9788786,487.2319741,457.8702608,287.9939635,287.072781,271.993352,196.9849151,200.1591931,185.8769087,220.3570946,215.0515274,196.251938,92.7801035,87.0372967,79.3004135,127.5769911,128.0142307,116.9515246,5.1852123,5.1727906,4.8141541,5.3106344,5.2304991,4.908766,5.0454164,5.1085383,4.7088698,5.2077008,5.2445729,4.9260208,4.9679882,4.9636904,4.6946772,5.6029563,5.7078131,5.3088309,5.1363956,5.0172076,4.571922,6.7572957,6.3576389,5.8189161,4.3734554,4.3881666,3.9918685,13602.8369,13576.4918612,13587.479343,7170.0297358,7152.473793,7156.4578198,6432.8071642,6424.0180683,6431.0215231,65.7560513,65.6367631,65.6898831,70.5457477,70.3817801,70.4209837,61.1299849,61.0538649,61.1204258,7096.8006568,3005.9361801,4090.8644768,20684.2799999,10162.394,10521.886
2019-12-01,12908.3623039,12923.9936994,13038.2948238,6789.2230001,6803.2963987,6851.4139533,6119.1393038,6120.6973007,6186.8808705,8834.8256721,8810.799727,8945.1485415,5508.2520988,5474.0101467,5542.4606415,3326.5735733,3336.7895804,3402.6879,4073.5366319,4113.1939723,4093.1462823,1280.9709013,1329.286252,1308.9533118,2792.5657305,2783.9077203,2784.1929705,62.3098434,62.4066089,62.9585393,66.7073946,66.8686931,67.3416341,58.0629914,58.0974687,58.7256811,702.374154,685.8019617,661.1436749,377.1244088,374.5681733,367.8287932,325.2497452,311.2337884,293.3148817,483.7270008,479.1516328,461.8876803,285.0616386,284.6536635,275.2269414,198.6653622,194.4979693,186.6607389,218.6471531,206.6503289,199.2559947,92.0627702,89.9145098,92.6018518,126.5843829,116.7358191,106.6541428,5.160442,5.039032,4.826064,5.2624355,5.2183789,5.095116,5.0470222,4.8388856,4.5263275,5.19101,5.157741,4.9100234,4.9205282,4.9430506,4.7308649,5.6355148,5.5078485,5.200407,5.0940771,4.7837448,4.6420625,6.7050628,6.3355737,6.6070786,4.3363437,4.02448,3.6893733,13610.7364579,13609.795661,13699.4384988,7166.3474089,7177.864572,7219.2427466,6444.3890489,6431.931089,6480.1957522,65.7002676,65.7181685,66.1510304,70.4128241,70.5502737,70.9569743,61.1492054,61.0516901,61.5098168,7009.8965011,2954.8702533,4055.0262477,20709.3349999,10174.113,10535.222
2020-01-01,12916.6093034,12931.0844705,12762.1034711,6789.7686372,6785.9505564,6723.1263425,6126.8406663,6145.1339141,6038.9771285,8837.9003867,8854.0399289,8824.1406299,5506.5203147,5508.6373505,5488.4130778,3331.380072,3345.4025785,3335.7275521,4078.7089167,4077.0445416,3937.9628411,1283.2483224,1277.313206,1234.7132647,2795.4605943,2799.7313356,2703.2495764,62.2617431,62.3428727,61.5281877,66.6219587,66.5964179,65.9798694,58.0513486,58.2354716,57.2294576,703.3604866,716.3259222,768.8727914,374.8848566,377.8328254,408.939128,328.47563,338.4930968,359.9336634,484.7219841,498.5433392,543.6540457,283.0458382,284.4932287,310.3632752,201.6761459,214.0501104,233.2907705,218.6385025,217.782583,225.2187456,91.8390184,93.3395966,98.5758528,126.7994841,124.4429864,126.6428929,5.1641854,5.2488047,5.6823157,5.2324213,5.2742078,5.7338106,5.0884514,5.2207367,5.6249208,5.1994167,5.3305416,5.8034368,4.8888955,4.910872,5.3522201,5.7082631,6.0135681,6.5365529,5.0877549,5.0708114,5.4097747,6.6787771,6.8098644,7.3934341,4.3390896,4.2556624,4.4751839,13619.96979,13647.4103927,13530.9762625,7164.6534938,7163.7833818,7132.0654705,6455.3162962,6483.6270109,6398.9107919,65.6521414,65.7963971,65.2350491,70.3003702,70.3044191,69.9931437,61.1636301,61.4432626,60.640434,7210.9047373,3057.5975294,4153.307208,20741.8809999,10189.663,10552.218
2020-02-01,12920.8222894,12930.6615522,12982.4101657,6788.4145849,6794.640334,6832.2860598,6132.4077045,6136.0212182,6150.1241058,8834.522550400001,8835.0472119,8926.1224656,5501.4415455,5506.9395073,5566.6704812,3333.0810049,3328.1077046,3359.4519844,4086.299739,4095.6143403,4056.2876999,1286.9730394,1287.7008266,1265.6155786,2799.3266996,2807.9135137,2790.6721213,62.2008279,62.2431713,62.4922689,66.5241999,66.5802107,66.9490986,58.0263198,58.0555124,58.1889459,709.3038267,696.7657758,760.4604823,375.9787792,375.8144262,401.9919154,333.3250474,320.9513496,358.4685669,488.8163534,470.3642348,507.3635167,283.9199147,281.7725422,296.8754832,204.8964387,188.5916926,210.4880334,220.4874732,226.401541,253.0969656,92.0588645,94.041884,105.1164322,128.4286087,132.359657,147.9805335,5.2039418,5.1129664,5.5334908,5.2478802,5.2411519,5.5567662,5.1552556,4.9706166,5.5076202,5.2429324,5.0547387,5.3783248,4.9075571,4.8676206,5.0630708,5.7913438,5.362747,5.8961224,5.1195349,5.238332,5.8731579,6.6756153,6.8060344,7.6686348,4.3865896,4.5016109,5.0356592,13630.126116,13627.427328,13742.870648,7164.3933641,7170.4547601,7234.2779753,6465.7327519,6456.9725678,6508.5926727,65.6154159,65.5971305,66.1528297,70.2086666,70.2627903,70.8881895,61.1803217,61.09217,61.5805698,7031.5553518,2970.9170246,4060.6383272,20774.4259999,10205.195,10569.231
2020-03-01,12921.2628787,12925.717704,12934.8357912,6783.3493287,6800.3409966,6814.190471,6137.91355,6125.3767074,6120.6453202,8824.9524152,8829.2085109,8809.2009197,5492.0377209,5506.802984,5504.4169603,3332.9146943,3322.405527,3304.7839595,4096.3104635,4096.5091931,4125.6348714,1291.3116078,1293.5380126,1309.7735108,2804.9988557,2802.9711805,2815.8613607,62.1357897,62.1220537,62.165876,66.4041321,66.5347225,66.6702261,58.0146216,57.8617329,57.8170391,719.7680046,708.685285,756.9447892,380.9761094,374.9322002,395.0360307,338.7918952,333.7530848,361.9087585,495.7907434,491.1426596,519.3109298,288.3901587,284.953162,295.7457465,207.4005846,206.1894977,223.5651833,223.9772612,217.5426254,237.6338594,92.5859506,89.9790383,99.2902842,131.3913106,127.5635871,138.3435752,5.2764927,5.1977728,5.5284613,5.3176829,5.2253369,5.4795897,5.2309295,5.1671525,5.5828113,5.319219,5.2695725,5.5669215,4.9890798,4.9199786,5.0989216,5.8582518,5.843388,6.3362546,5.1843135,5.0426521,5.4462348,6.6902315,6.5036451,7.0465429,4.4745862,4.3529116,4.6829376,13641.0308833,13634.4029891,13691.7805805,7164.3254381,7175.2731968,7209.2265017,6476.7054452,6459.1297922,6482.5540787,65.5970112,65.528053,65.8038144,70.1336154,70.2030694,70.5352695,61.2168309,61.0144422,61.2357134,7115.1904194,3011.5134982,4103.6769212,20806.9709999,10220.74,10586.231
2020-04-01,12258.8217629,12347.1026067,12347.3395012,6488.5951702,6536.0388818,6542.0364549,5770.2265927,5811.0637249,5805.3030463,8507.027638,8600.5202158,8565.5059089,5334.0560935,5380.69072,5359.6197893,3172.9715445,3219.8294958,3205.8861196,3751.7941249,3746.5823909,3781.8335922,1154.5390767,1155.3481619,1182.4166655,2597.2550482,2591.234229,2599.4169267,58.9044762,59.3202391,59.3213772,63.4697552,63.924954,63.9836125,54.4966966,54.8743303,54.8199318,885.3086494,830.1736195,841.841387,463.2748737,458.483636,457.7429946,422.0337757,371.6899834,384.0983923,657.6131011,620.0929669,628.2273152,370.6085092,365.4585507,363.3467458,287.0045919,254.6344162,264.8805694,227.6955483,210.0806526,213.6140718,92.6663646,93.0250853,94.3962488,135.0291837,117.0555673,119.2178229,6.7353916,6.3000396,6.3828178,6.6640324,6.5548954,6.5393917,6.8155044,6.0117223,6.2057437,7.175547,6.725073,6.8332124,6.4965872,6.3600602,6.3489231,8.2949876,7.3287397,7.6317596,5.7217273,5.3095412,5.3464365,7.4299198,7.4517045,7.3931151,4.9419889,4.3221212,4.3852093,13144.1304123,13177.2762262,13189.1808882,6951.8700439,6994.5225179,6999.7794496,6192.2603684,6182.7537083,6189.4014387,63.1584448,63.3087131,63.3659077,68.0013899,68.4090989,68.4605137,58.4825794,58.384228,58.447003,7625.1361116,3224.7705503,4400.3655612,20814.3169999,10224.55,10589.767
2020-05-01,12261.5568705,12051.7260627,12126.6786844,6481.426187,6410.6838564,6438.5862075,5780.1306835,5641.0422063,5688.0924769,8497.9910729,8480.2058383,8483.3259562,5322.5421371,5309.7108031,5308.8484209,3175.4489358,3170.4950353,3174.4775354,3763.5657976,3571.5202244,3643.352728,1158.8840499,1100.9730533,1129.7377866,2604.6817477,2470.547171,2513.6149415,58.8907373,57.8807113,58.2406855,63.3704619,62.6755545,62.9483484,54.5655479,53.251048,53.6951993,901.5956647,905.7492634,893.9868176,476.3228787,483.7391279,474.0923257,425.272786,422.0101355,419.8944919,670.754723,673.501578,665.0953546,384.0986772,387.1997032,381.5529643,286.6560457,286.3018748,283.5423902,230.8409418,232.2476854,228.8914631,92.2242015,96.5394247,92.5393614,138.6167403,135.7082607,136.3521017,6.8493901,6.9901678,6.8659073,6.8459336,7.0163831,6.8583014,6.8532657,6.9603578,6.8745152,7.315665,7.3576918,7.270056,6.7307316,6.7966612,6.705203,8.2798196,8.282288,8.1995592,5.7791046,6.105727,5.9110803,7.3714006,8.0616634,7.5710621,5.0529223,5.2070207,5.1454263,13163.1525352,12957.4753261,13020.665502,6957.7490657,6894.4229843,6912.6785332,6205.4034695,6063.0523418,6107.9869688,63.2209895,62.2307447,62.5342276,68.0275852,67.4049436,67.5834232,58.580205,57.2347945,57.6589743,7800.9964978,3315.6854667,4485.3110311,20821.6619999,10228.364,10593.298
2020-06-01,12379.2920821,12279.9168541,12321.3282116,6584.1698118,6501.3162383,6513.3704637,5795.1222704,5778.6006158,5807.9577479,8497.8930151,8452.3095135,8454.8533113,5316.8720026,5291.8580218,5289.0962714,3181.0210125,3160.4514917,3165.7570399,3881.399067,3827.6073406,3866.4749002,1267.2978091,1209.4582165,1224.2741922,2614.1012579,2618.1491241,2642.200708,59.4443588,58.9558411,59.1546569,64.3617389,63.537982,63.6557891,54.6965288,54.5313824,54.8084192,914.9013533,984.3675859,957.4946199,488.319995,517.3085829,504.693671,426.5813583,467.059003,452.8009489,681.9452087,723.8526766,712.0031077,396.8591394,403.0234662,399.163167,285.0860693,320.8292104,312.8399407,232.9561446,260.5149093,245.4915122,91.4608555,114.2851167,105.530504,141.4952891,146.2297926,139.9610082,6.8819621,7.4211888,7.210689,6.9044991,7.370512,7.1913517,6.8563433,7.4781373,7.2323655,7.428728,7.8884033,7.7671458,6.945709,7.0769421,7.0173165,8.2249643,9.2158386,8.9932793,5.6620329,6.3724833,5.9701731,6.7312068,8.6334801,7.9357897,5.1348333,5.2897883,5.0306568,13294.1934354,13264.28444,13278.8228316,7072.4898067,7018.6248212,7018.0641347,6221.7036287,6245.6596189,6260.7586969,63.837641,63.6817867,63.7515854,69.1351766,68.593688,68.5882083,58.722763,58.9389154,59.0814021,7550.1851683,3214.1088653,4336.076303,20829.0079999,10232.173,10596.835
2020-07-01,12409.6141208,12416.4455663,12413.1757958,6594.2919679,6563.9529623,6562.0194222,5815.3221529,5852.492604,5851.1563736,8509.7123855,8509.4398939,8534.4494816,5320.3146607,5314.9020234,5318.4313364,3189.3977248,3194.5378705,3216.0181451,3899.9017353,3907.0056724,3878.7263142,1273.9773072,1249.0509389,1243.5880857,2625.9244281,2657.9547335,2635.1382285,59.5882737,59.6201883,59.6044878,64.4585972,64.160345,64.1414453,54.8857963,55.2363577,55.2237462,924.330145,997.3924328,982.2628854,497.0327323,521.7467406,521.6569869,427.2974127,475.6456923,460.6058985,689.5494733,722.5445422,718.1516686,405.9216453,409.8946338,412.2232207,283.627828,312.6499083,305.928448,234.7806717,274.8478907,264.1112168,91.1110871,111.8521067,109.4337662,143.6695846,162.9957839,154.6774505,6.9321585,7.4355485,7.3328161,7.0090252,7.3633764,7.3642125,6.8448415,7.5163606,7.29758,7.4957044,7.8265355,7.7616192,7.0888036,7.1599859,7.1933008,8.166592,8.9145472,8.6863455,5.6783242,6.572394,6.3751285,6.6743727,8.2189622,8.0881004,5.1873879,5.7780448,5.5443609,13333.9442658,13413.8379991,13395.4386812,7091.3247002,7085.6997028,7083.6764091,6242.6195655,6328.1382963,6311.7622721,64.0267065,64.4093789,64.3210307,69.3170464,69.2602369,69.2404599,58.918687,59.725545,59.5709866,7430.4693186,3146.8685909,4283.6007278,20825.9079999,10230.545,10595.363
2020-08-01,12547.9672936,12552.010619,12499.6801067,6615.8825771,6611.8782956,6579.3865957,5932.0847165,5940.1323233,5920.293511,8533.4699616,8542.9954368,8475.7450273,5333.3587458,5332.4458915,5297.4860938,3200.1112158,3210.5495453,3178.2589335,4014.497332,4009.0151822,4023.9350794,1282.5238313,1279.4324041,1281.9005018,2731.9735007,2729.5827781,2742.0345775,60.2557326,60.2801199,60.0288064,64.6731328,64.6390844,64.3214389,55.9905155,56.0713257,55.8840591,928.4699044,914.9496298,914.6506642,500.4175023,492.5403189,495.3515815,428.0524021,422.4093109,419.2990827,691.5845361,678.3765574,678.121371,409.0616117,401.7904982,405.4510595,282.5229245,276.5860591,272.6703115,236.8853683,236.5730724,236.5292933,91.3558906,90.7498206,89.900522,145.5294777,145.8232518,146.6287713,6.8895799,6.7940323,6.8184592,7.0319899,6.932873,7.0016949,6.7302386,6.6390027,6.6139752,7.4968071,7.3565686,7.4080322,7.1235052,7.0068702,7.109513,8.1123343,7.9316118,7.9013591,5.5719606,5.5722095,5.5517256,6.6494824,6.6231935,6.5534666,5.0574918,5.0713969,5.0760076,13476.4371981,13466.9602487,13414.330771,7116.3000794,7104.4186145,7074.7381772,6360.1371186,6362.5416342,6339.5925938,64.7142742,64.6740991,64.4213499,69.5649318,69.4542601,69.164098,60.0307266,60.058619,59.8419937,7408.4722288,3154.1788227,4254.2934061,20822.8029999,10228.917,10593.886
2020-09-01,12604.1658126,12519.6989871,12497.6805066,6646.5261869,6587.010289,6573.9997861,5957.6396257,5932.6886981,5923.6807205,8567.5731896,8509.2209632,8459.6378878,5354.0214013,5296.5901713,5268.4170152,3213.5517883,3212.630792,3191.2208726,4036.592623,4010.4780238,4038.0426188,1292.5047857,1290.4201177,1305.5827709,2744.0878373,2720.0579061,2732.4598479,60.5302023,60.1338981,60.0281402,64.9781301,64.4061574,64.2789439,56.23549,56.0088975,55.9238556,925.8788034,932.0068514,900.8349591,497.559968,509.2675538,500.5160365,428.3188355,422.7392975,400.3189226,686.9381121,696.8107553,668.5102389,405.5535603,418.2469129,410.4253155,281.3845518,278.5638424,258.0849233,238.9406913,235.196096,232.3247202,92.0064077,91.0206409,90.0907209,146.9342837,144.1754551,142.2339993,6.8431319,6.9285402,6.7233938,6.9646412,7.1765447,7.0749158,6.7071973,6.6516259,6.3301541,7.4227378,7.5690675,7.323613,7.04138,7.3186148,7.2272708,8.0512068,7.9790407,7.482228,5.5885588,5.5396644,5.4403919,6.6454073,6.5888197,6.4549998,5.0824337,5.033649,4.9477964,13530.044616,13451.7058384,13398.5154657,7144.0861549,7096.2778429,7074.5158227,6385.9584611,6355.4279956,6323.9996431,64.9766395,64.6104598,64.3549789,69.8424028,69.3856496,69.1728659,60.278487,59.999864,59.7031575,7421.1875341,3152.7831773,4268.4043568,20819.7029999,10227.299,10592.404
2020-10-01,12663.538791,12657.9827954,12651.0764108,6681.0465344,6684.9854875,6679.1395948,5982.4922566,5972.9973079,5971.9368161,8608.6174576,8590.8307902,8547.3755723,5378.1219197,5380.8023593,5363.7316208,3230.495538,3210.0284309,3183.6439516,4054.9213334,4067.1520052,4103.7008384,1302.9246147,1304.1831282,1315.4079739,2751.9967186,2762.968877,2788.2928645,60.8181051,60.7935251,60.7603553,65.3191027,65.3598656,65.3027097,56.4721579,56.3846653,56.3746543,916.9914125,945.4576613,902.5407602,489.6009006,497.1001742,474.1346389,427.3905118,448.3574871,428.4061213,676.4169099,669.7038083,633.3607694,396.5590174,391.3983192,372.3519386,279.8578925,278.305489,261.0088308,240.5745026,275.7538531,269.1799908,93.0418833,105.701855,101.7827003,147.5326194,170.0519981,167.3972905,6.7522505,6.9501364,6.6590398,6.8278479,6.9213902,6.6282184,6.6676806,6.982288,6.693487,7.2850232,7.231805,6.8988014,6.8672022,6.7807469,6.4913967,7.9723566,7.978178,7.5772174,5.6006224,6.3495241,6.1556672,6.6650513,7.497197,7.1820047,5.0881575,5.7978448,5.6635602,13580.5302035,13603.4404567,13553.6171711,7170.647435,7182.0856617,7153.2742336,6409.8827684,6421.354795,6400.3429374,65.222062,65.3343517,65.0950613,70.1058216,70.2200707,69.9383781,60.5065408,60.6171277,60.4187773,7267.6508288,3074.6927663,4192.9580625,20821.2679999,10227.967,10593.301
2020-11-01,12736.5684844,12741.9334254,12802.8937298,6713.792171,6720.9199145,6753.1842617,6022.7763134,6021.0135109,6049.709468,8668.380384,8660.5162365,8695.594341,5401.2635528,5406.0292519,5434.572256,3267.1168313,3254.4869847,3261.022085,4068.1881003,4081.4171889,4107.2993887,1312.5286182,1314.8906626,1318.6120057,2755.6594821,2766.5265263,2788.687383,61.1672901,61.1921281,61.4848852,65.6376919,65.7068964,66.0223279,56.8508929,56.8331438,57.1040087,903.751027,931.3905817,865.6896118,478.8474882,470.0524913,440.8969506,424.9035388,461.3380904,424.7926611,662.0252992,663.5819604,621.6118145,384.3143576,378.0307234,356.7023587,277.7109416,285.5512371,264.9094558,241.7257277,267.8086212,244.0777972,94.5331306,92.0217679,84.1945919,147.1925972,175.7868534,159.8832053,6.6255855,6.8117349,6.333426,6.6574653,6.5367028,6.1286068,6.5900223,7.1168323000000004,6.5610089,7.0953539,7.1168487,6.6716546,6.642627,6.5357331,6.1593066,7.8342577,8.066332,7.5131764,5.6085977,6.1576159,5.609208,6.7184778,6.5406891,6.0018674,5.07062,5.9744436,5.4223971,13640.3195113,13673.3240071,13668.5833416,7192.6396592,7190.9724057,7194.0812124,6447.6798521,6482.3516014,6474.5021292,65.5075487,65.6650578,65.6422911,70.319166,70.3023522,70.3327453,60.8616919,61.1877751,61.1136829,7154.2476583,3034.5557876,4119.6918707,20822.8309999,10228.637,10594.194
2020-12-01,12786.8232404,12797.6270688,12908.7696287,6742.1999621,6739.3494025,6786.0885434,6044.6232783,6058.2776663,6122.6810854,8709.0799213,8705.0125,8833.8838025,5421.4013632,5414.8400996,5480.7932925,3287.6785581,3290.1724004,3353.09051,4077.7433191,4092.6145688,4074.8858262,1320.7985989,1324.5093029,1305.2952508,2756.9447202,2768.1052659,2769.5905754,61.3997552,61.4549795,61.9886928,65.9052201,65.8828207,66.3397352,57.0494525,57.1800113,57.7878719,880.7114828,898.2931596,859.8140144,466.9446126,477.4133307,465.4163775,413.7668702,420.8798289,394.3976369,638.8648001,646.4596202,618.0379953,370.9259159,377.5754423,363.1523464,267.9388842,268.8841779,254.8856488,241.8466827,251.8335394,241.7760191,96.0186968,99.8378884,102.264031,145.827986,151.995651,139.5119881,6.4438211,6.5588376,6.2447528,6.4771154,6.6153392,6.418204,6.4066565,6.4959037,6.051755,6.8342809,6.9129182,6.5387549,6.4037458,6.5184454,6.2141637,7.53565,7.5549284,7.0645048,5.5988342,5.796675,5.6009951,6.7770698,7.0093787,7.2653445,5.023748,5.2051506,4.7957054,13667.5347232,13695.9202283,13768.5836432,7209.1445747,7216.7627332,7251.5049208,6458.3901485,6479.1574951,6517.0787223,65.6287547,65.7686376,66.1175717,70.4696186,70.5499384,70.8895726,60.9546046,61.1524132,61.5103262,7055.8103566,2977.7920791,4078.0182776,20824.3939999,10229.297,10595.097
2021-01-01,12831.5901425,12841.1575226,12647.5696229,6765.4680241,6776.657528,6690.0421218,6066.1221184,6064.4999946,5957.5275011,8746.2301749,8769.4047118,8704.6400031,5438.4174288,5448.1408679,5406.6721663,3307.8127461,3321.263844,3297.9678369,4085.3599676,4071.7528108,3942.9296197,1327.0505953,1328.5166602,1283.3699555,2758.3093723,2743.2361507,2659.5596642,61.5986166,61.6453422,60.7160029,66.1137475,66.2245628,65.3781179,57.2388302,57.2238384,56.2144598,861.0181423,859.9032418,923.5094644,454.537559,456.8663964,494.7896912,406.4805833,403.0368453,428.7197732,620.2264598,602.3891476,656.5419168,357.2259471,344.3154753,375.5863061,263.0005127,258.0736723,280.9556107,240.7916825,257.5140942,266.9675476,97.3116119,112.5509211,119.2033851,143.4800706,144.963173,147.7641625,6.2881967,6.27618,6.8049818,6.2955292,6.3159589,6.886587,6.2800175,6.23169,6.7131721,6.6217833,6.4276824,7.0134511,6.1636979,5.9442049,6.4954949,7.3652833,7.210096,7.8502828,5.5659557,5.9482148,6.3414268,6.8319428,7.8102459,8.4989057,4.9445376,5.019154,5.263524,13692.6082849,13701.0607644,13571.0790873,7220.0055831,7233.5239245,7184.8318129,6472.6027018,6467.5368399,6386.2472743,65.7319723,65.7733991,65.1494082,70.5555957,70.6892679,70.2134266,61.0743074,61.026842,60.2598042,7259.6229126,3048.014187,4211.6087256,20830.7019999,10232.846,10597.856
2021-02-01,12872.997416,12893.4324298,12949.5550506,6783.7296288,6775.1952759,6812.6766531,6089.2677872,6118.237154,6136.8783975,8779.5997637,8828.3353445,8920.2850138,5452.5075817,5453.7446537,5512.5009123,3327.092182,3374.5906908,3407.7841015,4093.3976523,4065.0970853,4029.2700368,1331.2220471,1321.4506221,1300.1757408,2762.1756052,2743.6464632,2729.094296,61.7758911,61.8775674,62.1469085,66.2664296,66.1872918,66.5534496,57.4395115,57.7159134,57.8917641,803.6997664,800.7241553,870.8070409,442.049761,438.2576967,467.8188522,361.6500054,362.4664586,402.9881886,565.1773282,570.0283614,612.3827926,343.7012217,341.9500937,359.9372276,221.4761065,228.0782677,252.445565,238.5224382,230.6957939,258.4242482,98.3485393,96.307603,107.8816247,140.1738989,134.3881909,150.5426236,5.8764171,5.8471958,6.3008989,6.1176759,6.0755605,6.4256458,5.6061791,5.5930109,6.1620246,6.0480558,6.0651873,6.4240442,5.9297591,5.9000708,6.1292638,6.2412807,6.3308139,6.896987,5.5061597,5.3702727,6.0271146,6.8795861,6.7929497,7.661735,4.8296698,4.6694431,5.2278335,13676.6971824,13694.1565851,13820.3620915,7225.7793898,7213.4529725,7280.4955054,6450.9177926,6480.7036126,6539.8665861,65.632745,65.7203659,66.3260456,70.5845644,70.4686577,71.1236003,60.8509232,61.1352125,61.6933218,7016.6439083,2955.9034945,4060.7404138,20837.0059999,10236.399,10600.607
2021-03-01,12911.8206167,12953.1079005,12970.5524496,6798.0880163,6790.109166,6805.9026219,6113.7326004,6162.9987345,6164.6498277,8808.7566472,8796.4369085,8779.3534951,5464.5542856,5449.4393709,5447.4593593,3344.2023616,3346.9975376,3331.8941358,4103.0639695,4156.670992,4191.1989544,1333.5337307,1340.6697951,1358.4432625,2769.5302388,2816.0011969,2832.7556919,61.9389315,62.1451429,62.2288367,66.3782243,66.3100354,66.4642692,57.6515321,58.1230023,58.1385737,769.7963173,778.9790438,828.4664471,419.084187,425.7326634,446.8481926,350.7121303,353.2463804,381.6182545,534.0889519,539.2498547,568.3618125,320.0595225,322.4415335,333.2010917,214.0294294,216.8083212,235.1607208,235.7073653,239.729189,260.1046346,99.0246645,103.2911298,113.6471009,136.6827008,136.4380592,146.4575337,5.626501,5.6726923,6.0038069,5.8067644,5.8999722,6.1610857,5.4252476,5.4210112,5.8295543,5.7165555,5.7762205,6.0802217,5.5329454,5.5864204,5.7640661,6.0150502,6.0836176,6.5925737,5.4325833,5.4528519,5.8433362,6.9124348,7.1533189,7.7201172,4.7031206,4.6211978,4.9159802,13681.616934,13732.0869443,13799.0188967,7217.1722033,7215.8418294,7252.7508145,6464.4447307,6516.2451149,6546.2680822,65.6316998,65.8824517,66.2035712,70.4702666,70.4676045,70.8280458,60.958692,61.4544552,61.7376007,7044.2961031,2987.1911854,4057.1049177,20843.3149999,10239.942,10603.373
2021-04-01,12947.54624,12948.3107796,12947.4683894,6808.8334458,6805.7324533,6813.7362935,6138.7127942,6142.5783263,6133.7320959,8833.6070393,8821.4661289,8785.445907,5474.5964852,5473.8885082,5451.6969662,3359.0105541,3347.5776207,3333.7489407,4113.9392008,4126.8446507,4162.0224824,1334.2369606,1331.8439451,1362.0393272,2779.7022401,2795.0007056,2799.9831551,62.0875449,62.0927338,62.0886941,66.4547837,66.4263971,66.5045174,57.8691064,57.907017,57.8236223,744.5575797,748.367365,762.1962451,405.09447,407.7223848,410.0604382,339.4631097,340.6449802,352.1358069,511.9612452,513.0604232,522.538671,306.1520701,307.4500013,307.6808467,205.8091751,205.6104218,214.8578243,232.5963345,235.3069419,239.6575741,98.9423999,100.2723835,102.3795915,133.6539346,135.0345584,137.2779826,5.437861,5.4638603,5.5595543,5.6154494,5.6522484,5.6765224,5.2401033,5.2542534,5.4292781,5.4781179,5.4963733,5.6138756,5.2960627,5.3179727,5.3422584,5.7733403,5.7866462,6.0547093,5.3513041,5.3942862,5.4446841,6.9036998,7.0016926,6.991141,4.5876277,4.6086325,4.6736731,13692.1038198,13696.6781447,13709.6646345,7213.9279158,7213.4548381,7223.7967317,6478.1759039,6483.2233066,6485.8679028,65.657932,65.681478,65.7437538,70.4085396,70.4059142,70.5068548,61.0691953,61.1183289,61.1432599,7143.5173653,3021.7272682,4121.7900971,20853.1819999,10245.524,10607.658
2021-05-01,12979.9823124,13038.8465905,13123.7651334,6816.6304807,6831.8984407,6865.1656325,6163.3518317,6206.9481498,6258.5995009,8855.8455969,8902.0805545,8905.1663579,5483.1949238,5490.954239,5490.7178535,3372.6506731,3411.1263155,3414.4485044,4124.1367155,4136.766036,4218.5987754,1333.4355569,1340.9442017,1374.447779,2790.7011585,2795.8218343,2844.1509965,62.2218305,62.4973085,62.9043368,66.504152,66.6454765,66.9699995,58.0847635,58.4901918,58.9769201,718.8188613,702.3935552,692.7254482,389.7151303,388.2179911,379.9317847,329.103731,314.1755641,312.7936635,489.6736345,488.3406112,481.9559186,292.043002,293.9733702,289.7241135,197.6306325,194.367241,192.2318051,229.1452268,214.052944,210.7695296,97.6721282,94.2446209,90.2076712,131.4730985,119.8083231,120.5618584,5.2473122,5.1115732,5.0137583,5.4079439,5.3768938,5.2439845,5.0690178,4.8178133,4.7599292,5.2396622,5.2004122,5.1342244,5.0568133,5.0817122,5.0121447,5.5354359,5.3908636,5.329882,5.263735,4.9198311,4.7584557,6.8249321,6.5667053,6.1589687,4.4991533,4.1091742,4.0665611,13698.8011737,13741.2401457,13816.4905817,7206.345611,7220.1164318,7245.0974173,6492.4555627,6521.1237139,6571.3931644,65.6676152,65.8639948,66.2246824,70.306276,70.4325605,70.6762511,61.1863084,61.4507754,61.9244816,7046.5624182,3006.0085827,4040.5538355,20863.0529999,10251.106,10611.947
2021-06-01,13007.9651539,13059.446268,13103.8243452,6822.5049578,6863.1220312,6876.9240771,6185.460196,6196.3242367,6226.9002681,8877.2908098,8937.6009134,8942.8063064,5491.2609245,5539.9810185,5538.3619318,3386.0298853,3397.619895,3404.4443745,4130.6743441,4121.8453546,4161.0180387,1331.2440333,1323.1410128,1338.5621452,2799.4303107,2798.7043418,2822.4558935,62.3343055,62.5664588,62.7790696,66.5346558,66.9135364,67.0481026,58.2758445,58.3665936,58.6546061,694.9666931,690.3321563,670.3148601,374.5409001,376.9973624,366.7826212,320.425793,313.3347939,303.5322389,469.3154562,465.4729549,458.2720229,279.1167226,277.5731614,274.5722895,190.1987336,187.8997934,183.6997334,225.6512369,224.8592015,212.0428372,95.4241776,99.424201,92.2103317,130.2270594,125.4350005,119.8325055,5.0716642,5.0206784,4.8664737,5.2040922,5.20706,5.0634659,4.9251677,4.8133826,4.6479653,5.0212392,4.9502212,4.8746751,4.8370616,4.7713034,4.7234715,5.3184165,5.2405177,5.1196309,5.1798524,5.173096,4.8488426,6.6886033,6.9890786,6.4447935,4.4451293,4.2896383,4.0727655,13702.931847,13749.7784243,13774.1392053,7197.045858,7240.1193936,7243.7066983,6505.885989,6509.6590307,6530.432507,65.6645932,65.8737689,65.9904789,70.1872658,70.5891562,70.6241314,61.2947118,61.3180668,61.5137436,7098.7797945,3012.9953016,4085.7844929,20872.9189999,10256.702,10616.217
2021-07-01,13031.9394435,13084.9902787,13079.5664024,6828.9370778,6886.4409425,6882.596746,6203.0023656,6198.5493361,6196.9696564,8899.75289,8944.7733712,8974.2977122,5500.432659,5552.9016236,5557.4237196,3399.320231,3391.8717476,3416.8739926,4132.1865535,4140.2169074,4105.2686901,1328.5044188,1333.5393189,1325.1730263,2803.6821346,2806.6775885,2780.0956638,62.4249764,62.6686435,62.6426666,66.5682382,67.1177178,67.0802509,58.42122,58.3700413,58.3551659,666.3098074,648.6570633,638.347492,352.5933325,337.8426439,337.8016301,313.7164749,310.8144194,300.5458619,444.1905296,442.8032024,441.355319,259.900038,261.2907502,262.8921366,184.2904916,181.5124521,178.4631823,222.1192778,205.853861,196.992173,92.6932945,76.5518937,74.9094935,129.4259833,129.3019673,122.0826796,4.8641968,4.7231231,4.6533861,4.9097241,4.6764865,4.6784348,4.814025,4.7748817,4.6255505,4.7537802,4.7169064,4.6874637,4.5118928,4.4940163,4.5168019,5.1425924,5.0795672,4.9637398,5.1011409,4.7365511,4.5788059,6.5221956,5.4288611,5.3503627,4.4125882,4.4040486,4.2065878,13698.2492509,13733.647342,13717.9138944,7181.5304103,7224.2835864,7220.3983761,6516.7188405,6509.3637555,6497.5155183,65.616702,65.7752914,65.6999384,70.0053056,70.4104531,70.3725865,61.3758697,61.2968956,61.185324,7161.7311054,3039.8446238,4121.8864816,20879.6449999,10260.243,10619.402
2021-08-01,13054.6242884,12952.1724142,12895.7664545,6838.3189804,6816.0647224,6781.8246426,6216.305308,6136.1076918,6113.9418119,8924.3854051,8904.4622754,8831.889181,5512.0719162,5514.582457,5477.0868821,3412.3134889,3389.8798184,3354.8022989,4130.2388833,4047.7101388,4063.8772735,1326.2470642,1301.4822654,1304.7377605,2803.9918191,2746.2278734,2759.139513,62.5037315,62.0125407,61.7424797,66.6246961,66.4088806,66.0752797,58.5212075,57.7646988,57.5560314,649.3939742,620.8088814,620.7742988,340.3629358,335.9216836,337.3318356,309.0310384,284.8871977,283.4424632,431.0983775,411.6857259,412.3482555,250.5277018,244.4890064,247.0833691,180.5706756,167.1967195,165.2648864,218.2955967,209.1231555,208.4260433,89.835234,91.4326773,90.2484665,128.4603627,117.6904782,118.1775768,4.7387121,4.5738579,4.592701,4.7413013,4.6969005,4.738368,4.7358637,4.4368077,4.4305993,4.6079753,4.4190552,4.4605978,4.3474772,4.2452852,4.3164923,5.0257862,4.700397,4.6949356,5.0199808,4.9126461,4.8785404,6.3439275,6.5641249,6.469488,4.3806465,4.1094216,4.1072142,13704.0182626,13572.9812956,13516.5407532,7178.6819163,7151.9864061,7119.1564781,6525.3363463,6420.9948895,6397.384275,65.6129399,64.9848557,64.7146291,69.9408002,69.6817637,69.3619019,61.4304709,60.4465981,60.2243302,7369.8352469,3144.6285219,4225.206725,20886.376,10263.785,10622.591
2021-09-01,13081.4404244,12826.9475561,12798.4796309,6851.9196178,6767.3815731,6752.0171078,6229.5208066,6059.565983,6046.4625231,8953.1606535,8934.431392,8881.0546489,5527.2808651,5517.6260185,5487.218895,3425.8797884,3416.8053735,3393.8357538,4128.2797709,3892.5161641,3917.424982,1324.6387527,1249.7555546,1264.7982127,2803.6410182,2642.7606095,2652.6267693,62.5934206,61.3932058,61.2569506,66.7129191,65.9118021,65.7621579,58.6120896,57.0270389,56.9037212,636.9592378,633.4835328,612.1168245,330.5834575,324.068237,316.7680313,306.3757804,309.4152958,295.3487933,421.9802044,423.9593772,404.6185559,243.0234849,241.2069715,235.4455693,178.9567194,182.7524057,169.1729866,214.9790335,209.5241556,207.4982686,87.5599726,82.8612655,81.322462,127.4190609,126.6628901,126.1758067,4.6431016,4.7062648,4.5644265,4.6026219,4.5698446,4.4812231,4.6875861,4.8581599,4.6571678,4.5010546,4.5302594,4.3574499,4.2116233,4.1884696,4.1142648,4.9643505,5.0770794,4.7480374,4.9497173,5.1078034,5.0303547,6.2002586,6.2179363,6.041246,4.3472006,4.5736194,4.5406539,13718.3996622,13460.4310889,13410.5964554,7182.5030753,7091.4498101,7068.7851391,6535.896587,6368.9812787,6341.8113164,65.6412087,64.4252276,64.1867057,69.9316065,69.0681073,68.8473618,61.4947069,59.9389699,59.6832713,7482.5095446,3198.5438609,4283.9656836,20893.106,10267.329,10625.777
2021-10-01,13117.5790721,12777.7672048,12767.1303087,6870.6040942,6754.2042432,6747.2109494,6246.9749779,6023.5629615,6019.9193593,8988.2600712,8899.1309739,8852.3077676,5546.6912361,5498.6182318,5480.6103695,3441.5688351,3400.5127422,3371.697398,4129.3190009,3878.6362308,3914.8225412,1323.9128581,1255.5860115,1266.6005798,2805.4061428,2623.0502194,2648.2219613,62.714135,61.0936868,61.0428292,66.8363375,65.7101614,65.6421252,58.730016,56.632367,56.5981105,634.7889997,706.2251386,676.8826825,329.2997565,364.6671759,348.470561,305.4892432,341.5579627,328.4121215,421.9867325,454.3771484,429.6021741,243.2928988,255.5899471,242.7682217,178.6938336,198.7872014,186.8339523,212.8022672,251.8479902,247.2805084,86.0068577,109.0772288,105.7023393,126.7954096,142.7707613,141.5781692,4.6158523,5.2375077,5.0348262,4.5736688,5.122542,4.9110231,4.6622039,5.3660876,5.1732037,4.4843323,4.857826,4.6283812,4.2019614,4.4417918,4.2416943,4.9359356,5.5229407,5.2503107,4.9008826,6.0972994,5.9412395,6.1001245,7.9929777,7.7025515,4.3242392,5.1619668,5.0748499,13752.3680718,13483.9923434,13444.0129912,7199.9038507,7118.8714192,7095.6815103,6552.4642211,6365.1209242,6348.3314808,65.7490123,64.4703251,64.2791738,70.0397224,69.2579278,69.0323183,61.6020282,59.8436285,59.6857774,7471.0240088,3183.1004897,4287.9235192,20915.037,10278.782,10636.255
2021-11-01,13163.7553383,13143.6543875,13206.2219908,6893.2395164,6887.6554031,6924.7471051,6270.5158219,6255.9989844,6281.4748857,9031.2537443,9020.9416749,9056.6140742,5570.4197697,5563.7118515,5595.2541427,3460.8339746,3457.2298234,3461.3599315,4132.501594,4122.7127126,4149.6079166,1322.8197467,1323.9435516,1329.4929624,2809.6818473,2798.769161,2820.1149543,62.8653344,62.7772608,63.0760988,66.9799709,66.9340411,67.2944973,58.8883799,58.7596838,58.9989671,628.4821941,638.6901108,591.5212541,322.5873701,332.6419915,310.6603642,305.8948239,306.0481193,280.8608899,417.1925384,420.3102317,392.6501771,237.8209733,242.3828955,227.7654498,179.3715651,177.9273362,164.8847273,211.2896556,218.3798791,198.871077,84.7663968,90.259096,82.8949144,126.5232588,128.1207831,115.9761626,4.556782,4.634118,4.287087,4.4705531,4.60704,4.2936126,4.6513948,4.6639123,4.2798921,4.4154618,4.4518485,4.1553519,4.094544,4.1746287,3.9114663,4.927512,4.8946257,4.546983,4.8641761,5.030528,4.573348,6.0221108,6.3823311,5.8691324,4.3090743,4.3773693,3.9500192,13792.2375324,13782.3444984,13797.7432448,7215.8268866,7220.2973947,7235.4074692,6576.4106458,6562.0471037,6562.3357756,65.866738,65.8277987,65.9013469,70.1144757,70.1666466,70.3134859,61.7611341,61.6342512,61.6369625,7139.2237552,3054.8055308,4084.4182244,20936.967,10290.213,10646.754
2021-12-01,13217.8725125,13226.707159,13353.3861553,6918.0704843,6946.4332202,7005.1165775,6299.8020282,6280.2739388,6348.2695777,9082.0328636,9085.4898834,9225.5146538,5597.4382672,5601.7000362,5678.4504306,3484.5945964,3483.7898472,3547.0642232,4135.8396488,4141.2172756,4127.8715014,1320.632217,1344.733184,1326.6661469,2815.2074318,2796.4840916,2801.2053545,63.0345487,63.1078369,63.7122532,67.1244562,67.4301795,67.9998285,59.0813742,58.9297025,59.5677261,594.5911783,581.1952473,556.5627661,316.6192485,308.359839,300.9470159,277.9719298,272.8354083,255.6157502,384.4305498,381.5210636,365.4258419,233.0691701,228.6820685,220.02005,151.3613797,152.838995,145.405792,210.1606285,199.6741837,191.1369241,83.5500784,79.6777704,80.9269659,126.6105501,119.9964133,110.2099582,4.3047438,4.2091494,4.0011848,4.376404,4.2504292,4.1191404,4.2259271,4.1634497,3.8706873,4.0609733,4.0300055,3.8101148,3.997408,3.9222484,3.7301204,4.1629046,4.2027658,3.9379004,4.8357252,4.5998428,4.4254816,5.9500877,5.5937347,5.7493153,4.30382,4.1144254,3.7854427,13812.4636908,13807.9024063,13909.9489214,7234.6897328,7254.7930592,7306.0635934,6577.773958,6553.1093471,6603.885328,65.8700873,65.8808608,66.3677495,70.1965404,70.4234796,70.9211711,61.6882757,61.4897994,61.9662457,7048.9490786,2995.6044066,4053.344672,20958.898,10301.668,10657.23
2022-01-01,13276.5963438,13292.1109379,13081.1863119,6943.4621125,6935.7773257,6842.2541357,6333.1342313,6356.3336122,6238.9321762,9138.8554598,9126.2167653,9040.7388925,5626.8372101,5619.2598477,5571.2365387,3512.0182497,3506.9569176,3469.5023538,4137.740884,4165.8941726,4040.4474194,1316.6249024,1316.517478,1271.017597,2821.1159816,2849.3766946,2769.4298224,63.2089412,63.2866531,62.2823947,67.2574406,67.1862075,66.2802574,59.2957165,59.5173023,58.4180182,565.3095576,577.8000771,621.7461572,311.0768123,310.0373804,337.0408362,254.2327453,267.7626967,284.7053211,381.4502513,393.1770064,429.937158,229.1363089,227.9729391,250.1470318,152.3139424,165.2040673,179.7901263,183.8593063,184.6230707,191.8089992,81.9405034,82.0644414,86.8938044,101.9188029,102.5586294,104.9151948,4.0840442,4.1658528,4.5373219,4.2880301,4.2788478,4.694623,3.8593985,4.0422525,4.3642112,4.0067017,4.1302736,4.539667,3.9128645,3.8988176,4.2970374,4.1566631,4.4988242,4.9267119,4.2544266,4.2437039,4.5320742,5.8588968,5.8676893,6.3990776,3.4867462,3.4742844,3.6500557,13841.9059014,13869.911015,13702.9324692,7254.5389248,7245.8147061,7179.2949719,6587.3669766,6624.0963089,6523.6374973,65.9003402,66.0376859,65.2426644,70.270668,70.1895098,69.5451395,61.6760407,62.0244887,61.0838462,7300.0915308,3143.9210281,4156.1705027,21003.024,10323.216,10679.808
2022-02-01,13347.9778904,13366.6497324,13441.2640264,6980.2865952,6979.3634258,7018.6660582,6367.6912951,6387.2863065,6422.5979682,9209.7714357,9221.4718925,9328.8909845,5668.2431739,5673.671725,5732.7503144,3541.5282619,3547.8001675,3596.1406701,4138.2064547,4145.1778399,4112.3730418,1312.0434214,1305.6917009,1285.9157437,2826.1630333,2839.486139,2826.4572981,63.4327742,63.5081161,63.8626263,67.4904167,67.4676858,67.8476141,59.5106783,59.680867,60.0108085,559.6054171,561.4706822,612.3525744,305.1036294,304.0131768,326.1355772,254.5017877,257.4575054,286.2169972,378.3466381,372.9774524,400.4659911,225.5045016,220.1107984,231.7191227,152.8421365,152.8666539,168.7468684,181.258779,188.4932299,211.8865832,79.5991278,83.9023784,94.4164545,101.6596512,104.5908515,117.4701287,4.0237431,4.0312021,4.3572597,4.1878831,4.1740692,4.4403592,3.8431647,3.8746039,4.2662825,3.9459948,3.8874295,4.1160582,3.8261648,3.7346271,3.8849914,4.1371633,4.1307867,4.4821224,4.1963245,4.3495048,4.8999505,5.7197969,6.0379056,6.8401255,3.4721929,3.5525855,3.9902522,13907.5833075,13928.1204146,14053.6166009,7285.3902247,7283.3766026,7344.8016354,6622.1930828,6644.7438119,6708.8149654,66.0921526,66.1757962,66.7720583,70.4403774,70.4065019,71.0002816,61.8891815,62.0864719,62.6851334,6993.535399,2999.9483645,3993.5870345,21047.152,10344.75,10702.402
2022-03-01,13409.0517728,13388.4762508,13412.7876645,7007.3201368,6993.1648306,7009.3604103,6401.731636,6395.3114201,6403.4272542,9270.6527315,9239.0330902,9224.4840068,5698.9089914,5673.52275,5672.0504804,3571.7437401,3565.5103402,3552.4335264,4138.3990413,4149.4431606,4188.3036578,1308.4111454,1319.6420806,1337.30993,2829.9878959,2829.8010799,2850.9937278,63.6038785,63.478734,63.5940016,67.6251228,67.4606263,67.6168594,59.7169709,59.6300156,59.7056878,551.4491047,555.3106096,589.881973,298.1368288,307.1812293,323.1451959,253.3122759,248.1293802,266.7367771,374.0082719,386.067329,407.1300482,221.3357917,230.9078422,239.28205,152.6724801,155.1594868,167.8479982,177.4408328,169.2432806,182.7519248,76.8010371,76.2733871,83.863146,100.6397958,92.9698934,98.8887788,3.9500668,3.982495,4.2126394,4.0810155,4.2077626,4.4070228,3.8063201,3.7349528,3.9989538,3.8778789,4.0110473,4.2270179,3.7386257,3.9107555,4.047853,4.0992325,4.1702031,4.5117015,4.1113859,3.9188601,4.1809563,5.5443518,5.4640405,5.9009805,3.4340696,3.1808819,3.3522955,13960.5008775,13943.7868603,14002.6696374,7305.4569656,7300.34606,7332.5056062,6655.0439119,6643.4408004,6670.1640312,66.2195968,66.1116261,66.3908068,70.502334,70.4238966,70.7341286,62.0799318,61.943579,62.192747,7088.6083627,3033.7853939,4054.8229689,21091.2780001,10366.291,10724.987
2022-04-01,13469.2819056,13450.4728523,13444.6954593,7035.9003331,7028.078084,7033.08198,6433.3815725,6422.3947683,6411.6134793,9329.1227616,9341.1199963,9303.5035842,5727.9265683,5736.4251576,5712.8291134,3601.1961932,3604.6948388,3590.6744708,4140.159144,4109.352856,4141.1918752,1307.9737648,1291.6529264,1320.2528666,2832.1853792,2817.6999295,2820.9390086,63.7711178,63.671013,63.6436644,67.7748007,67.6880314,67.7362244,59.9011533,59.7881957,59.6878291,540.6852637,538.6923703,549.339276,290.4445578,289.9217311,292.2106412,250.2407059,248.7706392,257.1286348,367.7818962,375.0290412,383.0083368,216.2218347,222.4432757,223.1685477,151.5600615,152.5857654,159.8397891,172.9033675,163.6633291,166.3309392,74.2227231,67.4784554,69.0420935,98.6806444,96.1848737,97.2888457,3.85929,3.8507828,3.9255246,3.9643855,3.9617619,3.9890644,3.7440881,3.7290432,3.8557292,3.7927762,3.8598527,3.9540377,3.6375578,3.7329785,3.7595794,4.0386332,4.0610692,4.2618099,4.0088305,3.8301594,3.8614059,5.3699111,4.9648221,4.9695778,3.3669449,3.3009155,3.3338331,14009.9671693,13989.1652226,13994.0347352,7326.3448909,7317.9998151,7325.2926212,6683.6222784,6671.1654075,6668.7421141,66.3310244,66.2210415,66.2440925,70.5725695,70.4802928,70.5505305,62.2311421,62.1040838,62.0815245,7130.9202649,3057.7513789,4073.168886,21124.955,10383.044,10741.911
2022-05-01,13525.8334578,13488.8185264,13572.3459701,7065.7374506,7064.3521552,7096.2571451,6460.0960072,6424.4663712,6476.088825,9382.3707351,9389.4562358,9395.2509361,5754.2686195,5755.2611419,5755.9029239,3628.1021155,3634.195094,3639.3480122,4143.4627227,4099.3622906,4177.0950342,1311.4688311,1309.0910133,1340.3542213,2831.9938916,2790.2712773,2836.7408128,63.9209904,63.750907,64.1456747,67.9360958,67.9277563,68.2345409,60.0398954,59.7134406,60.1932555,528.0185159,553.2169044,545.7830426,282.0069695,297.2579587,291.1572172,246.0115463,255.9589457,254.6258254,359.4665552,364.591659,359.997735,209.5861656,214.0077096,211.4624703,149.8803896,150.5839493,148.5352647,168.5519607,188.6252454,185.7853077,72.4208039,83.250249,79.6947469,96.1311567,105.3749964,106.0905608,3.7571088,3.9397202,3.8658312,3.8380073,4.0379476,3.9412601,3.66847,3.8314768,3.7830429,3.6899257,3.7378498,3.6902979,3.5142735,3.5851578,3.5436488,3.9672071,3.9786721,3.9213263,3.9088912,4.3989224,4.2583177,5.2331344,5.9791555,5.6121126,3.2830277,3.6390839,3.6050506,14053.8519736,14042.0354308,14118.1290127,7347.7444202,7361.6101139,7387.4143623,6706.1075535,6680.425317,6730.7146504,66.416324,66.3655229,66.7251567,70.6475541,70.7860603,71.0341828,62.3263176,62.0925004,62.5599243,7040.5009875,3012.3876378,4028.1133497,21158.63,10399.802,10758.828
2022-06-01,13576.2050065,13583.1023252,13625.2084246,7094.9190936,7095.6140473,7109.4997877,6481.2859129,6487.488278,6515.7086369,9428.0455961,9434.8761984,9441.6083674,5776.5267292,5783.8418501,5782.6219636,3651.5188669,3651.0343483,3658.9864038,4148.1594104,4148.2261269,4183.6000573,1318.3923644,1311.7721972,1326.8778241,2829.767046,2836.4539297,2856.7222332,64.0378629,64.0944958,64.2931816,68.0861747,68.1186316,68.2519362,60.1244807,60.2045006,60.4663882,514.9796302,507.526025,493.6489882,273.1495081,270.0467679,263.4693524,241.8301221,237.4792571,230.1796358,349.7734034,347.9718163,342.7880585,201.6676882,201.0074181,199.0466169,148.1057152,146.9643982,143.7414416,165.2062268,159.5542087,150.8609297,71.4818199,69.0393498,64.4227355,93.7244069,90.5148589,86.4381942,3.6546227,3.6018694,3.4963806,3.7072064,3.6662938,3.5734498,3.5969946,3.5313071,3.4121472,3.5772129,3.5569582,3.5034155,3.3733879,3.3586045,3.3276103,3.8979039,3.869522,3.7799561,3.8301002,3.7038613,3.4805003,5.1430425,4.9999111,4.6303967,3.2059067,3.0924436,2.9369175,14091.1846367,14090.6283502,14118.8574127,7368.0686017,7365.6608152,7372.9691401,6723.116035,6724.9675351,6745.8882726,66.4669802,66.4893555,66.6225598,70.7074457,70.7111086,70.7812693,62.3678488,62.4083304,62.6024768,7073.4495874,3043.5848599,4029.8647275,21192.3070001,10416.554,10775.753
2022-07-01,13620.1804098,13593.4145612,13588.0594851,7121.7291697,7099.4535106,7095.4312106,6498.4512401,6493.9610506,6492.6282744,9467.7378862,9387.0848256,9423.1297577,5795.398781,5761.9937259,5768.6992131,3672.3391052,3625.0910997,3654.4305445,4152.4425236,4206.3297357,4164.9297275,1326.3303887,1337.4597847,1326.7319975,2826.1121349,2868.869951,2838.19773,64.1173017,63.995671,63.9704602,68.2049121,67.996052,67.9575278,60.1656553,60.1283337,60.1159933,503.4642556,485.4083349,476.7258295,264.7629622,255.7227345,254.6136337,238.7012934,229.6856003,222.1121957,339.9297203,320.9287772,319.1831238,193.7568561,184.3404821,184.8853128,146.1728642,136.5882951,134.2978109,163.5345353,164.4795577,157.5427057,71.0061061,71.3822525,69.7283209,92.5284292,93.0973052,87.8143848,3.5646908,3.4477906,3.3894995,3.5844208,3.4767724,3.4641099,3.5430591,3.4160867,3.3078299,3.4659588,3.305813,3.2762561,3.2351281,3.1000693,3.1054453,3.8280059,3.6310456,3.5446672,3.7890502,3.7631374,3.6447359,5.0815324,5.0667322,4.9932189,3.1702578,3.1430903,3.0011627,14123.6446654,14078.8228961,14064.7853145,7386.4921319,7355.1762451,7350.0448443,6737.1525335,6723.646651,6714.7404702,66.4873709,66.2808976,66.2148109,70.7405511,70.4452738,70.3961271,62.3756619,62.2550191,62.1725557,7176.3616856,3090.9341557,4085.4275299,21241.1470001,10440.979,10800.168
2022-08-01,13657.2217882,13665.3482106,13599.8011558,7144.5672226,7140.4963674,7103.293711,6512.6545655,6524.8518433,6496.5074448,9502.8528856,9498.6052032,9417.5037136,5811.3457613,5806.0668964,5765.4503177,3691.5071243,3692.5383068,3652.0533959,4154.3689026,4166.7430074,4182.2974423,1333.2214613,1334.429471,1337.8433933,2821.1474413,2832.3135365,2844.454049,64.1550635,64.1867442,63.8788668,68.2752591,68.2291688,67.8736884,60.1715736,60.2784126,60.0165591,496.2746447,499.686564,498.83698,258.8307406,263.2991917,264.1738884,237.4439041,236.3873723,234.6630916,332.003856,334.5101677,334.6531612,187.9388137,191.2945757,193.5721203,144.0650423,143.215592,141.0810409,164.2707887,165.1763964,164.1838187,70.8919269,72.0046161,70.6017681,93.3788618,93.1717803,93.5820507,3.5063749,3.5276056,3.5381927,3.4961074,3.5562731,3.585681,3.5176362,3.4962137,3.4862152,3.3757874,3.4018737,3.431581,3.1326871,3.1896456,3.2483872,3.7560248,3.7337013,3.7193789,3.8037623,3.8130071,3.7773962,5.0488748,5.1196581,5.0127453,3.2039121,3.1848316,3.1851906,14153.4964329,14165.0347747,14098.6381357,7403.3979633,7403.7955591,7367.4675993,6750.0984696,6761.2392156,6731.1705364,66.4863232,66.5337941,66.2219261,70.7487099,70.7450562,70.3979338,62.36536,62.4622255,62.1844426,7191.3468644,3097.9924008,4093.3544637,21289.985,10465.46,10824.525
2022-09-01,13687.4206324,13673.399246,13641.3017836,7163.8154703,7159.7123692,7142.7523644,6523.605162,6513.6868769,6498.5494191,9535.0396195,9526.5693491,9466.8206987,5825.8624757,5815.6540096,5782.2176926,3709.1771438,3710.9153394,3684.6030061,4152.3810128,4146.8298969,4174.481085,1337.9529946,1344.0583595,1360.5346719,2814.4280182,2802.7715374,2813.9464131,64.1527522,64.077564,63.9271459,68.3020938,68.2534682,68.0917886,60.1406672,60.0398627,59.9003333,494.0430263,511.0665814,492.3129928,256.2652545,270.6297715,262.481303,237.7777718,240.4368099,229.8316898,327.3777004,341.1194957,323.9306792,185.3052287,192.1957478,185.8115893,142.0724717,148.923748,138.1190899,166.6653259,169.9470857,168.3823136,70.9600258,78.4340237,76.6697137,95.7053001,91.513062,91.7125999,3.4837238,3.603002,3.4832773,3.4536721,3.6422249,3.5445378,3.5167032,3.559852,3.4158542,3.3194468,3.4569341,3.3085375,3.0826827,3.1990771,3.1134497,3.6889967,3.858289,3.6131083,3.8588455,3.9368975,3.8772187,5.0365086,5.5138449,5.3346423,3.2886913,3.1618543,3.1563442,14181.4636587,14184.4658274,14133.6147763,7420.0807248,7430.3421407,7405.2336673,6761.3829338,6754.1236868,6728.3811089,66.4683251,66.4725721,66.2342691,70.7454082,70.8333792,70.5940203,62.3327241,62.2560873,62.0188052,7205.2102238,3084.6543327,4120.5558911,21338.825,10489.888,10848.937
2022-10-01,13713.7693563,13712.4262758,13701.0902553,7180.3294106,7182.2594564,7176.2049847,6533.4399457,6530.1668195,6524.8852706,9565.7526796,9571.9386873,9521.8629554,5840.1947333,5846.4685719,5827.9185128,3725.5579463,3725.4701154,3693.9444426,4148.0166767,4140.4875885,4179.2273,1340.1346773,1335.7908845,1348.2864719,2807.8819993,2804.6967041,2830.9408281,64.1248981,64.1125835,64.0595818,68.2940295,68.3058085,68.2482284,60.0931771,60.0575454,60.0089713,496.2047225,488.0862619,467.9776599,257.2593439,243.4285041,232.9807203,238.9453787,244.6577578,234.9969397,326.3003653,322.1780097,304.3529255,185.9621654,175.7040228,167.0465864,140.3381999,146.4739869,137.3063391,169.9043572,165.9082521,163.6247345,71.2971785,67.7244813,65.9341339,98.6071787,98.1837709,97.6906006,3.4919467,3.4371031,3.3028119,3.4589079,3.2781946,3.1444848,3.5282307,3.6112781,3.4763467,3.2986112,3.2562584,3.0973564,3.0859164,2.9176185,2.786448,3.6301596,3.7829572,3.5838515,3.9348649,3.8526011,3.7676792,5.0514078,4.8253466,4.6622241,3.392656,3.3822878,3.3357083,14209.9740788,14200.5125377,14169.0679151,7437.5887545,7425.6879605,7409.1857049,6772.3853243,6774.8245772,6759.8822103,66.4451265,66.3946356,66.2476159,70.7408918,70.6208991,70.4639568,62.2909453,62.3076479,62.1702238,7218.974085,3105.6732952,4113.3007898,21388.0420001,10514.859,10873.183
2022-11-01,13740.7421519,13780.9240072,13844.6205345,7195.4118049,7195.8230677,7237.3700175,6545.330347,6585.1009395,6607.2505169,9596.6703434,9591.9653588,9628.5209513,5854.9952632,5852.0592464,5886.2126629,3741.6750802,3739.9061125,3742.3082884,4144.0718085,4188.9586484,4216.0995833,1340.4165417,1343.7638213,1351.1573547,2803.6552667,2845.1948271,2864.9422285,64.0923163,64.2849193,64.5820493,68.263358,68.2726867,68.6668768,60.0581577,60.4280122,60.6312673,500.9869105,502.3423686,465.3282058,261.0919905,260.6691997,243.3373821,239.89492,241.6731689,221.9908237,327.8203463,326.0769094,304.859491,188.8829182,188.5901969,176.9502959,138.9374281,137.4867125,127.9091951,173.1665642,176.2654593,160.4687148,72.2090723,72.0790028,66.3870863,100.9574919,104.1864564,94.0816286,3.5177394,3.5169992,3.2517811,3.5015337,3.495869,3.2528659,3.5355484,3.5400786,3.2505927,3.3031453,3.2877145,3.0690407,3.125194,3.1220186,2.9184486,3.5802964,3.5458546,3.3049614,4.0110494,4.0379475,3.666542,5.1116921,5.0908901,4.6832455,3.4757643,3.5324852,3.1794819,14241.7290624,14283.2663759,14309.9487402,7456.5037955,7456.4922674,7480.7073996,6785.225267,6826.7741084,6829.2413406,66.4291196,66.6282338,66.752701,70.7403554,70.7458696,70.9756185,62.2593678,62.64572,62.6683605,7127.30926,3059.1196005,4068.1896595,21437.2580001,10539.827,10897.431
2022-12-01,13772.8144022,13778.1356583,13907.7892412,7211.0724042,7206.6781737,7269.7160443,6561.741998,6571.4574846,6638.0731969,9628.5098162,9647.1956179,9783.3572943,5869.4594503,5874.8523011,5954.762267,3759.0503659,3772.3433168,3828.5950273,4144.304586,4130.9400404,4124.431947,1341.6129539,1331.8258726,1314.9537774,2802.6916321,2799.1141678,2809.4781696,64.0757422,64.1246908,64.7281103,68.2291977,68.214136,68.8108151,60.0579237,60.1688813,60.778821,506.609705,503.5029799,480.6801189,266.3963192,262.730405,254.8522337,240.2133858,240.772575,225.8278852,331.1554706,328.3996641,313.671956,192.9322067,194.4795886,186.3161064,138.2232639,133.9200755,127.3558496,175.4542344,175.1033159,167.008163,73.4641125,68.2508164,68.5361273,101.9901219,106.8524995,98.4720356,3.5478301,3.5255267,3.3407314,3.5626537,3.5174191,3.386935,3.5315343,3.5344164,3.2900807,3.3249659,3.2920307,3.1065767,3.1824438,3.2042998,3.0339314,3.5466656,3.4283422,3.2193486,4.0616674,4.066455,3.8916578,5.1915273,4.8747913,4.9538581,3.5112322,3.6770036,3.3863041,14279.4241072,14281.6386383,14388.46936,7477.4687234,7469.4085787,7524.5682779,6801.9553838,6812.2300596,6863.9010821,66.4326601,66.4680393,66.9652391,70.7497669,70.700986,71.223095,62.2565345,62.3734175,62.8465223,7098.0056401,3040.2187221,4057.786918,21486.4750001,10564.787,10921.688
2023-01-01,13812.2954419,13801.0287026,13578.6709869,7228.5500224,7225.7739052,7123.1929331,6583.7454195,6575.2547974,6455.4780538,9663.2832802,9634.3354641,9531.7126869,5883.7130194,5862.6167385,5807.9040201,3779.5702608,3771.7187256,3723.8086668,4149.0121617,4166.6932385,4046.9583001,1344.837003,1363.1571667,1315.288913,2804.1751587,2803.5360718,2731.6693871,64.0880062,64.0426841,63.010849,68.2057978,68.1870409,67.219021,60.1039603,60.0329397,58.9393623,510.9210926,524.4276244,565.8319737,271.5487292,282.8459552,308.6942274,239.3723634,241.5816693,257.1377462,334.8735649,342.5481368,376.1528992,196.7503391,203.6624729,224.301253,138.1232259,138.885664,151.8516462,176.0475277,181.8794876,189.6790745,74.7983902,79.1834823,84.3929744,101.2491375,102.6960053,105.2861001,3.5670835,3.6608092,4.0003666,3.6206021,3.76695,4.1536452,3.5082549,3.5438971,3.8306638,3.349353,3.4334182,3.7965079,3.2357787,3.3572881,3.7183956,3.5256261,3.551514,3.9180845,4.0704069,4.18251,4.4771138,5.2688451,5.4899293,6.0294396,3.4848314,3.5336478,3.7112355,14323.2165345,14325.456327,14144.5029605,7500.0987516,7508.6198603,7431.8871605,6823.1177829,6816.8364667,6712.6158,66.4586414,66.4762528,65.6365517,70.7680264,70.8561569,70.1320579,62.2892251,62.238612,61.2870637,7405.2320396,3165.1028396,4240.1292,21549.735,10596.99,10952.745
2023-02-01,13857.4892493,13839.7241368,13922.029808,7247.9475677,7252.948663,7292.3481683,6609.5416816,6586.7754738,6629.6816397,9700.8202437,9692.3169574,9803.6438377,5897.6191303,5908.7963847,5967.9337555,3803.2011135,3783.5205727,3835.7100822,4156.6690056,4147.4071794,4118.3859705,1350.3284374,1344.1522783,1324.4144128,2806.3405682,2803.2549011,2793.9715576,64.1254158,64.0342696,64.4150853,68.1989081,68.2361435,68.6068163,60.183472,59.9680555,60.3586866,513.906255,518.2826395,565.4335042,275.8983388,279.1816096,299.9740726,238.0079161,239.1010299,265.4594316,338.1707063,344.317537,369.4611642,199.6143669,199.6871566,210.0740974,138.5563394,144.6303804,159.3870669,175.7355487,173.9651025,195.97234,76.2839719,79.494453,89.8999752,99.4515768,94.4706495,106.0723648,3.5758967,3.6097116,3.9029159,3.6669855,3.7065425,3.9510187,3.4758115,3.5028619,3.8499492,3.3685727,3.4306075,3.6317443,3.2738514,3.2690136,3.4003534,3.5150904,3.6818947,3.9895667,4.0563051,4.0256912,4.5423288,5.3472107,5.5838609,6.356435,3.4225289,3.2601655,3.6576124,14371.3955043,14358.0067763,14487.4633122,7523.8459065,7532.1302726,7592.3222408,6847.5495978,6825.8765037,6895.1410713,66.5035127,66.4322835,67.0312589,70.7949486,70.8626996,71.428989,62.3506635,62.1449057,62.7755119,7125.532688,3036.8667592,4088.6659288,21612.996,10629.189,10983.807
2023-03-01,13904.7457445,13929.9004888,13960.2132936,7268.9808536,7275.6423292,7292.2298039,6635.7648909,6654.2581596,6667.9834897,9739.1312912,9779.4078396,9766.3796249,5912.2145653,5951.1416569,5949.2612023,3826.9167258,3828.2661827,3817.1184226,4165.6144534,4150.4926492,4193.8336689,1356.7662883,1324.5006724,1342.9686017,2808.8481651,2825.9919769,2850.8650672,64.1759764,64.2634064,64.4032498,68.2112345,68.2429057,68.3984903,60.2703312,60.4116124,60.5362198,516.3322608,519.3129192,551.4066631,279.200817,278.9729712,294.6514411,237.1314439,240.339948,256.7552219,340.8056636,340.9042243,359.9222962,201.41339,201.3207736,209.4727238,139.3922736,139.5834507,150.4495724,175.5265973,178.408695,191.4843669,77.787427,77.6521977,85.1787173,97.7391703,100.7564973,106.3056496,3.5803999,3.5940567,3.7997595,3.6989149,3.6927489,3.8836965,3.4502404,3.4859167,3.7077965,3.3810297,3.3685149,3.5543311,3.2944986,3.2721983,3.4012303,3.5144078,3.5178614,3.7919847,4.0433286,4.1213389,4.3664876,5.422413,5.5380693,5.9642809,3.3626779,3.4426087,3.5948432,14421.0780054,14449.213408,14511.6199566,7548.1816706,7554.6153005,7586.881245,6872.8963348,6894.5981076,6924.7387117,66.5590568,66.6591749,66.9470777,70.8312211,70.8595718,71.1622147,62.4241132,62.5935722,62.8672079,7164.6360435,3074.5087551,4090.1272884,21676.2560001,10661.39,11014.866
2023-04-01,13949.8258018,13929.5900234,13921.9548998,7290.8929384,7268.4498415,7273.9041786,6658.9328634,6661.1401819,6648.0507212,9773.8472492,9755.071415,9716.5632654,5927.4103268,5900.2921859,5875.8214374,3846.4369224,3854.7792291,3840.741828,4175.9785526,4174.5186084,4205.3916345,1363.4826117,1368.1576556,1398.0827413,2812.4959409,2806.3609528,2807.3088932,64.2227565,64.1224541,64.0873072,68.2384783,68.0209737,68.0720175,60.335269,60.3483368,60.2297494,518.5968862,535.5886951,546.4855192,280.9533776,304.2295733,307.5411456,237.6435086,231.3591218,238.9443736,342.1746287,365.9389602,374.2843275,201.9760012,227.7819574,229.4031323,140.1986275,138.1570027,144.8811952,176.4222575,169.6497349,172.2011917,78.9773765,76.4476158,78.1380133,97.444881,93.2021191,94.0631784,3.584336,3.7026068,3.7770866,3.7105003,4.0174627,4.0564976,3.4458186,3.3566797,3.4695011,3.3825019,3.6156366,3.7091466,3.2952076,3.7170235,3.7574888,3.5167154,3.4600353,3.6350953,4.0534469,3.9052293,3.9336959,5.4751866,5.291938,5.2931117,3.3486894,3.2143505,3.242024,14468.422688,14465.1787185,14468.4404188,7571.8463161,7572.6794147,7581.4453241,6896.5763719,6892.4993037,6886.9950947,66.6102933,66.5879439,66.6029586,70.868037,70.868072,70.9501068,62.4885097,62.4443951,62.3945283,7254.9795813,3104.155676,4150.8239053,21723.42,10685.601,11037.819
2023-05-01,13990.2430534,14018.765798,14102.0781478,7311.8457829,7320.2267111,7353.2091878,6678.3972705,6698.5390869,6748.86896,9799.9117086,9818.0738576,9826.1194536,5940.9975013,5936.7552602,5938.4165971,3858.9142073,3881.3185973,3887.7028565,4190.3313448,4200.6919404,4275.9586943,1370.8482816,1383.4714509,1414.7925907,2819.4830632,2817.2204895,2861.1661036,64.2539147,64.3931368,64.7758198,68.2629623,68.3505662,68.6585308,60.3719964,60.5612694,61.0163001,521.1727769,521.4945838,515.3382683,281.6013979,276.2791155,271.3735174,239.571379,245.2154683,243.9647509,342.6281708,349.1213696,345.4117505,202.0613688,201.555473,199.7478387,140.5668019,147.5658966,145.6639118,178.5446061,172.3732143,169.9265178,79.5400291,74.7236425,71.6256787,99.004577,97.6495718,98.3008391,3.5914675,3.586556,3.5255086,3.7084791,3.6369236,3.5591917,3.4630307,3.5314536,3.4887824,3.3781299,3.4338022,3.3958678,3.2892631,3.2835658,3.254195,3.5146261,3.6626986,3.611472,4.0867401,3.9417024,3.8221076,5.4840506,5.1243927,4.8186759,3.3923247,3.3500489,3.3215725,14511.4158303,14540.2603818,14617.416416,7593.4471808,7596.5058266,7624.5827051,6917.9686494,6943.7545552,6992.8337109,66.6475394,66.7885454,67.1429503,70.8919764,70.9302451,71.192405,62.537696,62.7782543,63.2219774,7153.1735841,3085.2432949,4067.9302891,21770.59,10709.826,11060.764
2023-06-01,14025.5159388,14028.6528757,14070.260644,7330.6800459,7329.0512409,7344.4033832,6694.8358929,6699.6016349,6725.8572607,9815.0903237,9835.6419987,9844.7136747,5950.7432672,5960.321169,5960.0010993,3864.3470565,3875.3208297,3884.7125753,4210.4256151,4193.010877,4225.5469694,1379.9367786,1368.7300719,1384.4022839,2830.4888364,2824.2808051,2841.1446855,64.2649367,64.2992531,64.4899592,68.2716049,68.2785271,68.42155,60.384315,60.445512,60.682397,524.7413228,511.1010065,495.7649396,282.3787764,275.0287847,266.7243272,242.3625465,236.0722219,229.0406124,343.3565004,327.1557012,321.7535701,202.7072354,190.1892951,187.4000244,140.649265,136.966406,134.3535457,181.3848225,183.9453054,174.0113695,79.671541,84.8394895,79.3243028,101.7132815,99.1058158,94.6870667,3.6064058,3.5151971,3.4035704,3.7091369,3.6168581,3.5043996,3.493666,3.4037388,3.2932275,3.3800098,3.21915,3.1648513,3.2942044,3.0922522,3.0484431,3.511845,3.413674,3.3429046,4.1300695,4.202585,3.9552009,5.4584192,5.8366309,5.4193388,3.468836,3.3901029,3.2252212,14550.2572617,14539.7538822,14566.0255835,7613.0588222,7604.0800255,7611.1277104,6937.1984394,6935.6738567,6954.8978731,66.6693023,66.6418454,66.7622597,70.9014362,70.840736,70.9063933,62.5703127,62.5754157,62.7488597,7251.7284167,3122.9222897,4128.806127,21817.754,10734.05,11083.704
2023-07-01,14057.8227407,14027.9613522,14024.0295467,7346.5873168,7343.9575663,7339.151757,6711.2354239,6684.0037859,6684.8777896,9820.4679226,9805.0737085,9846.5603033,5955.4162215,5955.5006969,5963.6608103,3865.0517011,3849.5730116,3882.899493,4237.3548181,4222.8876437,4177.4692435,1391.1710953,1388.4568695,1375.4909468,2846.1837228,2834.4307743,2801.9782967,64.2640636,64.1336547,64.1156791,68.2555095,68.2378266,68.1931725,60.3971975,60.1581841,60.1660504,529.9457987,541.2518999,530.4355852,283.8955283,287.187212,284.3708949,246.0502705,254.0646879,246.0646903,345.6861295,346.8591903,344.0060433,204.38785,202.8525539,201.749399,141.2982795,144.0066363,142.2566443,184.2596692,194.3927096,186.4295419,79.5076783,84.334658,82.6214959,104.7519909,110.0580516,103.8080461,3.6328092,3.7150386,3.644487,3.7205447,3.7633569,3.7301771,3.5365843,3.6618936,3.5502342,3.4003629,3.4166813,3.3757304,3.3180901,3.2939415,3.2722786,3.5268581,3.6059538,3.5341895,4.1672486,4.4007329,4.2720868,5.4061893,5.7261776,5.6663323,3.549789,3.7377643,3.5724597,14587.7685394,14569.2132521,14554.4651318,7630.482845,7631.1447783,7623.5226518,6957.2856944,6938.0684738,6930.9424799,66.6866628,66.6081741,66.540748,70.8931197,70.9062831,70.8354606,62.6115062,62.444848,62.3807118,7318.5458683,3138.7743482,4179.7715201,21873.0110001,10762.297,11110.714
2023-08-01,14087.5644433,14100.6798729,14025.55149,7358.5230549,7379.0490726,7337.5028514,6729.0413883,6721.6308003,6688.0486386,9817.5653895,9828.8850046,9741.5618363,5954.4269324,5985.1988827,5941.1251814,3863.1384571,3843.686122,3800.4366549,4269.9990538,4271.7948683,4283.9896539,1404.0961225,1393.8501899,1396.3776701,2865.9029312,2877.9446783,2887.6119838,64.253133,64.3036468,63.9610372,68.2056519,68.3844408,67.9994163,60.4231898,60.350064,60.048547,537.5121768,538.7903595,538.5436726,287.0557575,291.7568336,292.5828013,250.4564193,247.0335259,245.9608713,350.4695665,351.4868809,352.5629732,207.35703,213.6370061,216.3176117,143.1125365,137.8498749,136.2453615,187.0426103,187.3034786,185.9806995,79.6987275,78.1198276,76.2651896,107.3438828,109.183651,109.7155099,3.6752777,3.6803952,3.6977489,3.7545327,3.8034704,3.8345939,3.588459,3.5449193,3.5471666,3.4467778,3.4525937,3.4927542,3.365211,3.4464053,3.5131079,3.5722309,3.4622285,3.4609186,4.1965641,4.2004788,4.1606696,5.3712767,5.3071616,5.1787974,3.6103253,3.6551376,3.6604445,14625.07662,14639.4702324,14564.0951626,7645.5788124,7670.8059063,7630.0856527,6979.4978076,6968.6643262,6934.0095099,66.7047165,66.7607046,66.41697,70.8663523,71.0882618,70.7108918,62.6721544,62.5680509,62.2569031,7364.1788375,3160.4523474,4203.7264902,21928.2740001,10790.538,11137.736
2023-09-01,14115.9731973,14094.7832807,14061.3558309,7367.2505807,7350.025675,7332.9345643,6748.7226166,6744.7576057,6728.4212666,9810.8972312,9783.5840857,9719.1977943,5949.3751696,5926.0049015,5890.2314968,3861.5220616,3857.5791842,3828.9662975,4305.075966,4311.199195,4342.1580367,1417.8754111,1424.0207735,1442.7030676,2887.200555,2887.1784215,2899.4549692,64.2396129,64.1151928,63.963136,68.1318082,67.9376196,67.7796433,60.4676965,60.4112105,60.2648898,546.8913373,520.9352712,502.4918246,291.9095341,267.3624089,258.5391607,254.9818032,253.5728624,243.952664,357.3480846,337.2447084,320.1004554,211.4370986,194.0251118,187.2509835,145.910986,143.2195966,132.849472,189.5432526,183.6905629,182.3913692,80.4724355,73.3372971,71.2881772,109.0708171,110.3532658,111.103192,3.7297715,3.5642125,3.4502683,3.8112473,3.5098961,3.4056518,3.6406705,3.6233336,3.4988465,3.5143535,3.3321847,3.1884744,3.4319679,3.1703294,3.0810617,3.6410087,3.5797751,3.3532471,4.2171148,4.0866533,4.0311499,5.3707446,4.8977795,4.7086255,3.6402182,3.6814712,3.6904516,14662.8645346,14615.7185519,14563.8476554,7659.1601148,7617.3880839,7591.4737249,7003.7044197,6998.3304681,6972.3739306,66.7284309,66.4848543,66.2489008,70.8313668,70.4088988,70.1693677,62.752301,62.6824031,62.4499165,7419.6833447,3227.3122752,4192.3710695,21983.5310001,10818.786,11164.745
2023-10-01,14143.092144,14150.9146643,14139.8930962,7374.5991432,7366.6436069,7362.9241354,6768.4930007,6784.2710574,6776.9689609,9804.5640165,9797.1528734,9746.404973,5942.9255602,5922.3917705,5904.0111619,3861.6384563,3874.7611029,3842.3938111,4338.5281275,4353.7617909,4393.4881234,1431.673583,1444.2518364,1458.9129736,2906.8545445,2909.5099545,2934.5751498,64.223973,64.2507319,64.2006897,68.0512515,67.9667448,67.9324279,60.5149271,60.6501,60.5848206,556.8918045,555.9483249,532.6954155,297.6760689,301.4271696,287.6952328,259.2157357,254.5211553,245.0001827,365.1388732,371.5316006,350.7931943,215.8606138,222.1965073,210.4696524,149.2782594,149.3350933,140.3235419,191.7529313,184.4167243,181.9022212,81.815455,79.2306624,77.2255804,109.9374763,105.186062,104.6766407,3.7883838,3.7801965,3.6305483,3.879893,3.9309388,3.7604175,3.6884815,3.6159777,3.4890524,3.5904576,3.653684,3.4741637,3.5049214,3.6161334,3.4421508,3.721799,3.711022,3.5233116,4.2326939,4.0636728,3.9756656,5.4057514,5.2006283,5.0272536,3.6441848,3.4891101,3.4441582,14699.9839485,14706.8629892,14672.5885116,7672.2752121,7668.0707765,7650.6193681,7027.7087364,7038.7922127,7021.9691435,66.7528263,66.7749565,66.6193369,70.7981438,70.7477975,70.5867858,62.832492,62.925471,62.7750759,7351.9304885,3187.9806319,4163.9498566,22024.5190001,10838.6,11185.919
2023-11-01,14167.7490882,14199.9308421,14268.3884277,7382.1041873,7398.440779,7444.1777836,6785.6449009,6801.4900631,6824.2106441,9801.1185284,9840.0425704,9879.3035455,5937.9913375,5956.1658978,5993.3256496,3863.1271909,3883.8766726,3885.9778959,4366.6305598,4359.8882717,4389.0848822,1444.1128498,1442.2748812,1450.852134,2922.51771,2917.6133905,2938.2327482,64.1997298,64.3535246,64.6637717,67.9764764,68.1355688,68.5567814,60.5399098,60.6891498,60.8918837,566.238634,581.3258214,537.8573291,303.4706102,313.534718,291.9197669,262.7680238,267.7911034,245.9375622,372.0645356,385.4704281,359.235064,219.7049313,227.9619625,212.886976,152.3596042,157.5084655,146.348088,194.1740985,195.8553933,178.6222651,83.7656789,85.5727555,79.0327909,110.4084196,110.2826379,99.5894742,3.843078,3.9328579,3.6326381,3.948574,4.0655565,3.7734758,3.7280453,3.7880952,3.4785347,3.657307,3.7696928,3.5086557,3.5679729,3.6862427,3.4302237,3.7942997,3.8973882,3.6293715,4.2574526,4.2990872,3.9105455,5.4824829,5.6008697,5.1659304,3.6403267,3.6422201,3.278318,14733.9877223,14781.2566635,14806.2457567,7685.5747975,7711.975497,7736.0975504,7048.4129247,7069.2811665,7070.1482063,66.7655832,66.9880703,67.1013198,70.7709185,71.023051,71.2452019,62.8842636,63.0786283,63.0863648,7259.2602434,3122.3144497,4136.9457938,22065.506,10858.412,11207.094
2023-12-01,14189.816645,14146.961853,14279.4911617,7390.9983883,7377.2011497,7438.8254382,6798.8182567,6769.7607033,6840.6657235,9801.2275906,9749.6367374,9882.8900341,5936.8872609,5929.070131,6008.2463141,3864.3403297,3820.5666064,3874.64372,4388.5890544,4397.3251157,4396.6011277,1454.1111274,1448.1310188,1430.5791241,2934.477927,2949.1940969,2966.0220036,64.1647219,63.9945975,64.5941015,67.9164028,67.8162463,68.3827387,60.5295743,60.2920921,60.9235786,574.6393769,587.2705568,560.7018051,308.840214,308.837141,299.4166856,265.7991629,278.4334158,261.2851195,377.0955422,380.8708675,363.6026208,222.489644,221.5052652,212.26142,154.6058981,159.3656024,151.3412009,197.5438347,206.3996893,197.0991842,86.3505699,87.3318758,87.1552656,111.1932648,119.0678134,109.9439186,3.8920457,3.985756,3.7782649,4.0109959,4.0181577,3.8693114,3.7624,3.9504221,3.6790612,3.7048887,3.7596425,3.5485569,3.6122103,3.6013747,3.4122845,3.8469263,4.0042291,3.75911,4.3074163,4.4833194,4.2906409,5.6054993,5.6876578,5.7424584,3.6508624,3.8806274,3.5742892,14764.4560219,14734.2324098,14840.1929667,7699.8386023,7686.0382907,7738.2421237,7064.6174196,7048.1941191,7101.950843,66.7631752,66.6511497,67.1304684,70.7543572,70.6552872,71.1351803,62.8959723,62.771845,63.2506071,7266.3010334,3139.9788763,4126.3221571,22106.494,10878.221,11228.273
2024-01-01,14208.6387883,14145.5659149,13906.0363489,7401.7190863,7374.8689217,7261.378677,6806.919702,6770.6969932,6644.657672,9804.1178715,9752.859233,9632.2626531,5940.2250163,5919.0384301,5856.6202885,3863.8928553,3833.8208029,3775.6423646,4404.5209167,4392.7066819,4273.773696,1461.49407,1455.8304916,1404.7583886,2943.0268468,2936.8761903,2869.0153074,64.1170775,63.8424385,62.7613823,67.8753823,67.6411655,66.6002504,60.4758399,60.1622347,59.0422898,581.5317997,603.3532981,653.6501594,312.9517993,323.1288483,355.0389525,268.5800005,280.2244499,298.611207,380.047099,399.0204184,439.6594768,224.1037338,227.5752638,252.8730249,155.9433652,171.4451546,186.7864519,201.4847008,204.3328798,213.9906827,88.8480654,95.5535845,102.1659276,112.6366353,108.7792953,111.824755,3.9318803,4.0908306,4.4894522,4.05658,4.19757,4.6614953,3.7959156,3.9742954,4.3007294,3.7317453,3.9305078,4.3651993,3.6354929,3.7024494,4.1390179,3.8793462,4.2804936,4.7139384,4.3743911,4.4448797,4.7683137,5.7308683,6.1592475,6.779765,3.6861597,3.5716218,3.751451,14790.170588,14748.919213,14559.6865083,7714.6708855,7697.9977699,7616.4176294,7075.4997025,7050.9214431,6943.2688789,66.7412641,66.5655212,65.7114672,70.7452188,70.6048536,69.8566131,62.8620295,62.6522189,61.6956529,7597.3084918,3286.5123707,4310.7961212,22156.995,10902.93,11254.065
2024-02-01,14228.0330256,14252.4783928,14335.8363303,7414.9575168,7434.6117153,7471.6736989,6813.0755088,6817.8666775,6864.1626314,9811.3694837,9828.3978827,9939.7972575,5948.2591794,5956.1609522,6014.2790857,3863.1103043,3872.2369305,3925.5181718,4416.6635419,4424.0805101,4396.0390729,1466.6983374,1478.4507631,1457.3946133,2949.9652046,2945.629747,2938.6444596,64.0776044,64.1786798,64.5540393,67.8629532,68.0350063,68.3741648,60.4103207,60.4427771,60.8532069,586.7523783,553.6354356,604.1468368,315.5464045,291.6470833,314.0542819,271.2059737,261.9883523,290.0925549,381.7832374,355.5263213,380.6896541,224.9916714,205.3640749,215.9023739,156.7915659,150.1622464,164.7872802,204.9691409,198.1091143,223.4571827,90.5547331,86.2830084,98.151908,114.4144078,111.8261059,125.3052747,3.9605864,3.7392353,4.0438254,4.0818349,3.7747517,4.0337176,3.8282778,3.7004762,4.0548254,3.7454873,3.4910543,3.6886792,3.6446222,3.3330072,3.4654267,3.9003829,3.7331513,4.028728,4.4349942,4.2860447,4.837263,5.81503,5.5142293,6.3098022,3.7336891,3.6574888,4.0896648,14814.7854039,14806.1138284,14939.983167,7730.5039213,7726.2587987,7785.7279808,7084.2814826,7079.8550298,7154.2551862,66.7201121,66.6716912,67.2745027,70.7508876,70.703903,71.2481125,62.8150555,62.7653956,63.4249791,7267.5138331,3141.8990192,4125.6148139,22207.497,10927.627,11279.87
2024-03-01,14249.7697352,14231.1038984,14267.933542,7429.4099004,7436.1347165,7454.0328441,6820.3598348,6794.9691819,6813.9006979,9824.2806255,9846.8017596,9834.9248747,5959.6210739,5969.5268102,5966.5783646,3864.6595517,3877.2749494,3868.3465101,4425.4891097,4384.3021388,4433.0086674,1469.7888266,1466.6079063,1487.4544796,2955.7002831,2917.6942325,2945.5541878,64.0587303,63.9370347,64.1025017,67.8717634,67.8954093,68.0588277,60.3646137,60.1023663,60.2698179,591.0068943,576.9575887,613.6019679,317.6651655,303.5232359,322.3797211,273.3417288,273.4343527,291.2222467,383.768718,373.2672595,395.4739747,226.0408407,216.6005803,227.0433963,157.7278773,156.6666792,168.4305785,207.2381763,203.6903292,218.1279932,91.6243248,86.9226557,95.3363249,115.6138515,116.7676735,122.7916683,3.9823178,3.8962398,4.1232436,4.1004529,3.9216621,4.1456098,3.8533018,3.8684033,4.0987644,3.7594716,3.6522969,3.865675,3.6542709,3.5013922,3.6657614,3.9212503,3.8837121,4.1724023,4.4733515,4.4396396,4.6897782,5.8680385,5.5951687,6.0233055,3.7643122,3.848052,4.0018849,14840.7766295,14808.0614871,14881.5355098,7747.0750659,7739.6579525,7776.4125652,7093.7015636,7068.4035346,7105.1229446,66.7155557,66.5291707,66.8592724,70.7738102,70.6667193,71.0023062,62.7838655,62.5209279,62.8457157,7376.4624904,3175.9254349,4200.5370555,22257.998,10952.338,11305.66
2024-04-01,14274.7277386,14267.2803868,14259.8973322,7444.7492227,7432.7169018,7439.9978271,6829.9785158,6834.563485,6819.899505,9843.5053019,9826.5946992,9787.16293,5973.065962,5956.9339106,5932.2642547,3870.4393399,3869.6607886,3854.8986753,4431.2224367,4440.6856876,4472.7344023,1471.6832608,1475.7829913,1507.7335725,2959.5391759,2964.9026963,2965.0008298,64.0665577,64.023322,63.9901911,67.9012621,67.7826523,67.8490507,60.3513794,60.3813899,60.2518379,595.6344631,606.8939246,619.0584581,320.1941303,332.1696253,336.4511432,275.4403328,274.7242993,282.607315,387.3694065,386.8076591,396.5716152,227.940559,234.8900511,237.4577369,159.4288475,151.917608,159.1138783,208.2650567,220.0862655,222.486843,92.2535714,97.2795742,98.9934062,116.0114853,122.8066913,123.4934367,4.0055142,4.0801856,4.1606311,4.1235862,4.2778426,4.3265396,3.8764827,3.8643013,3.9789798,3.7862785,3.7872557,3.8941669,3.6758639,3.7935518,3.8487591,3.9561802,3.7775618,3.9639607,4.4889669,4.722099,4.7385806,5.8988042,6.1840881,6.161184,3.7720557,3.9772749,3.9984998,14870.3622017,14874.1743114,14878.9557902,7764.9433531,7764.8865272,7776.4489702,7105.4188486,7109.2877843,7102.50682,66.7398311,66.7467117,66.7681682,70.821654,70.8118727,70.9173164,62.7852383,62.8084996,62.7485917,7405.5492099,3189.0660298,4216.4831801,22284.505,10965.515,11318.99
2024-05-01,14302.1941026,14298.5920116,14384.9326455,7460.4935894,7469.661157,7504.2062716,6841.7005132,6828.9308546,6880.726374,9867.1987951,9858.928684,9870.3184721,5987.5132636,5996.3880224,5999.2806046,3879.6855315,3862.5406616,3871.0378674,4434.9953074,4439.6633275,4514.6141736,1472.9803257,1473.2731345,1504.925667,2962.0149817,2966.390193,3009.6885066,64.0962944,64.087611,64.4745977,67.9456329,68.0379237,68.3525802,60.3669495,60.2605805,60.71764,601.5217118,595.7538942,589.3755749,323.4371054,322.7990183,317.7944711,278.0846064,272.9548759,271.5811038,393.0324311,397.4323415,394.3212414,230.746921,227.9143435,226.7679845,162.2855101,169.517998,167.553257,208.4892807,198.3215527,195.0543335,92.6901844,94.8846748,91.0264866,115.7990963,103.4368779,104.0278468,4.0360519,3.9998661,3.9359119,4.1551899,4.1424532,4.0628284,3.9058006,3.8434141,3.7971117,3.8306391,3.8749839,3.8415498,3.7107955,3.661685,3.6422457,4.0150092,4.2042543,4.1488047,4.4899316,4.2760284,4.1415725,5.9201591,6.0507096,5.7035849,3.7623811,3.3694692,3.3409545,14903.7158144,14894.3459058,14974.3082203,7783.9306948,7792.4601753,7822.0007426,7119.7851196,7101.8857305,7152.3074777,66.7920565,66.757835,67.1162335,70.8913011,70.9781608,71.2472331,62.8205968,62.669218,63.114155,7336.6997798,3156.6722574,4180.0275224,22311.008,10978.673,11332.335
2024-06-01,14331.6347722,14320.7655003,14364.6226551,7477.1619809,7477.109073,7494.9982081,6854.4727913,6843.6564273,6869.6244471,9893.0382841,9892.0653594,9904.4756574,6002.264649,6006.1962131,6007.2248165,3890.7736351,3885.8691464,3897.250841,4438.5964881,4428.7001408,4460.1469978,1474.8973319,1470.9128599,1487.7733917,2963.6991562,2957.7872809,2972.3736062,64.1408527,64.1108266,64.3071651,68.0049374,68.0241433,68.1868924,60.3972608,60.3195495,60.54843,607.2582204,601.3082623,583.8632489,326.3757782,316.5378802,307.1896566,280.8824422,284.7703821,276.6735923,399.0550955,397.8483018,391.1281598,233.5490886,230.5553232,226.8025734,165.5060069,167.2929786,164.3255864,208.2031249,203.4599605,192.7350891,92.8266896,85.9825569,80.3870832,115.3764353,117.4774036,112.3480059,4.0649479,4.0296561,3.9058354,4.1824079,4.061486,3.9372246,3.9364886,3.9948559,3.8715653,3.8772977,3.8663911,3.7989822,3.7452865,3.6967213,3.6381389,4.0802415,4.1274682,4.0458573,4.4805703,4.3923344,4.1422732,5.9211116,5.5226932,5.1262026,3.7471128,3.8200746,3.6420793,14938.8929926,14922.0737626,14948.4859039,7803.5377591,7793.6469532,7802.1878646,7135.3552335,7128.4268094,7146.2980394,66.8586208,66.8027476,66.9209888,70.9733316,70.9038951,70.9815973,62.8722185,62.8294974,62.9870133,7389.0290962,3189.6581355,4199.3709607,22337.5150001,10991.846,11345.669
2024-07-01,14361.5134961,14375.7674538,14367.804867,7494.8195687,7485.4902545,7480.2339454,6866.6939273,6890.2771992,6887.5709216,9918.2924313,9940.0210941,9984.7746383,6015.9613217,6027.0764021,6036.9829319,3902.3311096,3912.944692,3947.7917065,4443.2210648,4435.7463597,4383.0302288,1478.858247,1458.4138524,1443.2510135,2964.3628178,2977.3325073,2939.7792152,64.1885278,64.2585909,64.2229987,68.0749652,67.9970777,67.9493301,60.4233741,60.6367838,60.6129677,611.1247822,630.0187633,617.6614532,328.1138822,350.5895242,346.7311401,283.0109,279.4292391,270.930313,403.8240806,423.8958339,418.9573729,235.4964728,253.3885293,250.907055,168.3276078,170.5073046,168.0503179,207.3007016,206.1229294,198.7040803,92.6174094,97.2009949,95.8240852,114.6832922,108.9219345,102.8799951,4.0816105,4.1985055,4.1217366,4.1942563,4.4740423,4.4299564,3.9583578,3.8973596,3.7847352,3.9122217,4.0901122,4.0269912,3.7670649,4.0345505,3.990322,4.1351442,4.1755677,4.0830119,4.4575794,4.4405156,4.3368748,5.8936586,6.2483972,6.2260825,3.7246371,3.5292597,3.3812526,14972.6382783,15005.7862171,14985.4663201,7822.9334509,7836.0797787,7826.9650854,7149.7048274,7169.7064383,7158.5012346,66.9199391,67.074727,66.9838986,71.0552026,71.1817807,71.0989841,62.9137244,63.0958562,62.9972466,7386.2776801,3181.5819146,4204.6957654,22371.7440001,11008.547,11363.197
2024-08-01,14392.420749,14408.6583485,14331.1724531,7513.8682275,7512.6426943,7470.758627,6878.5525215,6896.0156543,6860.4138261,9942.5998052,9945.7890456,9858.5908406,6028.4027179,5996.1510016,5952.3745721,3914.1970874,3949.638044,3906.2162685,4449.8209437,4462.869303,4472.5816127,1485.4655096,1516.4916927,1518.384055,2964.3554341,2946.3776103,2954.1975577,64.2388025,64.30722,63.961393,68.1562656,68.1401471,67.760256,60.4437641,60.5939925,60.2811659,612.177522,620.4231028,619.1526479,327.9381308,335.6046602,336.0321605,284.2393913,284.8184425,283.1204873,406.6245736,415.7612941,416.6199595,236.0590235,242.405733,245.4514887,170.5655501,173.3555611,171.1684708,205.5529484,204.6618086,202.5326884,91.8791072,93.1989272,90.5806719,113.6738412,111.4628814,111.9520165,4.0799328,4.1281505,4.1413992,4.1819208,4.2761733,4.3043572,3.9682765,3.9663699,3.9633111,3.9290343,4.0125394,4.0546123,3.7682252,3.885606,3.9602836,4.1756539,4.2046042,4.1979966,4.4153908,4.384798,4.3321441,5.8249229,5.7898658,5.6297488,3.6930721,3.6451503,3.6512249,15004.598271,15029.0814513,14950.3251009,7841.8063582,7848.2473545,7806.7907875,7162.7919128,7180.8340968,7143.5343134,66.9711816,67.0762276,66.7247305,71.1309036,71.1841027,70.808089,62.9414551,63.0966386,62.7688924,7455.6478992,3218.4902125,4237.1576867,22405.973,11025.281,11380.692
2024-09-01,14423.8216931,14445.7476433,14415.0150155,7532.9299733,7547.7535056,7531.0605291,6890.8917198,6897.9941377,6883.9544864,9964.3680356,9978.1763288,9911.2694268,6038.5109947,6047.0404473,6009.5957666,3925.857041,3931.1358814,3901.6736602,4459.4536574,4467.5713146,4503.7455888,1494.4189786,1500.7130583,1521.4647626,2965.0346789,2966.8582563,2982.2808262,64.2884072,64.37441,64.2374566,68.2354623,68.355067,68.2038896,60.4649637,60.5181645,60.3949905,611.3134327,605.4787901,583.609467,326.3643985,318.3048814,306.1172115,284.9490343,287.1739087,277.4922555,407.9772208,400.260291,379.8132303,235.8042912,232.7587082,223.3329706,172.1729296,167.5015828,156.4802597,203.336212,205.2184991,203.7962368,90.5601073,85.5461732,82.784241,112.7761047,119.6723259,121.0119958,4.0658992,4.0227871,3.8910866,4.1525916,4.0465614,3.9059623,3.9709498,3.9967598,3.8748072,3.933317,3.856653,3.6907024,3.7582474,3.7064674,3.5831145,4.2013585,4.0867626,3.8559469,4.3608273,4.3917768,4.3291434,5.7136468,5.3929504,5.1603112,3.6641663,3.8772441,3.8994707,15035.1351258,15051.2264334,14998.6244824,7859.2943717,7866.058387,7837.1777406,7175.8407541,7185.1680464,7161.4467418,67.013092,67.0725978,66.8381884,71.1917656,71.2377461,70.976193,62.9652835,63.0376271,62.829513,7441.5775177,3204.8032594,4236.7742582,22440.202,11041.981,11398.221
2024-10-01,14452.9014434,14443.8531329,14431.7051991,7549.4107494,7544.5024729,7541.8669522,6903.490694,6899.35066,6889.8382468,9981.4361619,9965.6967677,9914.81284,6045.3000601,6044.5618541,6025.5887861,3936.1361018,3921.1349136,3889.224054,4471.4652815,4478.1563652,4516.8923591,1504.1106894,1499.9406188,1516.2781662,2967.3545921,2978.2157464,3000.6141929,64.3236363,64.2783475,64.2242865,68.2876478,68.2373397,68.2135024,60.4841041,60.4436125,60.3602765,610.0610173,616.3736194,590.711332,324.8624319,326.3109566,311.2094048,285.1985854,290.0626628,279.5019272,408.8437149,409.698881,387.1893685,235.5756922,233.1361877,220.577565,173.2680227,176.5626933,166.6118034,201.2173024,206.6747385,203.5219636,89.2867398,93.174769,90.6318398,111.9305627,113.4999695,112.8901238,4.0500733,4.0927247,3.9321991,4.125618,4.1458352,3.962898,3.9673239,4.0345804,3.8985725,3.9348672,3.9487543,3.7583895,3.7506823,3.713721,3.5314071,4.2163783,4.3088268,4.1079523,4.306248,4.4115729,4.3115275,5.6035449,5.8485889,5.6401316,3.6349528,3.6710998,3.625822,15062.9624607,15060.2267523,15022.416531,7874.2731814,7870.8134295,7853.076357,7188.6892793,7189.4133228,7169.340174,67.038755,67.0213467,66.8530829,71.2261674,71.1887062,71.0282807,62.9828372,62.9847843,62.8089281,7448.3744691,3203.1906431,4245.1838261,22470.791,11056.267,11414.524
2024-11-01,14479.5485516,14463.2625268,14536.378637,7562.6501502,7545.788995,7594.708345,6916.8984014,6917.4735317,6941.670292,9994.4050422,10018.943718,10061.1477081,6049.272318,6071.45874,6111.0395601,3945.1327242,3947.4849779,3950.1081479,4485.1435094,4444.3188088,4475.230929,1513.3778322,1474.330255,1483.6687849,2971.7656772,2969.9885538,2991.5621441,64.342619,64.2772187,64.6021593,68.3050092,68.1608177,68.6027043,60.5050273,60.5160134,60.7276934,609.1461068,592.7508335,548.675033,324.150359,319.2673732,297.8308395,284.9957478,273.4834603,250.8441935,410.3569372,396.0014576,368.9760373,236.0543054,232.3545336,217.2652332,174.3026318,163.646924,151.7108041,198.7891696,196.7493759,179.6989957,88.0960536,86.9128395,80.5656063,110.693116,109.8365363,99.1333894,4.0371027,3.9369707,3.6372097,4.1100362,4.0593145,3.7735744,3.9572332,3.8031581,3.487573,3.9439339,3.8022424,3.5375998,3.755641,3.6859362,3.4332296,4.2312263,3.9805807,3.6986226,4.2440655,4.2393123,3.8604017,5.500936,5.5668999,5.1504817,3.5910656,3.5663238,3.2074783,15088.6946584,15056.0133603,15085.05367,7886.8005092,7865.0563682,7892.5391845,7201.8941492,7190.9569921,7192.5144855,67.0494752,66.9115051,67.0405652,71.232699,71.0447475,71.2929987,62.9980053,62.908524,62.9221493,7416.3283302,3178.0278156,4238.3005146,22501.382,11070.567,11430.815
2024-12-01,14503.1624137,14510.8564411,14643.6026215,7571.5052004,7596.5253884,7646.805403,6931.6572133,6914.3310527,6996.7972186,10005.3819575,9995.8575152,10124.2158643,6051.4395502,6043.7989437,6112.7002922,3953.9424073,3952.0585715,4011.5155722,4497.7804561,4514.9989259,4519.3867573,1520.0656501,1552.7264446,1534.1051108,2977.714806,2962.2724813,2985.2816465,64.3415839,64.4011855,64.9903314,68.2754145,68.5307132,68.9843054,60.5319675,60.4023478,61.1227574,608.4337678,604.1860459,576.5411722,323.9474797,324.3747199,313.8091095,284.4862881,279.811326,262.7320627,412.5494389,414.4134441,394.9491471,237.1002019,235.3562241,225.386242,175.449237,179.0572199,169.5629051,195.8843289,189.7726018,181.5920252,86.8472778,89.0184958,88.4228675,109.0370511,100.754106,93.1691576,4.0262707,3.9972501,3.788014,4.1029627,4.095175,3.9420212,3.9423591,3.8894327,3.6191336,3.9599938,3.9808132,3.7545675,3.7703539,3.7482148,3.5560613,4.2487914,4.3343549,4.0554825,4.173377,4.0336199,3.8628557,5.4046038,5.4221879,5.4496976,3.5324204,3.2893644,3.0264949,15111.5961815,15115.042487,15220.1437937,7895.4526801,7920.9001083,7960.6145124,7216.1435014,7194.1423787,7259.5292813,67.0408291,67.0826466,67.5491008,71.1965838,71.4570025,71.815279,63.0162961,62.8467291,63.4179373,7311.8272064,3124.2334876,4187.5937188,22531.971,11084.848,11447.123
2025-01-01,14523.3502477,14544.0404078,14356.583117,7575.8732623,7578.5029167,7502.5019261,6947.4769854,6965.5374911,6854.0811909,10014.8982038,10020.295315,9980.0526759,6051.9515822,6048.5965444,6026.2800691,3962.9466216,3971.6987706,3953.7726068,4508.4520439,4523.7450928,4376.5304413,1523.9216801,1529.9063723,1476.2218571,2984.5303638,2993.8387205,2900.3085842,64.3208809,64.4205913,63.590278,68.19992,68.2327549,67.548483,60.5645456,60.7290806,59.7573482,608.9844902,625.7575296,680.3845504,324.8876345,324.1132011,358.3264796,284.0968556,301.6443285,322.0580708,415.4108844,424.8791756,470.0131655,238.9592256,245.7071403,274.0501723,176.4516588,179.1720353,195.9629932,193.5736058,200.878354,210.3713849,85.928409,78.4060607,84.2763073,107.6451968,122.4722933,126.0950776,4.0243921,4.1250222,4.5247457,4.1121056,4.1013406,4.5583806,3.9285619,4.1507745,4.4879016,3.9827284,4.0677078,4.4977053,3.7984838,3.9036429,4.3497747,4.2627369,4.3164927,4.7223007,4.1168131,4.2517326,4.5863503,5.3376653,4.8750516,5.4006028,3.4812123,3.9300408,4.166499,15132.3347379,15169.7979374,15036.9676674,7900.7608968,7902.6161178,7860.8284057,7231.5738411,7267.1818197,7176.1392617,67.0179458,67.1922881,66.6039368,71.1246403,71.1508955,70.7746614,63.0411565,63.3589685,62.5652134,7539.7273327,3246.0115944,4293.7157384,22576.695,11106.84,11469.855
2025-02-01,14539.5257283,14469.214847,14540.7241517,7577.0577277,7542.6542315,7578.3793728,6962.4680006,6926.5606155,6962.3447788,10023.5673403,9982.3445441,10078.7174304,6052.0610313,6012.7031236,6069.1166561,3971.5063089,3969.6414205,4009.6007743,4515.9583881,4486.870303,4462.0067214,1524.9966964,1529.9511079,1509.2627168,2990.9616917,2956.9191951,2952.7440046,64.2825712,63.9624772,64.2785905,68.0952366,67.7756842,68.096698,60.5906297,60.2699487,60.5813167,611.8046463,614.1193929,667.5651549,327.2332596,331.6641336,356.1987915,284.5713867,282.4552593,311.3663634,418.8335296,415.1407088,442.6719911,241.5227467,244.5645799,256.640525,177.3107829,170.5761289,186.0314661,192.9711167,198.9786841,224.8931638,85.7105128,87.0995537,99.5582665,107.2606038,111.8791304,125.3348973,4.0379599,4.0715095,4.3894822,4.1399445,4.2119726,4.4891963,3.9267261,3.9180835,4.2807084,4.010893,3.992703,4.207353,3.8376028,3.9084884,4.057072,4.2737672,4.1199799,4.4339317,4.0979827,4.2463742,4.7983351,5.3212969,5.3863219,6.188275,3.4620048,3.6456984,4.0718546,15151.3303746,15083.33424,15208.2893065,7904.2909873,7874.3183651,7934.5781643,7247.0393873,7209.0158749,7273.7111422,66.9874996,66.6772477,67.2296229,71.0360914,70.7559035,71.2973772,63.0671021,62.7276712,63.2906029,7413.1216936,3194.2718358,4218.8498579,22621.411,11128.85,11492.561
2025-03-01,14551.4899054,14500.2723845,14539.1234871,7576.4721042,7568.0146512,7585.9599029,6975.0178012,6932.2577333,6953.1635842,10031.648544,9978.2785656,9967.428011,6052.4707674,6049.7697123,6045.9160969,3979.1777766,3928.5088533,3921.5119141,4519.8413614,4521.9938189,4571.6954762,1524.0013368,1518.244939,1540.043806,2995.8400246,3003.74888,3031.6516702,64.2310368,63.9732905,64.1446964,67.9798195,67.8694639,68.0303958,60.6009942,60.2004302,60.3819788,616.5179626,616.4300247,654.0427988,330.2874571,329.2379405,348.4271439,286.2305056,287.1920842,305.6156549,422.3438601,422.8100251,447.0727937,244.4255229,239.8674049,250.7061848,177.9183372,182.9426202,196.3666089,194.1741026,193.6199996,206.9700051,85.8619342,89.3705356,97.7209591,108.3121683,104.249464,109.249046,4.0645942,4.0778075,4.3048486,4.1772796,4.1690187,4.3913555,3.9418912,3.9780328,4.21029,4.0400246,4.0650555,4.2927914,3.8816825,3.8136923,3.981598,4.2798707,4.4495872,4.7686353,4.1190807,4.1059342,4.3311256,5.3334923,5.5591985,5.9667274,3.4892673,3.3542316,3.4782712,15168.0078681,15116.7024092,15193.1662858,7906.7595613,7897.2525917,7934.3870467,7261.2483068,7219.4498175,7258.7792391,66.9523793,66.6928985,67.030247,70.9433204,70.8220484,71.1550678,63.0878486,62.6944354,63.0359761,7472.9687143,3216.4519533,4256.516761,22666.135,11150.839,11515.296
2025-04-01,14560.7748657,14604.3169574,14596.8896497,7575.0865268,7584.4667655,7591.8333188,6985.6883389,7019.8501919,7005.0563309,10038.9916897,10043.1151493,10003.2039676,6053.711856,6061.4831314,6036.1225677,3985.2798337,3981.6320179,3967.0813999,4521.783176,4561.2018081,4593.6856822,1521.3746708,1522.9836341,1555.7107511,3000.4085052,3038.218174,3037.9749311,64.1755198,64.3587151,64.3259842,67.8651559,67.9395236,68.0055111,60.6027316,60.8912606,60.7629363,622.8042694,617.0274939,630.6922265,333.8110389,325.4714301,330.4121201,288.9932305,291.5560638,300.2801064,425.9300589,429.9290782,442.0521936,247.3143335,243.6991031,247.4305262,178.6157254,186.2299751,194.6216674,196.8742105,187.0984157,188.6400329,86.4967054,81.772327,82.9815939,110.3775051,105.3260887,105.658439,4.1018278,4.053699,4.1417753,4.2207025,4.1147152,4.1706878,3.9725894,3.9876879,4.1104213,4.070074,4.1051013,4.2320857,3.924985,3.8650604,3.9377486,4.2896303,4.4682376,4.676491,4.1722506,3.9403241,3.944525,5.3795787,5.0956238,5.063891,3.5482192,3.3505521,3.3610293,15183.5791351,15221.3444513,15227.5818761,7908.8975657,7909.9381955,7922.2454388,7274.6815694,7311.4062558,7305.3364373,66.9204828,67.0778492,67.1053365,70.855767,70.8550053,70.9652501,63.1098259,63.4202627,63.3676122,7464.476124,3241.3105613,4223.1655628,22692.058,11163.556,11528.502
2025-05-01,14568.2995791,14598.0365288,14683.0827149,7573.7539661,7567.2737065,7601.40497,6994.545613,7030.7628223,7081.6777448,10045.9456556,10089.6185746,10103.1957336,6055.8502737,6059.3823725,6063.2227054,3990.0953819,4030.2362021,4039.9730282,4522.3539235,4508.4179542,4579.8869814,1517.9036924,1507.891334,1538.1822647,3004.4502311,3000.5266202,3041.7047167,64.1189967,64.2576372,64.6319935,67.7578579,67.7084313,68.0138219,60.5953159,60.9161068,61.3572451,630.6394128,623.1556402,618.0398402,338.08474,337.3797005,333.2814447,292.5546728,285.7759396,284.7583955,429.904276,418.7447822,416.4733932,250.2604316,248.7024328,248.1535602,179.6438444,170.0423494,168.319833,200.7351368,204.410858,201.566447,87.8243084,88.6772677,85.1278845,112.9108284,115.7335902,116.4385625,4.1492331,4.0940002,4.0391797,4.2731501,4.268115,4.2003102,4.0146926,3.9058898,3.8656195,4.1037651,3.9848716,3.9589971,3.9685385,3.9425981,3.9318454,4.3082753,4.0483589,3.9997177,4.2500816,4.3373283,4.2155895,5.4694387,5.554241,5.2440924,3.6220003,3.7138616,3.686931,15198.9389919,15221.1921689,15301.122555,7911.8387061,7904.653407,7934.6864147,7287.1002858,7316.538762,7366.4361403,66.89461,67.0006437,67.3524813,70.7825003,70.7271473,70.9958686,63.1297826,63.3921336,63.8244557,7416.8564452,3241.5785854,4175.2778598,22717.979,11176.265,11541.714
2025-06-01,14576.5855601,14571.2504904,14618.7665398,7574.1875031,7572.4612387,7593.8183932,7002.398057,6998.7892516,7024.9481466,10053.2982969,10034.3071439,10050.2735434,6059.1742765,6042.6863291,6045.7712712,3994.1240204,3991.6208147,4004.5022722,4523.2872633,4536.9433465,4568.4929965,1515.0132266,1529.7749096,1548.0471221,3008.2740367,3007.1684369,3020.4458744,64.0688091,64.0666254,64.2755431,67.6692999,67.6778512,67.8687279,60.5821919,60.5697663,60.7961538,639.607817,656.6684294,638.3887347,343.0793316,360.9232639,350.7435761,296.5284855,295.7451654,287.6451586,434.4756876,438.2643714,431.5899833,253.2918948,268.6995903,264.6574134,181.1837928,169.5647811,166.9325699,205.1321294,218.4040579,206.7987514,89.7874368,92.2236737,86.0861627,115.3446926,126.1803843,120.7125887,4.203468,4.3122664,4.1841924,4.3333052,4.5494236,4.4148888,4.0626315,4.0543392,3.9335588,4.1426874,4.1848783,4.1174929,4.0125664,4.2573785,4.1939689,4.3394116,4.0749151,4.0018022,4.3382812,4.5928097,4.3305993,5.5949277,5.6858048,5.2680013,3.6926623,4.0270136,3.8429322,15216.1933772,15227.9189197,15257.1552744,7917.2668347,7933.3845027,7944.5619692,7298.9265425,7294.534417,7312.5933052,66.8800924,66.9538539,67.0823998,70.734439,70.9035542,71.0034513,63.1476481,63.1292398,63.2855272,7486.7467257,3244.4180308,4242.3286949,22743.902,11188.98,11554.922
2025-07-01,14586.4395318,14611.7946159,14603.3221769,7576.693482,7568.5719255,7562.4850538,7009.7460498,7043.2226904,7040.8371231,10059.242556,10103.5314908,10151.4083614,6063.3890566,6065.68979,6076.8728415,3995.8534994,4037.8417007,4074.5355199,4527.1969758,4508.2631251,4451.9138156,1513.3044254,1502.8821355,1485.6122124,3013.8925504,3005.3809897,2966.3016032,64.0252308,64.1433885,64.1061958,67.5988753,67.5340971,67.4797842,60.5645028,60.8598596,60.8392461,648.656254,647.8765674,635.9836935,348.5844415,347.6981234,344.7915674,300.0718125,300.178444,291.1921261,439.0574575,438.4726711,433.9195905,256.1693851,256.2467434,254.1409158,182.8880723,182.2259277,179.7786747,209.5987965,209.4038964,202.064103,92.4150563,91.45138,90.6506516,117.1837402,117.9525164,111.4134514,4.2576447,4.2456784,4.1733114,4.3983876,4.3921963,4.3604339,4.1050518,4.0877304,3.971508,4.1821767,4.1592914,4.099255,4.0535963,4.0532951,4.0142215,4.3766304,4.3180807,4.2257968,4.4249068,4.4387172,4.3417504,5.7553674,5.7360257,5.7509857,3.7426025,3.7764944,3.6200054,15235.0957858,15259.6711833,15239.3058703,7925.2779235,7916.2700489,7907.2766212,7309.8178623,7343.4011344,7332.0292491,66.8724209,66.9874606,66.8980602,70.708928,70.636595,70.556347,63.1571359,63.4536747,63.3554113,7540.5861299,3299.7613789,4240.824751,22779.8920001,11207.038,11572.854
2025-08-01,14599.1994412,14598.7426836,14515.1047474,7582.370982,7575.012813,7532.0116532,7016.8284592,7023.7298706,6983.0930942,10065.4714658,10056.472048,9966.0345012,6070.396,6058.4695107,6013.8326534,3995.0754658,3998.0025373,3952.2018478,4533.7279754,4542.2706355,4549.0702463,1511.974982,1516.5433023,1518.1789998,3021.7529934,3025.7273333,3030.8912465,63.9927055,63.9849942,63.6184165,67.5551126,67.4829775,67.0998961,60.5427639,60.5973875,60.2467928,655.6479894,647.6805778,645.5435837,353.7576174,346.2460524,346.2437889,301.8903721,301.4345253,299.2997948,442.1285953,441.3089581,441.82857,258.3683223,255.6977936,258.6532867,183.7602729,185.6111645,183.1752833,213.5193942,206.3716197,203.7150137,95.389295,90.5482589,87.5905022,118.1300991,115.8233609,116.1245114,4.2979649,4.2480821,4.258021,4.457559,4.3710988,4.3949297,4.1249074,4.1150547,4.10991,4.2077029,4.2038309,4.245142,4.082445,4.0495885,4.1236168,4.3974036,4.4366229,4.4294699,4.4977516,4.3459079,4.2862238,5.9345163,5.6342937,5.4547369,3.7622451,3.6868213,3.6899882,15254.8474306,15246.4232613,15160.648331,7936.1285994,7921.2588654,7878.255442,7318.7188313,7325.164396,7282.3928889,66.8666089,66.8237207,66.4477768,70.7069151,70.5675551,70.1844535,63.1475415,63.1980207,62.8290085,7655.2366692,3346.816558,4308.4201111,22815.885,11225.072,11590.813
2025-09-01,14613.2091831,14608.6891128,14578.2515593,7589.7966799,7583.8878705,7567.5239401,7023.4125032,7024.8012423,7010.7276192,10071.7992585,10060.322231,9990.6967597,6079.631392,6079.2622416,6041.0865387,3992.1678666,3981.0599894,3949.610221,4541.4099245,4548.3668818,4587.5547997,1510.1652879,1504.6256289,1526.4374014,3031.2446366,3043.7412529,3061.1173982,63.9647681,63.9277482,63.7945532,67.5264988,67.4535762,67.3080301,60.5154553,60.5129702,60.3917373,659.6685075,680.6582746,654.4885967,357.8919416,370.5662761,355.2706136,301.7765659,310.0919985,299.2179831,442.9360685,451.1384393,426.6720274,259.4820876,260.1966688,248.5580592,183.4539809,190.9417706,178.1139682,216.732439,229.5198352,227.8165693,98.4098541,110.3696073,106.7125544,118.322585,119.1502279,121.1040149,4.3192155,4.4518465,4.2965914,4.5030947,4.6586009,4.4841578,4.1197103,4.227628,4.0932997,4.212527,4.291872,4.0957754,4.0933498,4.1043987,3.9518618,4.3934529,4.5767423,4.3150647,4.5549801,4.803794,4.731028,6.1178276,6.8340516,6.5341553,3.7567887,3.7671298,3.8056439,15272.8776906,15289.3473873,15232.7401559,7947.6886215,7954.4541466,7922.7945536,7325.1890691,7334.8932407,7309.9456023,66.8522614,66.9063146,66.6586009,70.7106671,70.7495138,70.467923,63.1156366,63.1841615,62.9692578,7619.1348442,3320.3274464,4298.8073978,22851.8750001,11243.122,11608.753
2025-10-01,14628.8181146,14642.334856,14630.8755401,7598.0124719,7613.8366791,7612.6337363,7030.8056427,7028.4981769,7018.2418038,10079.4678994,10107.8716005,10057.7493953,6089.8257465,6102.0054206,6083.5222778,3989.6421529,4005.8661799,3974.2271175,4549.3502152,4534.4632555,4573.1261449,1508.1867254,1511.8312585,1529.1114585,3041.1634898,3022.631997,3044.0146863,63.9430475,63.9958803,63.9457962,67.5047552,67.6382058,67.6275194,60.4937872,60.4684647,60.3802258,660.3361809,663.2055889,635.6348003,360.5302005,365.19145,348.2357331,299.8059804,298.0141389,287.3990672,441.558252,439.1980859,415.0871006,259.8198546,261.75184,247.7094504,181.7383974,177.4462459,167.3776502,218.7779289,224.007503,220.5476998,100.7103459,103.43961,100.5262828,118.067583,120.567893,120.021417,4.3189843,4.3331079,4.1635894,4.5301033,4.5768914,4.374343,4.0897813,4.0676126,3.9339337,4.1969124,4.1641717,3.963464,4.0918796,4.1131651,3.9125001,4.3567926,4.2417641,4.0413719,4.58834,4.7075524,4.6008074,6.2595891,6.4038554,6.1686276,3.7372253,3.8358328,3.7933011,15289.1542955,15305.5404449,15266.5103403,7958.5426724,7979.0281291,7960.8694694,7330.6116231,7326.5123158,7305.6408709,66.8293987,66.8944908,66.7239056,70.7078959,70.8824171,70.721103,63.0733492,63.0323776,62.8528138,7613.6106598,3295.8405307,4317.7701291,22880.1210001,11256.71,11623.411
2025-11-01,14646.2017399,14604.1987211,14681.2452529,7606.7999414,7569.7824328,7620.2668988,7039.4017985,7034.4162883,7060.9783541,10089.1530102,10036.2127965,10079.4453213,6099.4469723,6052.5860852,6093.0590161,3989.7060379,3983.6267113,3986.3863051,4557.0487297,4567.9859246,4601.7999317,1507.3529691,1517.1963476,1527.2078827,3049.6957606,3050.789577,3074.592049,63.9271959,63.7505009,64.0868258,67.4866794,67.1655912,67.6135326,60.4801428,60.4433126,60.6715474,659.2826676,659.8030084,611.4205642,362.154685,362.5546054,338.6923632,297.1279826,297.248403,272.7282009,439.0055549,443.2292753,413.3605636,260.0710322,259.5852805,242.972037,178.9345228,183.6439948,170.3885266,220.2771126,216.5737331,198.0600006,102.0836528,102.969325,95.7203262,118.1934598,113.6044082,102.3396743,4.307493,4.3226083,3.9981294,4.5445695,4.57059,4.2554856,4.0499799,4.0543098,3.7188317,4.1698228,4.2295121,3.9394664,4.0894771,4.1124562,3.8347671,4.2923951,4.406817,4.099056,4.6108873,4.5265134,4.1263704,6.3428191,6.3554812,5.8980013,3.7309846,3.5900842,3.2213369,15305.4844075,15264.0017295,15292.665817,7968.9546264,7932.3370382,7958.959262,7336.5297811,7331.6646913,7333.706555,66.8048083,66.6306845,66.7558094,70.6996753,70.3824861,70.6187013,63.0329652,62.9974233,63.014968,7615.7011832,3311.3687381,4304.3324451,22908.3670001,11270.328,11638.039
2025-12-01,14663.697384,14661.9117904,14797.2346707,7615.2934114,7616.1723142,7666.8545486,7048.4039727,7045.7394762,7130.3801221,10099.9118191,10085.182732,10211.1731454,6107.2970937,6112.866255,6181.8181084,3992.6147254,3972.316477,4029.355037,4563.7855649,4576.7290585,4586.0615253,1507.9963176,1503.3060592,1485.0364402,3055.7892473,3073.4229992,3101.0250852,63.9078231,63.9236133,64.5135996,67.4620469,67.4957722,67.9449265,60.4659074,60.4644995,61.190861,658.1977446,629.4494669,599.5704762,363.1788645,347.4195769,335.0658461,295.0188802,282.02989,264.5046301,436.3670778,421.478072,401.3115771,260.3721448,259.0630157,247.5753443,175.994933,162.4150563,153.7362328,221.8306668,207.9713949,198.2588991,102.8067197,88.3565613,87.4905018,119.0239472,119.6148337,110.7683973,4.2957985,4.116373,3.8941226,4.551985,4.362599,4.1873179,4.0174573,3.8487823,3.5768594,4.1415673,4.0115321,3.7815044,4.0889709,4.065692,3.8506796,4.2219096,3.9280678,3.6751824,4.6353626,4.3465917,4.1439302,6.3823272,5.5512117,5.5636886,3.7490063,3.7461139,3.448802,15321.8951286,15291.3612573,15396.8051468,7978.4722758,7963.5918911,8001.9203946,7343.4228528,7327.7693662,7394.8847522,66.7764028,66.6679132,67.1276319,70.6793609,70.5746617,70.9143352,62.996776,62.8847985,63.4607633,7539.8078534,3282.0046055,4257.8032479,22936.6130001,11283.925,11652.688
2026-01-01,14681.3349564,14698.3455311,14499.4440273,7624.3105969,7639.9060479,7557.8969772,7057.0243595,7058.4394831,6941.5470501,10110.748384,10151.0870733,10094.3293843,6113.3089106,6143.2994498,6114.0613988,3997.4394734,4007.7876235,3980.2679855,4570.5865724,4547.2584578,4405.1146431,1511.0016863,1496.6065982,1443.8355785,3059.5848861,3050.6518597,2961.2790647,63.8852009,63.9662398,63.1006335,67.437849,67.5837653,66.8583006,60.44483,60.4632413,59.4619299,658.6230055,625.1795894,679.2144768,363.7701048,337.2125912,372.4636078,294.8529006,287.9669982,306.750869,435.1385935,402.3448885,444.6054312,260.630118,234.7999992,261.9791278,174.5084755,167.5448893,182.6263034,223.484412,222.8347009,234.6090457,103.1399868,102.412592,110.4844801,120.3444252,120.4221089,124.1245656,4.2935125,4.0798679,4.4747991,4.5539112,4.227248,4.6966793,4.0105798,3.9198348,4.23204,4.1261451,3.8124554,4.2186942,4.0889961,3.6813474,4.1088059,4.1829016,4.0127317,4.3870031,4.6616834,4.6714958,5.0565305,6.3897729,6.4047131,7.1082194,3.7845,3.7975181,4.0229604,15339.9579619,15323.5251205,15178.658504,7988.0807018,7977.1186392,7930.360585,7351.8772601,7346.4064814,7248.297919,66.7511708,66.6869806,66.0565305,70.6554348,70.5667989,70.1531701,62.9703043,62.929993,62.0895861,7799.6274961,3373.9904151,4425.637081,22978.286,11304.351,11673.935
2026-02-01,14699.5995664,14721.2053163,14793.7857926,7634.5540226,7645.3140113,7681.7331117,7065.0455438,7075.891305,7112.0526808,10121.0050854,10097.4661968,10193.0715865,6118.0982225,6094.0684528,6149.8410064,4002.9068629,4003.397744,4043.2305801,4578.594481,4623.7391195,4600.7142062,1516.4558001,1551.2455585,1531.8921054,3062.1386809,3072.493561,3068.8221008,63.8635206,63.9497571,64.2650509,67.4221887,67.5094539,67.8310409,60.4173142,60.5027837,60.8119834,661.0124943,661.7156579,719.0273646,363.8731596,365.3076539,393.2070823,297.1393347,296.408004,325.8202822,435.8108871,434.6551232,462.1585052,260.5320308,262.1214429,275.1649078,175.2788562,172.5336803,186.9935974,225.2016072,227.0605347,256.8688594,103.3411287,103.186211,118.0421746,121.8604785,123.8743237,138.8266849,4.3032953,4.3016255,4.6350546,4.5493089,4.5602909,4.8694736,4.0360211,4.0205639,4.3805572,4.1282418,4.1269476,4.3373864,4.0844511,4.1238768,4.2827184,4.1950949,4.1316215,4.4204182,4.6879926,4.6808887,5.2879973,6.3798818,6.2369578,7.1543561,3.8272773,3.8754714,4.3279889,15360.6120607,15382.9209742,15512.813157,7998.4271821,8010.6216652,8074.940194,7362.1848785,7372.299309,7437.8729631,66.7353393,66.8242878,67.3885468,70.6356214,70.7351841,71.3031279,62.9583255,63.037236,63.597927,7507.1418431,3249.8648061,4257.277037,23019.955,11324.805,11695.15
2026-03-01,14720.5774199,14741.5517736,14781.2045316,7647.4326965,7660.0953746,7677.7745881,7073.1447234,7081.456399,7103.4299435,10131.0116479,10157.5353851,10149.1188532,6122.7792486,6128.9552465,6125.6142123,4008.2323992,4028.5801386,4023.5046409,4589.5657721,4584.0163885,4632.0856785,1524.6534479,1531.140128,1552.1603758,3064.9123242,3052.8762605,3079.9253027,63.8552951,63.9224218,64.0943644,67.4311815,67.5181193,67.6739486,60.3924109,60.4406257,60.6281711,665.4043216,658.8827372,696.2891368,363.8194069,365.6807899,385.8729123,301.5849147,293.2019473,310.4162245,438.4590761,439.7509678,462.8999313,260.1550826,265.1847907,276.2304505,178.3039934,174.5661771,186.6694808,226.9452455,219.1317694,233.3892056,103.6643243,100.4959992,109.6424618,123.2809213,118.6357702,123.7467437,4.324744,4.2783386,4.4987202,4.5413551,4.5563293,4.7853395,4.0894369,3.9758038,4.1869796,4.1483541,4.1496564,4.3620346,4.0757913,4.1473097,4.3148571,4.2589859,4.1532263,4.433771,4.7118183,4.562253,4.7968433,6.3663448,6.1592164,6.5978021,3.8667958,3.7406691,3.8626533,15385.9817415,15400.4345108,15477.4936683,8011.2521034,8025.7761645,8063.6475003,7374.7296381,7374.6583463,7413.846168,66.7417029,66.7794739,67.1136183,70.6391564,70.7413271,71.0751351,62.967424,62.9431206,63.2775909,7584.1353318,3281.5964997,4302.5388321,23061.629,11345.244,11716.385
2026-04-01,14745.5181347,14702.9528437,14695.9660492,7662.9261148,7667.8393907,7675.2665933,7082.5920199,7035.1134529,7020.6994559,10142.7666593,10137.0308949,10095.7793881,6128.7007619,6132.1874481,6105.9536204,4014.0658974,4004.8434468,3989.8257678,4602.7514754,4565.9219488,4600.1866611,1534.2253529,1535.6519426,1569.3129729,3068.5261225,3030.2700062,3030.8736882,63.8680386,63.677283,63.6470238,67.4670759,67.5037916,67.5691769,60.3827606,59.9719714,59.8490969,671.1172558,691.2754585,706.1974273,363.9735931,367.5324997,373.6409423,307.1436627,323.7429589,332.556485,442.5766459,449.5705621,462.6851042,259.6958867,259.7889487,264.3091706,182.8807591,189.7816135,198.3759336,228.5406099,241.7048964,243.5123231,104.2777063,107.743551,109.3317717,124.2629036,133.9613454,134.1805514,4.3532018,4.4904846,4.5850534,4.5344231,4.5739327,4.6421324,4.1563552,4.3993651,4.5225746,4.1810325,4.2465995,4.3821249,4.0651184,4.0642977,4.1491094,4.3574716,4.5243999,4.736542,4.7304242,5.0275303,5.0274041,6.3642058,6.5561547,6.5130977,3.8919861,4.2336141,4.2394392,15416.6353904,15394.2283022,15402.1634764,8026.8997079,8035.3718904,8048.9075355,7389.7356826,7358.8564118,7353.2559409,66.7748841,66.6711404,66.705507,70.6716265,70.7393624,70.8585234,63.0013192,62.731771,62.6840289,7687.6295237,3310.2164645,4377.4130592,23089.793,11359.124,11730.669
2026-05-01,14775.0700517,14746.9469349,14830.7316074,7680.2981003,7666.4562106,7699.9664845,7094.7719514,7080.4907244,7130.765123,10157.8173338,10144.200664,10158.4275123,6136.4480774,6134.6268265,6139.0278891,4021.3692563,4009.5738375,4019.3996232,4617.2527179,4602.7462709,4672.3040953,1543.8500228,1531.8293841,1560.9385954,3073.4026951,3070.9168868,3111.3654999,63.9033655,63.7900066,64.1524291,67.5221871,67.4092042,67.7038516,60.398978,60.2854208,60.7134721,676.5385224,674.1079888,668.2354507,364.2905838,365.5265091,360.8732873,312.2479386,308.5814796,307.3621635,447.0605001,443.9868421,441.6955523,259.3030671,259.5666806,259.0970424,187.757433,184.4201615,182.5985099,229.4780223,230.1211467,226.5398985,104.9875167,105.9598285,101.7762449,124.4905056,124.1613181,124.7636536,4.3784343,4.3713481,4.3114838,4.5283929,4.5508876,4.4768696,4.2155677,4.1761871,4.132252,4.215612,4.193228,4.1668908,4.054302,4.0594123,4.0495777,4.4607218,4.3972443,4.3455162,4.7346972,4.7615862,4.6243542,6.3673657,6.4696866,6.1210884,3.8928913,3.8860181,3.855336,15451.6085741,15421.0549237,15498.9670581,8044.5886841,8031.9827197,8060.8397717,7407.0198901,7389.072204,7438.1272864,66.829449,66.7059561,67.0429761,70.724888,70.6231861,70.8769188,63.0571969,62.9127761,63.3304457,7618.990942,3312.1712284,4306.8197137,23117.958,11373.011,11744.947
2026-06-01,14807.398734,14823.2894544,14873.7516495,7696.8832296,7706.3120284,7729.5895609,7110.5155044,7116.977426,7144.1620887,10176.0349979,10173.4991317,10190.8498692,6145.4548384,6142.2828767,6145.5498075,4030.5801595,4031.216255,4045.3000617,4631.3637361,4649.7903227,4682.9017804,1551.4283912,1564.0291517,1584.0397534,3079.9353449,3085.761171,3098.862027,63.9518945,64.042216,64.2602318,67.5715215,67.6770569,67.8814809,60.446782,60.522468,60.7536452,680.7977333,686.8419279,668.6451071,364.7037619,360.5818855,350.1281084,316.0939714,326.2600424,318.5169987,451.0660416,457.338115,451.174549,259.0533509,254.8226032,251.4376536,192.0126907,202.5155118,199.7368954,229.7316917,229.5038129,217.4705582,105.650411,105.7592822,98.6904549,124.0812807,123.7445306,118.7801033,4.3955908,4.4283437,4.3020721,4.5239698,4.4698975,4.3334201,4.2562353,4.3833083,4.2681321,4.2444881,4.3019953,4.2395557,4.0448594,3.9834047,3.9305635,4.5472698,4.7833808,4.7051863,4.7259243,4.7036273,4.4378374,6.3757023,6.3336935,5.8649006,3.8726791,3.8555635,3.6915262,15488.1964673,15510.1313822,15542.3967565,8061.5869915,8066.8939139,8079.7176693,7426.6094759,7443.2374684,7462.6790873,66.892202,67.0096329,67.1490315,70.7732835,70.8436976,70.9563162,63.1339097,63.2969693,63.4623,7603.7252436,3307.1723308,4296.5529128,23146.122,11386.89,11759.232
